Order_ID,Order_Date,Customer_ID,Product,Category,Region,City,Quantity,Unit_Price,Sales,Discount_Percent,Cost_Per_Unit,Delivery_Cost,Return_Status,Payment_Method,Payment_Status,Order_Status
ORD101240,2025-02-26,CUST1382,Blender,Home Appliances,South,Bengaluru,2,3079.48,6158.96,5.0,2234.47,239.75,No,Net Banking,Paid,Cancelled
ORD105079,2026-05-18,CUST1255,Coffee Maker,Home Appliances,East,Kolkata,4,5035.35,20141.4,0.0,3123.68,167.27,No,Net Banking,Paid,Delivered
ORD100562,2025-08-20,CUST1794,Jacket,Fashion,South,Bengaluru,1,5128.57,5128.57,10.0,3393.61,43.26,No,Debit Card,Paid,Delivered
ORD104670,2025-03-17,CUST1084,Mixer,Home Appliances,West,Pune,1,4357.93,4357.93,20.0,,321.66,No,Cash,Pending,Cancelled
ORD104677,2025-05-20,CUST1276,Desk,Furniture,South,Hyderabad,3,11280.68,33842.04,0.0,9572.28,296.85,No,Debit Card,Failed,Delivered
ORD102538,2026-02-16,CUST1611,Laptop,Electronics,East,Kolkata,1,49755.61,49755.61,5.0,40539.98,222.95,No,UPI,Paid,Delivered
ORD105378,2025-06-05,CUST1128,Backpack,Accessories,North,Lucknow,1,1630.79,1630.79,15.0,1304.55,298.15,No,Net Banking,Paid,Delivered
ORD102740,2025-02-23,CUST1671,Mixer,Home Appliances,West,Ahmedabad,4,3793.57,15174.28,5.0,3029.9,209.99,No,Net Banking,Paid,Delivered
ORD104671,2025-04-18,CUST1782,Headphones,Electronics,Central,Nagpur,1,3515.21,3515.21,20.0,2061.69,244.06,No,Cash,Failed,Cancelled
ORD101789,2026-06-20,CUST1029,Coffee Maker,Home Appliances,North,Lucknow,1,5737.55,5737.55,25.0,3178.56,172.55,Yes,Credit Card,Paid,Returned
ORD104981,2025-09-29,CUST1195,Blender,Home Appliances,South,Chennai,1,3129.02,3129.02,25.0,1967.38,239.01,Yes,Debit Card,Paid,Returned
ORD102291,2025-11-08,CUST1532,Smartphone,Electronics,Central,Nagpur,1,28268.56,28268.56,5.0,23621.72,170.34,No,Cash,Paid,Delivered
ORD105570,2026-05-31,CUST1615,Smartwatch,Electronics,North,Delhi,2,6876.69,13753.38,10.0,5193.53,413.33,No,Debit Card,Paid,Cancelled
 ORD101625 ,2026-06-12,CUST1308,Smartwatch,Electronics,East,Kolkata,4,7459.26,29837.04,25.0,4837.01,323.02,No,Cash,Failed,Delivered
ORD100561,2026-05-11,CUST1655,Backpack,Accessories,South,Hyderabad,2,1664.08,3328.16,10.0,1208.11,498.16,No,Credit Card,Paid,Delivered
ORD102649,2026-07-31,CUST1005,Jacket,Fashion,North,,4,4327.98,17311.92,10.0,3797.68,266.41,No,Debit Card,Failed,Cancelled
ORD102519,2025-07-31,CUST1035,Smartphone,Electronics,East,Patna,1,29954.36,29954.36,20.0,22587.7,214.93,No,Credit Card,Paid,Delivered
ORD100764,2025-12-02,CUST1068,T-Shirt,Fashion,North,Jaipur,1,793.49,793.49,15.0,609.43,477.28,No,Net Banking,Pending,Delivered
ORD104882,2025-10-19,CUST1477,Headphones,Electronics,East,Patna,4,3436.13,13744.52,30.0,2610.96,463.26,No,UPI,Paid,Cancelled
ORD104931,2026-04-27,CUST1623,Desk,Furniture,East,Bhubaneswar,2,12405.34,24810.68,10.0,"8,468.70",171.77,Yes,UPI,Failed,Returned
ORD100209,2026-04-10,CUST1286,T-Shirt,Fashion,west,Delhi,2,936.47,1872.94,15.0,549.85,363.7,No,UPI,Pending,Cancelled
ORD103518,2025-07-18,CUST1375,Smartwatch,Electronics,East,Bhubaneswar,2,6499.71,12999.42,30.0,5173.52,199.43,No,Net Banking,Paid,Cancelled
ORD103036,2025-10-21,CUST1611,laptop,Fashion,North,Lucknow,2,1016.52,2033.04,30.0,765.86,214.42,No,UPI,Paid,Delivered
ORD104743,2026-01-04,CUST1667,Backpack,Accessories,West,Ahmedabad,1,1722.75,1722.75,15.0,1188.46,402.84,No,Net Banking,Paid,Delivered
ORD101113,2025-02-27,CUST1542,Coffee Maker,Home Appliances,Central,Bhopal,2,5154.29,10308.58,5.0,3246.88,151.94,No,Credit Card,Paid,Delivered
ORD103896,2025-08-09,CUST1682,Jacket,Fashion,West,Pune,2,4851.97,9703.94,5.0,3470.05,399.49,No,Credit Card,Paid,Delivered
ORD102995,2026-01-10,CUST1531,Mixer,Home Appliances,Central,Nagpur,2,4287.3,8574.6,10.0,2902.6,N/A,No,Credit Card,Paid,Delivered
ORD102434,2025-12-20,CUST1388,Laptop,Electronics,South,Chennai,3,53291.72,159875.16,5.0,45255.76,453.25,No,Debit Card,Failed,Delivered
ORD104409,2026-05-25,CUST1431,Coffee Maker,Home Appliances,South,Chennai,4,5990.68,23962.72,30.0,5087.26,240.38,No,,Failed,Delivered
ORD105437,2025-04-16,CUST1498,Coffee Maker,Home Appliances,Central,Bhopal,1,5659.18,5659.18,30.0,4054.07,381.7,No,Debit Card,Paid,Delivered
ORD100016,2026-07-05,CUST1338,Jacket,Fashion,West,Mumbai,1,4785.05,4785.05,30.0,2989.43,336.78,Yes,Debit Card,Pending,Returned
ORD104997,2025-07-23,CUST1457,Blender,Home Appliances,South,Chennai,1,3260.71,3260.71,5.0,2341.37,291.91,No,Credit Card,Paid,Delivered
ORD105665,2026-04-23,CUST1066,Smartwatch,Electronics,South,Bengaluru,1,7047.95,7047.95,15.0,5153.3,413.51,No,UPI,Paid,Delivered
ORD103669,2025-11-24,CUST1349,Microwave,Home Appliances,South,Chennai,2,10513.61,21027.22,15.0,6015.05,68.82,No,Debit Card,Paid,Delivered
ORD105962,2025-04-28,CUST1187,Mixer,Home Appliances,West,Mumbai,2,4559.78,9119.56,15.0,3454.94,185.18,No,Credit Card,Paid,Delivered
ORD100301,2026-07-02,CUST1622,Tablet,Electronics,Central,Bhopal,4,19205.8,76823.2,0.0,15811.72,139.39,No,UPI,Paid,Delivered
ORD100361,2025-05-26,CUST1388,Desk,Furniture,North,Delhi,1,10317.57,10317.57,20.0,6736.29,154.9,No,UPI,Failed,Delivered
ORD105281,2026-04-07,CUST1359,T-Shirt,Fashion,West,Pune,2,862.41,1724.82,10.0,717.47,180.79,No,UPI,Failed,Delivered
ORD105947,2025-05-06,CUST1608,Backpack,Accessories,Central,Bhopal,3,1572.29,4716.87,20.0,899.88,331.62,No,Cash,Paid,Cancelled
ORD103607,2025-10-04,CUST1739,Coffee Maker,Home Appliances,North,Delhi,2,6167.62,12335.24,5.0,4397.85,492.79,No,Debit Card,Paid,Delivered
ORD102343,2026-06-07,CUST1629,Office Chair,Furniture,West,Mumbai,3,8592.41,25777.23,5.0,5342.53,493.52,No,Cash,Paid,Delivered
ORD101261,2026-02-05,CUST1050,Smartphone,Electronics,South,Hyderabad,4,26575.0,106300.0,25.0,19472.1,471.49,,UPI,Paid,Delivered
ORD102959,2025-11-07,CUST1062,Shoes,Fashion,East,Patna,4,2803.25,11213.0,0.0,1753.36,459.53,No,Credit Card,Pending,Delivered
ORD103599,2026-04-01,CUST1651,Shoes,Fashion,East,Kolkata,2,3637.9,7275.8,0.0,2351.45,247.4,No,UPI,Paid,Delivered
ORD104034,2026-07-13,CUST1408,T-Shirt,Fashion,West,Mumbai,1,1033.1,1033.1,20.0,641.04,146.15,No,UPI,Paid,Delivered
ORD105756,2025-09-24,CUST1491,Coffee Maker,Home Appliances,North,Jaipur,1,5384.44,5384.44,10.0,3529.36,413.48,No,Cash,Paid,Delivered
ORD100974,2025-04-30,CUST1743,Backpack,Accessories,East,Patna,2,1954.54,3909.08,5.0,1571.26,112.09,No,UPI,Paid,Delivered
ORD101633,2025-11-05,CUST1278,Laptop,Electronics,West,Mumbai,1,52105.31,52105.31,5.0,30629.43,424.37,No,Credit Card,Pending,Delivered
ORD104692,2025-09-29,CUST1636,T-Shirt,Fashion,West,Pune,2,826.2,1652.4,0.0,551.14,214.44,No,Net Banking,Pending,Delivered
ORD105897,2025-11-30,CUST1596,Desk,Furniture,South,Bengaluru,2,13110.01,26220.02,5.0,11190.19,226.37,No,UPI,Paid,Delivered
ORD101370,2025-07-29,CUST1396,Office Chair,Furniture,North,Lucknow,5,9597.99,47989.95,5.0,7681.79,316.66,No,UPI,Paid,Cancelled
ORD104061,2025-05-15,CUST1038,Blender,Home Appliances,West,Mumbai,1,3066.45,3066.45,25.0,2264.59,145.54,No,Credit Card,Paid,Cancelled
ORD100524,2026-07-19,CUST1224,Mixer,Home Appliances,East,Bhubaneswar,1,3894.42,3894.42,5.0,3297.82,101.43,No,Debit Card,Paid,Cancelled
ORD105616,2025-12-18,CUST1046,Mixer,Home Appliances,Central,Bhopal,3,4728.86,14186.58,30.0,3500.98,218.03,No,Debit Card,Paid,Cancelled
ORD104696,2026-06-05,CUST1619,T-Shirt,Fashion,West,Ahmedabad,1,793.06,793.06,15.0,607.0,210.56,No,Net Banking,Failed,Delivered
ORD101872,2026-02-24,CUST1786,Blender,Home Appliances,North,Delhi,1,3222.9,3222.9,10.0,2731.28,61.73,No,UPI,Pending,Delivered
ORD101787,2026-07-10,CUST1773,Bookshelf,Furniture,South,Hyderabad,4,7276.63,29106.52,,5948.11,359.31,No,UPI,Paid,Delivered
ORD104351,04/04/2025,CUST1189,Microwave,Home Appliances,North,Delhi,3,10068.45,30205.35,5.0,6013.49,376.78,No,Net Banking,Pending,Delivered
ORD103887,2025-05-13,CUST1505,Office Chair,Furniture,East,Kolkata,5,8815.32,44076.6,15.0,6646.49,402.76,No,UPI,Failed,Cancelled
ORD100433,2026-06-03,CUST1542,Headphones,Electronics,North,Lucknow,2,3809.81,7619.62,15.0,3223.13,429.22,No,UPI,Paid,Delivered
ORD100736,2025-03-11,CUST1454,Mixer,Home Appliances,Central,Indore,1,4063.88,4063.88,20.0,2529.26,237.29,No,UPI,Pending,Cancelled
ORD103610,2025-01-14,CUST1435,Coffee Maker,Home Appliances,west,Jaipur,1,5731.74,5731.74,0.0,4373.39,365.07,No,Debit Card,Paid,Delivered
ORD104509,2025-04-24,CUST1326,Blender,Home Appliances,Central,Indore,5,2945.43,14727.15,15.0,1711.12,199.09,No,Cash,Pending,Cancelled
ORD102580,2025-01-27,CUST1495,Office Chair,Furniture,North,Lucknow,2,9609.24,19218.48,25.0,8122.94,444.7,No,UPI,Paid,Cancelled
ORD103123,2026-01-21,CUST1745,Smartwatch,Electronics,West,Mumbai,5,6527.09,32635.45,15.0,5600.35,479.34,Yes,Credit Card,Paid,Returned
ORD102705,2026-03-21,CUST1296,Microwave,Home Appliances,West,Pune,3,9556.24,28668.72,5.0,6566.5,335.92,No,UPI,Paid,Delivered
ORD104487,2026-06-30,CUST1723,Jacket,Fashion,West,Pune,2,5032.24,10064.48,,4127.0,56.58,No,Cash,Paid,Delivered
ORD103637,2025-01-31,CUST1452,Laptop,Electronics,North,Delhi,5,54003.0,270015.0,10.0,31369.48,167.11,No,Net Banking,Failed,Delivered
ORD103946,2026-04-03,CUST1723,Shoes,Fashion,South,Chennai,5,3214.46,16072.3,15.0,2226.47,475.89,No,UPI,Failed,Delivered
ORD102677,2025-06-30,CUST1543,Headphones,Electronics,Central,Indore,3,3614.06,10842.18,5.0,2850.66,54.37,Yes,Credit Card,Pending,Returned
ORD102113,2026-01-17,CUST1504,Backpack,Accessories,Central,Indore,1,1973.18,1973.18,30.0,1410.61,181.11,No,UPI,Paid,Cancelled
ORD100402,2025-10-18,CUST1520,Smartwatch,Electronics,North,Delhi,2,6388.54,12777.08,5.0,3966.79,59.3,No,Debit Card,Pending,Delivered
ORD100106,2025-02-07,CUST1328,T-Shirt,Fashion,South,Hyderabad,1,853.84,853.84,0.0,624.83,80.01,No,Net Banking,Paid,Delivered
ORD101091,2025-01-16,CUST1111,Mixer,Home Appliances,North,Delhi,2,4669.72,9339.44,15.0,2977.94,109.5,No,Debit Card,Paid,Delivered
ORD104532,2026-06-03,CUST1001,Office Chair,Furniture,North,Jaipur,1,8289.54,8289.54,30.0,5036.39,86.67, YES ,Cash,Paid,Delivered
ORD100770,2026-07-14,CUST1800,Bookshelf,Furniture,East,Patna,4,6238.54,24954.16,10.0,4531.01,418.95,Yes,Cash,Paid,Returned
ORD101419,2025-06-25,CUST1740,Backpack,Accessories,North,Jaipur,3,1998.42,5995.26,15.0,1177.71,152.67,Yes,Debit Card,Paid,Returned
ORD103843,2025-04-13,CUST1411,Bookshelf,Furniture,North,Lucknow,1,6697.15,6697.15,10.0,4077.27,98.28,Yes,Net Banking,Pending,Returned
ORD104920,2026-01-19,CUST1408,Smartwatch,Electronics,West,Ahmedabad,5,7743.41,38717.05,30.0,4408.15,490.89,No,Net Banking,Failed,Delivered
ORD100748,2025-12-17,CUST1416,Laptop,Electronics,west,Jaipur,2,54121.7,108243.4,20.0,31798.74,229.04,No,Cash,Paid,Cancelled
ORD101311,2026-02-22,CUST1625,Tablet,Electronics,West,Ahmedabad,1,23560.86,23560.86,20.0,20221.54,137.99,Yes,Credit Card,Failed,Returned
ORD102648,2026-05-13,CUST1328,Smartwatch,Electronics,East,Bhubaneswar,3,6817.0,20451.0,5.0,4218.55,435.31,Yes,Debit Card,Paid,Returned
ORD102443,2026-05-23,CUST1681,Headphones,Electronics,South,Bengaluru,5,3316.21,16581.05,0.0,2909.14,141.65,No,Net Banking,Pending,Delivered
ORD105148,2025-07-27,CUST1295,Bookshelf,Furniture,North,Delhi,1,6698.66,6698.66,0.0,4089.3,163.16,No,Debit Card,Pending,Delivered
ORD101583,2026-03-08,CUST1069,Backpack,Accessories,East,Bhubaneswar,4,1580.54,6322.16,30.0,888.72,433.46,No,Cash,Failed,Cancelled
ORD102576,2025-10-31,CUST1670,T-Shirt,Fashion,Central,Nagpur,2,877.17,1754.34,10.0,765.32,72.3,No,Cash,Paid,Cancelled
ORD103882,2025-08-22,CUST1439,Smartwatch,Electronics,East,Kolkata,1,7318.45,7318.45,15.0,5070.35,404.66,No,UPI,Paid,Delivered
ORD103975,2025-07-05,CUST1305,Desk,Furniture,South,Chennai,4,11514.35,46057.4,5.0,8916.55,164.85,No,Debit Card,Paid,Cancelled
ORD102444,2025-07-28,CUST1342,Mixer,Home Appliances,South,Hyderabad,1,4249.34,4249.34,25.0,3544.9,489.01,No,Net Banking,Paid,Delivered
ORD100323,2025-05-18,CUST1339,Coffee Maker,Home Appliances,West,,5,4893.86,24469.3,10.0,2700.26,471.67,No,Cash,Pending,Delivered
ORD101619,2025-12-25,CUST1318,Desk,Furniture,West,Ahmedabad,2,12134.32,24268.64,30.0,10042.42,118.35,No,,Failed,Delivered
ORD100325,2025-10-15,CUST1189,Headphones,Electronics,Central,Bhopal,2,3493.86,6987.72,25.0,2849.09,368.95,No,Debit Card,Paid,Delivered
ORD105013,2026-06-18,CUST1687,Shoes,Fashion,North,Lucknow,2,2727.62,5455.24,15.0,2028.69,294.71,No,UPI,Paid,Delivered
ORD100724,2025-10-15,CUST1047,Laptop,Electronics,North,Jaipur,3,51327.54,153982.62,20.0,39964.87,440.65,No,Debit Card,Paid,Delivered
ORD104093,2025-01-11,CUST1130,T-Shirt,Fashion,South,Hyderabad,1,917.32,917.32,0.0,636.31,66.29,No,Debit Card,Paid,Delivered
ORD100322,2026-05-16,CUST1598,Headphones,Electronics,West,Pune,1,3353.45,3353.45,10.0,2293.71,46.3,Yes,Credit Card,Paid,Returned
ORD102762,2025-06-07,CUST1110,Backpack,Accessories,East,Patna,3,1899.78,5699.34,0.0,1212.24,162.86,No,Net Banking,Paid,Delivered
ORD100174,2026-02-18,CUST1725,Bookshelf,Furniture,South,Hyderabad,4,5710.27,22841.08,10.0,4177.24,218.78,Yes,UPI,Failed,Returned
ORD101906,2025-08-16,CUST1473,Mixer,Home Appliances,Central,Nagpur,1,3723.02,3723.02,20.0,2523.08,,No,Net Banking,Failed,Delivered
ORD101429,2025-04-21,CUST1381,Smartphone, Electronics ,Central,Nagpur,1,25598.58,25598.58,30.0,14466.4,133.51,No,UPI,Paid,Delivered
ORD103226,2025-12-04,CUST1138,Coffee Maker,Home Appliances,South,Chennai,1,5005.43,5005.43,10.0,3173.91,270.81,Yes,Debit Card,Paid,Returned
ORD100410,2025-02-04,CUST1518,Jacket,Fashion,South,Hyderabad,4,4669.2,18676.8,10.0,2819.78,124.85,No,Net Banking,Failed,Delivered
ORD101193,2026-07-14,CUST1399,Smartwatch,Electronics,South,Hyderabad,2,7464.53,14929.06,25.0,6280.99,116.84,No,Net Banking,Paid,Delivered
ORD100541,2025-04-19,CUST1372,Coffee Maker,Home Appliances,West,Mumbai,1,5623.06,5623.06,5.0,4045.09,89.32,No,Net Banking,Pending,Cancelled
ORD105220,2026-07-15,CUST1102,Mixer,Home Appliances,South,Chennai,1,3693.91,3693.91,30.0,2382.89,401.88,No,Debit Card,Paid,Delivered
ORD100167,2026-03-12,CUST1422,Coffee Maker,Home Appliances,Central,Bhopal,1,4884.88,4884.88,5.0,unknown,379.18,No,Net Banking,Paid,Delivered
ORD105700,2026-04-23,CUST1023,Backpack,Accessories,West,Mumbai,4,1755.85,7023.4,25.0,1068.89,unknown,No,Credit Card,Paid,Delivered
ORD103062,2025-05-14,CUST1163,Blender,Home Appliances,South,Chennai,2,2762.85,5525.7,15.0,1835.6,316.47,No,Net Banking,Paid,Cancelled
ORD102825,2025-01-30,CUST1107,Laptop,Electronics,South,Chennai,2,62181.94,124363.88,20.0,47789.74,224.91,No,Debit Card,Paid,Delivered
ORD104624,2026-07-21,CUST1147,Microwave,Home Appliances,South,Hyderabad,1,9944.49,9944.49,10.0,6162.93,213.89,No,Cash,Paid,Delivered
ORD104184,2025-10-22,CUST1693,Microwave,Home Appliances,East,Patna,3,10318.39,30955.17,25.0,7082.6,186.67,Yes,Credit Card,Paid,Returned
ORD101508,2026-06-07,CUST1660,T-Shirt,Fashion,South,Hyderabad,1,1006.77,1006.77,30.0,606.1,378.7,Yes,Cash,Paid,Returned
ORD102802,2026-07-23,,Smartphone,Electronics,East,Kolkata,3,26550.46,79651.38,25.0,23344.64,107.6,No,UPI,Failed,Delivered
ORD103871,2025-01-28,CUST1663,Headphones,Electronics,North,Lucknow,1,3474.08,3474.08,30.0,2891.23,94.93,Yes,Cash,Paid,Returned
ORD102484,2025-11-09,CUST1432,Jacket,Fashion,Central,Bhopal,1,4354.35,4354.35,20.0,2948.8,309.82,No,,Pending,Delivered
ORD105839,2026-01-20,CUST1653,T-Shirt,Fashion,East,Patna,3,874.48,2623.44,15.0,637.14,87.51,No,UPI,Failed,Delivered
ORD100115,2025-05-10,CUST1687,Smartwatch,Electronics,North,Jaipur,1,6897.91,6897.91,30.0,4993.52,419.92,No,Cash,Paid,Cancelled
ORD105809,2025-11-09,CUST1112,Backpack,Accessories,Central,Indore,1,2061.48,2061.48,10.0,1737.6,328.57,No,Cash,Pending,Delivered
ORD104125,2025-12-05,CUST1214,Bookshelf,Furniture,West,Mumbai,1,5849.72,5849.72,25.0,3376.76,402.37,No,UPI,Paid,Delivered
ORD104485,2026-01-13,CUST1358,Headphones,Electronics,North,Lucknow,5,3198.75,15993.75,10.0,1857.4,438.41,Yes,UPI,Paid,Returned
ORD104844,2025-12-07,CUST1461,Coffee Maker,Home Appliances,East,Bhubaneswar,2,5023.94,10047.88,0.0,3666.96,422.53,No,Net Banking,Paid,Cancelled
ORD101186,2025-05-22,CUST1790,Bookshelf,Furniture,East,Patna,5,6647.71,33238.55,15.0,4508.35,417.51,No,Debit Card,Paid,Delivered
ORD105348,02/01/2025,CUST1710,Tablet,Electronics,South,Bengaluru,1,20236.59,20236.59,10.0,17735.67,177.36,No,Debit Card,Paid,Delivered
ORD104089,2026-06-12,CUST1703,Mixer,Home Appliances,East,Kolkata,2,4443.09,8886.18,10.0,2941.34,191.63,No,Net Banking,Paid,Delivered
ORD103738,19/09/2025,CUST1564,Smartwatch,Electronics,South,Bengaluru,5,7906.61,39533.05,15.0,6856.92,232.18,No,Debit Card,Failed,Delivered
ORD104560,2025-09-24,CUST1490,Office Chair,Furniture,Central,Indore,3,10038.63,30115.89,15.0,6963.52,435.75,No,Debit Card,Paid,Delivered
ORD102319,2025-02-28,CUST1110,Microwave,Home Appliances,West,Ahmedabad,1,10906.17,10906.17,15.0,8255.79,334.29,No,Credit Card,Paid,Delivered
ORD102557,2026-03-27,CUST1427,T-Shirt,Fashion,North,Jaipur,3,807.91,2423.73,20.0,550.92,266.12,No,Credit Card,Failed,Cancelled
ORD100383,2025-10-25,CUST1737,Laptop,Electronics,South,Bengaluru,2,46772.21,93544.42,15.0,29983.54,393.55,No,UPI,Paid,Cancelled
ORD103673,2025-03-30,CUST1293,Laptop,Electronics,South,Chennai,1,58438.43,58438.43,30.0,44030.17,44.02,No,Credit Card,Paid,Delivered
ORD102151,2026-07-20,CUST1079,Smartwatch,Electronics,South,Hyderabad,1,6156.48,6156.48,10.0,4387.22,149.38,Yes,Debit Card,Paid,Returned
ORD101928,2026-07-26,CUST1597,Desk,Furniture,South,Chennai,2,13288.55,26577.1,15.0,8332.62,86.24,Yes,Cash,Paid,Returned
ORD103850,2026-03-04,CUST1587,Shoes,Fashion,South,Bengaluru,5,3572.75,17863.75,5.0,2662.35,452.29,No,Credit Card,Paid,Delivered
ORD100744,2025-06-15,CUST1026,Laptop,Electronics,South,Hyderabad,4,55719.33,222877.32,5.0,38657.64,143.17,No,,Paid,Delivered
ORD105830,2026-07-10,CUST1333,Coffee Maker,Home Appliances,West,Mumbai,1,6041.65,6041.65,10.0,3432.86,476.82,No,Net Banking,Paid,Delivered
ORD100265,2025-03-15,CUST1548,Desk,Furniture,North,Delhi,1,13656.6,13656.6,5.0,10988.6,269.49,Yes,Cash,Pending,Returned
ORD105613,2025-12-30,CUST1081,Bookshelf,Furniture,Central,Bhopal,4,6258.78,25035.12,30.0,4908.44,375.26,No,Net Banking,Paid,Delivered
ORD100100,2025-12-06,CUST1389,Microwave,Home Appliances,Central,Nagpur,2,11420.77,22841.54,15.0,9990.29,393.41,No,UPI,Paid,Delivered
ORD102425,2025-04-27,CUST1472,Smartwatch,Electronics,East,Patna,5,7971.15,39855.75,10.0,4779.63,323.92,No,UPI,Paid,Delivered
ORD104634,2025-07-24,CUST1693,Jacket,Fashion,North,Lucknow,1,4184.01,4184.01,0.0,3268.54,394.83,No,Cash,Paid,Delivered
ORD103742,2025-09-01,CUST1094,Backpack,Accessories,North,Delhi,2,1921.3,3842.6,30.0,1284.34,253.1,No,Net Banking,Paid,Delivered
ORD103913,2025-07-25,CUST1709,Blender,Home Appliances,Central,Indore,1,3013.05,3013.05,15.0,1960.87,314.53,No,Debit Card,paid,Delivered
ORD100311,2025-11-29,CUST1557,Coffee Maker,Home Appliances,West,Pune,4,5568.91,22275.64,15.0,4621.17,290.97,No,Cash,Failed,Delivered
ORD104049,2025-02-14,CUST1550,Smartphone,Electronics,West,Pune,1,26095.88,26095.88,25.0,16423.92,113.13,No,UPI,Paid,Delivered
ORD105439,2025-09-18,CUST1648,Tablet,Electronics,North,Jaipur,1,21337.96,21337.96,20.0,12449.32,350.06,No,Net Banking,Paid,Delivered
ORD105221,2026-06-19,CUST1327,Tablet,Electronics,North,Jaipur,2,21267.24,42534.48,0.0,15547.3,411.03,No,Cash, PAID ,Delivered
ORD100241,2025-10-17,CUST1295,Shoes,Fashion,West,Ahmedabad,5,3179.13,15895.65,5.0,1825.0,225.32,No,Debit Card,Failed,Cancelled
ORD103451,2025-08-18,CUST1664,Desk,Furniture,North,Jaipur,3,11090.55,33271.65,25.0,6586.25,73.19,No,Cash,Paid,Delivered
ORD103922,2026-06-21,CUST1594,Smartwatch,Electronics,East,Patna,3,7744.53,23233.59,0.0,5520.85,343.86,No,Credit Card,Paid,Delivered
ORD105041,2026-06-27,CUST1101,Blender,Home Appliances,South,Hyderabad,1,2808.61,2808.61,0.0,1724.19,374.7,No,UPI,Paid,Delivered
ORD103309,2025-12-05,CUST1478,Desk,Furniture,West,Pune,-1,10956.98,54784.9,5.0,9582.47,419.45,Yes,Cash,Paid,Returned
ORD100894,2025-10-21,CUST1519,Desk,Furniture,Central,Bhopal,5,12059.99,60299.95,5.0,10415.93,490.99,No,Credit Card,Paid,Delivered
ORD105558,2025-05-09,CUST1082,Shoes,Fashion,East,Kolkata,1,3484.08,3484.08,0.0,2007.34,158.73,No,Cash,Pending,Cancelled
ORD102542,2025-10-18,CUST1542,Laptop,Electronics,East,Bhubaneswar,2,52366.24,104732.48,10.0,34886.85,390.67,No,Cash,Paid,Delivered
ORD100799,2025-10-27,CUST1018,Office Chair,Furniture,East,Kolkata,2,8332.19,16664.38,30.0,5431.92,321.22,No,Debit Card,Failed,Delivered
ORD100521,2025-02-21,CUST1289,Microwave,Home Appliances,South,Chennai,5,11883.62,59418.1,0.0,8256.19,57.83,No,Credit Card,Failed,Delivered
ORD101355,19/04/2025,CUST1291,Laptop,Electronics,North,Delhi,1,51767.16,51767.16,10.0,42289.19,302.55,Yes,Cash,Pending,Returned
ORD105885,2025-01-04,CUST1388,T-Shirt,Fashion,South,Chennai,1,958.23,N/A,25.0,621.22,80.17,No,Credit Card,Paid,Delivered
ORD103952,2026-04-21,CUST1306,Blender,Home Appliances,Central,Nagpur,1,2871.96,2871.96,0.0,2431.87,397.05,No,UPI,Paid,Delivered
ORD101704,2025-09-10,CUST1404,Bookshelf,Furniture,Central,Nagpur,1,5526.67,5526.67,30.0,3706.13,,No,Credit Card,Paid,Delivered
ORD104640,2025-12-15,CUST1287,Mixer,Home Appliances,South,Hyderabad,5,4029.51,20147.55,25.0,3283.75,53.72,No,Net Banking,Failed,Delivered
ORD105295,2026-04-29,CUST1710,Desk,Furniture,East,Patna,5,12969.44,64847.2,25.0,10747.76,41.83,Yes,Credit Card,Pending,Returned
ORD102626,08/07/2025,CUST1091,Desk,Furniture,Central,Bhopal,1,12985.68,12985.68,0.0,8983.0,160.53,No,Net Banking,Pending,Cancelled
ORD104133,2026-06-22,CUST1246,Office Chair,Furniture,Central,Nagpur,3,8332.7,24998.1,5.0,5625.63,336.6,No,Debit Card,Paid,Cancelled
ORD100110,2025-10-22,CUST1224,Coffee Maker,Home Appliances,East,Kolkata,2,5901.79,11803.58,30.0,3248.17,295.84,No,Debit Card,Paid,Cancelled
ORD103153,2025-02-21,CUST1067,Smartwatch,Electronics,North,Delhi,5,6237.35,31186.75,5.0,4789.71,141.71,Yes,Credit Card,Paid,Returned
ORD101499,2025-06-15,CUST1694,T-Shirt,Fashion,East,Kolkata,5,855.97,4279.85,10.0,510.92,159.32,No,Net Banking,Failed,Delivered
ORD100982,2026-04-18,CUST1632,Desk,Furniture,Central,Bhopal,5,13551.81,67759.05,10.0,11268.12,487.51,No,UPI,Paid,Delivered
ORD100157,2026-02-10,CUST1143,Backpack,Accessories,North,Jaipur,1,1975.65,1975.65,25.0,1378.17,316.27,No,Cash,Failed,Delivered
ORD104230,2026-02-22,CUST1219,Tablet,Electronics,South,Bengaluru,4,22388.69,89554.76,0.0,18597.97,64.46,Yes,Credit Card,Paid,Returned
ORD100670,2025-07-29,CUST1431,Jacket,Fashion,West,Pune,1,5071.35,5071.35,15.0,3546.21,59.86,No,UPI,Pending,Delivered
ORD105101,2025-11-20,CUST1210,Tablet,Electronics,North,Lucknow,2,23446.49,46892.98,0.0,unknown,458.75,Yes,UPI,Pending,Returned
ORD104353,2026-06-16,CUST1369,Bookshelf,Furniture,East,Kolkata,1,5529.71,5529.71,10.0,3478.13,221.07,No,Net Banking,Pending,Cancelled
ORD101487,2026-02-22,CUST1486,Laptop,Electronics,North,Jaipur,3,58481.87,175445.61,25.0,50216.22,69.84,No,Net Banking,Pending,Delivered
ORD100129,2025-10-25,CUST1526,Headphones,Electronics,Central,Bhopal,1,3638.14,3638.14,30.0,2284.07,396.96,No,Credit Card,Failed,Delivered
ORD105225,2025-11-21,CUST1005,T-Shirt,Fashion,North,Delhi,2,850.93,1701.86,15.0,539.25,443.31,No,Debit Card,Paid,Delivered
ORD104202,2025-04-24,CUST1013,Jacket,Fashion,West,Mumbai,2,4969.05,9938.1,30.0,4045.34,435.68,No,Credit Card,Failed,Delivered
ORD105238,2025-12-30,CUST1663,Tablet,Electronics,South,Chennai,2,24578.56,49157.12,110.0,16149.18,63.64,No,Net Banking,Paid,Cancelled
ORD104897,2026-01-13,CUST1084,Tablet,Electronics,East,Kolkata,1,21433.75,21433.75,5.0,14723.58,364.05,No,Credit Card,paid,Cancelled
ORD101212,2026-03-25,CUST1212,Headphones,Electronics,East,Kolkata,3,3039.88,9119.64,0.0,2044.28,74.66,No,Credit Card,Paid,Delivered
ORD103387,2025-03-14,CUST1122,Mixer,Home Appliances,East,Kolkata,3,4761.72,14285.16,5.0,3149.04,322.26,No,Credit Card,Pending,Cancelled
ORD103458,2025-04-29,CUST1409,Mixer,Home Appliances,North,Lucknow,1,4325.75,4325.75,10.0,2983.57,129.91,No,UPI,Paid,Delivered
ORD102520,2025-08-11,CUST1616,T-Shirt,Fashion,North,Lucknow,1,917.83,917.83,5.0,802.64,174.73,Yes,Credit Card,Paid,Returned
ORD105472,2025-02-09,CUST1272,Backpack,Accessories,East,Patna,1,1768.93,1768.93,5.0,1106.14,370.02,No,Credit Card,Paid,Delivered
ORD105587,2025-08-18,CUST1100,Backpack,electronics,South,Chennai,1,1833.95,1833.95,15.0,,238.6,Yes,Net Banking,Paid,Returned
ORD103046,13/07/2025,CUST1472,Laptop,Electronics,East,Bhubaneswar,4,57610.28,230441.12,5.0,,134.22,No,Net Banking,Paid,Delivered
ORD104752,2025-08-03,CUST1144,Headphones,Electronics,South,,1,3138.4,3138.4,20.0,1903.74,91.26,No,Cash,Paid,Cancelled
ORD105908,2026-04-18,CUST1544,Bookshelf,Furniture,Central,Indore,5,5557.04,27785.2,0.0,4543.11,377.82,No,UPI,Pending,Delivered
ORD100758,2025-03-02,CUST1125,Shoes,Fashion,South,Hyderabad,4,3528.14,14112.56,15.0,2626.42,249.03,No,Debit Card,Pending,Delivered
ORD105195,2025-02-16,CUST1001,Office Chair,Furniture,Central,Nagpur,1,9970.44,9970.44,25.0,8532.07,449.7,No,Cash,Pending,Delivered
ORD105401,2025-10-18,CUST1066,Headphones,Electronics,South,Bengaluru,5,3772.47,18862.35,30.0,2898.96,475.24,No,Credit Card,Paid,Delivered
ORD101710,2025-12-19,CUST1768,Laptop,Electronics,Central,Indore,1,56080.52,56080.52,15.0,47757.85,209.28,No,Debit Card,Failed,Delivered
ORD100771,2025-04-05,CUST1297,Shoes,Fashion,South,Bengaluru,2,2841.15,5682.3,25.0,2297.03,482.88, YES ,Debit Card,Paid,Returned
ORD104584,2026-03-18,CUST1247,Jacket,Fashion,East,Kolkata,1,4134.29,4134.29,30.0,3285.88,108.15,No,UPI,Paid,Delivered
ORD102188,2025-04-14,CUST1332,Office Chair,Furniture,North,Jaipur,1,8649.17,8649.17,30.0,7420.51,482.2,No,UPI,Paid,Delivered
 ORD103238 ,2025-12-07,CUST1697,Backpack,Accessories,South,Hyderabad,2,1594.09,3188.18,15.0,1323.1,472.09,Yes,Debit Card,Paid,Returned
ORD101006,2026-05-03,CUST1431,Headphones,Electronics,North,Lucknow,1,4006.15,4006.15,25.0,2982.34,328.17,No,Debit Card,Paid,Delivered
ORD101277,2025-06-05,CUST1714,Laptop,Electronics,West,Mumbai,1,58767.96,58767.96,25.0,47893.94,223.83,No,Net Banking,Failed,Delivered
ORD105251,2026-02-25,CUST1008,Smartwatch,Electronics,South,Hyderabad,5,6609.18,33045.9,30.0,5222.56,465.69,No,Debit Card,Paid,Cancelled
ORD104501,2025-09-06,CUST1181,Shoes,Fashion,South,Bengaluru,4,2996.06,11984.24,30.0,2125.6,48.58,No,Debit Card,Paid,Cancelled
ORD105988,2025-01-27,CUST1291,Mixer,Home Appliances,East,Kolkata,1,3862.3,3862.3,0.0,3011.16,209.86,Yes,,Paid,Returned
ORD101171,2025-03-07,CUST1378,Tablet,Electronics,South,Hyderabad,1,20363.85,20363.85,30.0,14448.29,192.58,No,Net Banking,Paid,Delivered
ORD105387,2025-04-15,CUST1726,Backpack,Accessories,South,Bengaluru,2,1720.32,3440.64,20.0,1375.7,277.54,No,Credit Card,Failed,Delivered
ORD104001,2025-10-31,CUST1379,Backpack,Accessories,West,Pune,4,2014.84,8059.36,30.0,1286.62,452.37,No,Cash,Failed,Delivered
ORD103908,2025-09-20,CUST1429,Blender,Home Appliances,Central,Indore,2,2849.76,5699.52,25.0,1844.15,175.88,Yes,Credit Card,Paid,Returned
ORD103703,2025-08-21,CUST1724,Laptop,Electronics,South,Chennai,3,47490.53,142471.59,15.0,unknown,110.91,No,Cash,Paid,Delivered
ORD102914,2026-04-23,CUST1129,Office Chair,Furniture,South,Chennai,1,9933.92,9933.92,15.0,5677.42,159.33,No,Cash,Pending,Delivered
ORD104149,2025-06-27,CUST1779,Backpack,Accessories,Central,Nagpur,5,1718.36,8591.8,5.0,1506.69,234.74,No,Net Banking,Paid,Delivered
ORD104176,2025-04-29,CUST1002,Headphones,Electronics,West,Ahmedabad,1,3336.42,3336.42,15.0,2913.96,488.35,No,Debit Card,Paid,Delivered
ORD105012,2025-01-02,CUST1789,T-Shirt,Fashion,South,Hyderabad,5,801.54,4007.7,0.0,550.73,358.65,No,Credit Card,Failed,Cancelled
ORD100183,2025-11-10,CUST1117,Blender,Home Appliances,West,Ahmedabad,2,2839.9,5679.8,30.0,1634.16,66.93,No,Cash,Paid,Delivered
ORD102737,2026-03-16,CUST1458,Mixer,Home Appliances,West,Mumbai,1,4686.11,4686.11,10.0,2660.87,267.82,No,Cash,Failed,Delivered
ORD101956,2025-05-01,CUST1499,Backpack,Accessories,West,Ahmedabad,5,2019.07,10095.35,30.0,1223.14,387.11,No,Cash,Paid,Delivered
ORD104467,2025-05-11,CUST1075,Shoes,Fashion,East,Bhubaneswar,1,3230.95,3230.95,0.0,2503.79,496.53,No,UPI,Paid,Delivered
ORD105014,2025-01-30,CUST1378,Smartphone,Electronics,South,Hyderabad,2,30769.57,61539.14,15.0,25998.64,295.43,No,Cash,Failed,Delivered
ORD104203,2025-06-07,CUST1384,Tablet,Electronics,West,Pune,5,19312.03,96560.15,15.0,11426.88,329.5,No,UPI,Paid,Delivered
ORD104630,2025-12-31,CUST1196,Bookshelf,Furniture,West,Ahmedabad,2,5823.01,11646.02,5.0,4472.2,399.7,No,Credit Card,Paid,Delivered
ORD104834,2026-07-13,CUST1052, LAPTOP ,Electronics,North,Delhi,1,7000.52,7000.52,20.0,4088.48,180.18,No,Cash,Paid,Delivered
ORD102181,2025-06-12,CUST1558,Smartwatch,Electronics,West,Mumbai,2,7452.23,14904.46,20.0,4946.04,281.04,Yes,Credit Card,Paid,Returned
ORD100096,2026-04-22,CUST1594,Tablet,Electronics,North,Hyderabad,4,18924.04,75696.16,20.0,14973.42,128.6,,Cash,Paid,Returned
ORD105084,2025-12-20,CUST1265,Coffee Maker,Home Appliances,South,Chennai,1,4690.89,4690.89,30.0,3248.04,429.07,No,Debit Card,Pending,Delivered
ORD102395,2025-04-28,CUST1390,Microwave,Home Appliances,South,Bengaluru,5,12209.44,61047.2,15.0,10349.53,474.31,No,UPI,Paid,Delivered
ORD103710,2026-06-26,CUST1215,Mixer,Home Appliances,South,Hyderabad,4,4638.66,18554.64,20.0,2710.09,52.6,No,Cash,Pending,Delivered
ORD103790,18/01/2025,CUST1780,Desk,Furniture,North,Lucknow,3,13516.59,40549.77,0.0,9541.02,485.33,No,Cash,Failed,Delivered
ORD104448,2026-05-07,CUST1531,T-Shirt,Fashion,West,Pune,3,984.72,2954.16,15.0,753.47,418.76,No,Net Banking,Paid,Delivered
ORD101765,2025-10-05,CUST1355,Smartwatch,Electronics,North,Delhi,3,7047.66,21142.98,30.0,4515.97,309.91,No,Net Banking,Failed,Cancelled
ORD100010,2025-01-28,CUST1620,smartphone,Home Appliances,West,Pune,2,3666.99,7333.98,10.0,2857.61,445.02,No,Debit Card,Paid,Delivered
ORD100007,2025-05-15,CUST1201,Headphones,Electronics,North,Jaipur,5,3740.46,18702.3,0.0,2805.22,466.1,No,UPI,Failed,Cancelled
ORD103989,2026-03-17,CUST1067,Smartphone,Electronics,Central,Bhopal,1,26245.71,26245.71,25.0,22540.81,446.21,No,Net Banking,Paid,Delivered
ORD105222,2025-04-17,CUST1582,Blender,Home Appliances,Central,Nagpur,2,2694.47,5388.94,30.0,2337.11,73.8,No,Net Banking,Failed,Delivered
ORD102381,2025-04-28,CUST1596,Mixer,Home Appliances,East,Bhubaneswar,1,3836.45,3836.45,0.0,2930.86,256.26,No,Debit Card,Failed,Delivered
ORD103681,2026-04-18,CUST1118,Coffee Maker,Home Appliances,Central,Bhopal,2,5519.08,11038.16,10.0,3657.41,107.38,No,Net Banking,Pending,Delivered
ORD104623,2026-07-03,CUST1505,Shoes,Fashion,South,Hyderabad,5,3299.85,16499.25,5.0,2369.6,96.2,No,Cash,Paid,Delivered
ORD102391,2025-08-25,CUST1132,Bookshelf,Furniture,West,Pune,4,6647.71,26590.84,25.0,3724.31,437.74,No,Net Banking,Failed,Cancelled
ORD102877,2025-08-16,CUST1310,Laptop,Electronics,Central,Indore,4,59544.75,238179.0,20.0,37644.35,386.14,Yes,Cash,Paid,Returned
ORD104118,2025-04-21,CUST1130,Desk,Furniture,North,Jaipur,1,12271.46,12271.46,20.0,8214.86,472.99,No,Cash,Paid,Delivered
ORD103024,2025-07-25,CUST1233,Blender,Home Appliances,West,Pune,2,3095.16,6190.32,0.0,1805.63,483.2,No,Cash,Paid,Delivered
ORD104295,2026-02-25,CUST1613,Tablet,Electronics,Central,Nagpur,5,24674.13,123370.65,5.0,21077.84,269.52,No,Net Banking,Failed,Cancelled
ORD100104,2025-03-03,CUST1145,Tablet,Electronics,North,Lucknow,1,24823.17,24823.17,5.0,17953.62,159.71,No,Debit Card,Failed,Delivered
ORD105958,2026-01-16,CUST1660,Shoes,Fashion,East,Bhubaneswar,5,3578.22,17891.1,10.0,2586.93,89.56,No,Debit Card,Paid,Delivered
ORD103073,2025-04-08,,Microwave,Home Appliances,South,Bengaluru,1,10401.68,10401.68,15.0,8983.73,378.24,No,Cash,Paid,Delivered
ORD102004,2026-04-23,CUST1783,Tablet,Electronics,Central,Indore,1,20651.35,20651.35,5.0,16426.56,221.71,Yes,UPI,Failed,Returned
ORD102672,2025-02-23,CUST1196,Laptop,Electronics,West,Mumbai,5,56912.92,284564.6,5.0,,136.7,No,UPI,Failed,Delivered
ORD104494,2025-12-02,CUST1164,Smartphone,Electronics,North,Lucknow,2,26850.9,53701.8,15.0,14839.02,311.32,No,Net Banking,Failed,Delivered
ORD104488,2026-06-06,CUST1299,Tablet,Electronics,South,Chennai,1,22808.15,22808.15,20.0,17735.69,466.39,No,UPI,Failed,Delivered
ORD101086,2025-07-15,CUST1262,Smartwatch,Electronics,South,Chennai,1,6960.68,6960.68,0.0,4521.15,321.89,Yes,UPI,Paid,Returned
ORD100685,2026-05-31,CUST1157,Smartphone,Electronics,East,Kolkata,2,24195.31,48390.62,10.0,17140.82,286.27,Yes,UPI,Paid,Returned
ORD100369,2025-03-24,CUST1125,Shoes,Fashion,East,Patna,1,3299.39,3299.39,30.0,2315.13,238.25,No,Net Banking, PAID ,Delivered
ORD104507,2025-04-19,CUST1609,Microwave,Home Appliances,East,Patna,1,11156.66,11156.66,30.0,"7,333.05",348.98,No,Credit Card,Paid,Delivered
ORD104943,2026-02-01,CUST1666,Shoes,Fashion,North,Jaipur,2,3523.74,7047.48,15.0,2199.34,207.67,No,Credit Card,Paid,Delivered
ORD102174,2026-05-09,CUST1756,Shoes,Fashion,South,Hyderabad,3,2724.74,8174.22,5.0,2155.96,48.74,No,Net Banking,Paid,Delivered
ORD101537,2025-11-28,CUST1664,Smartwatch,Elec,West,Pune,2,5978.26,11956.52,0.0,3445.95,387.53,Yes,Cash,Pending,Returned
ORD103613,2026-03-04,CUST1471,Smartwatch,Electronics,South,Chennai,3,6400.25,19200.75,20.0,5615.64,430.76,No,UPI,Pending,Delivered
ORD103653,2025-09-28,CUST1767,Tablet,Electronics,South,Bengaluru,1,22363.98,22363.98,20.0,16188.02,470.66,No,UPI,Paid,Delivered
ORD104383,2025-08-28,CUST1055,Smartphone,Electronics,West,Mumbai,2,25408.97,50817.94,25.0,14989.01,239.07,No,Net Banking,Paid,Delivered
ORD102971,2026-07-22,CUST1541,Desk,Furniture,South,Hyderabad,2,10711.95,21423.9,25.0,7064.78,212.03,No,Cash,Pending,Delivered
ORD103282,2026-03-12,CUST1462,Laptop,Electronics,East,Bhubaneswar,2,59011.8,118023.6,15.0,47490.57,442.09,No,Cash,Pending,Delivered
ORD103625,2025-03-24,CUST1032,Smartwatch,Electronics,South,Chennai,2,8009.58,16019.16,30.0,5644.64,372.61,No,UPI,Paid,Delivered
ORD104626,2026-04-08,CUST1377,Bookshelf,Furniture,West,Pune,2,5967.85,11935.7,0.0,4197.98,64.01,No,Cash,Failed,Delivered
ORD105855,2025-12-21,CUST1599,Jacket,Fashion,South,Chennai,5,4904.83,24524.15,10.0,4202.89,471.36,No,Net Banking,Paid,Cancelled
ORD100722,2026-04-25,CUST1178,Smartphone,Electronics,Central,Nagpur,2,30150.11,60300.22,0.0,21702.3,132.07,No,Debit Card,Paid,Delivered
ORD103432,2026-07-29,CUST1753,Smartphone,Electronics,East,Kolkata,2,25952.25,51904.5,0.0,21323.46,419.31,No,Net Banking,Pending,Delivered
ORD103496,2026-02-19,CUST1632,Mixer,Home Appliances,North,Jaipur,4,4517.44,18069.76,25.0,3788.82,304.88,No,Credit Card,Paid,Delivered
ORD105777,2026-06-22,CUST1465,Jacket,Fashion,West,Pune,1,5000.15,5000.15,5.0,3078.14,99.66,Yes,Cash,Paid,Returned
ORD104581,2026-04-01,CUST1588,Laptop,Electronics,West,Pune,2,60431.31,120862.62,30.0,38831.49,261.46,Yes,Cash,Pending,Returned
ORD100873,2026-03-15,CUST1568,Jacket,Fashion,Central,Nagpur,2,4022.12,8044.24,25.0,2503.67,351.63,No,Cash,Pending,Cancelled
ORD105798,2025-03-19,CUST1647,Bookshelf,Furniture,East,Patna,1,7248.52,7248.52,30.0,6171.79,-50,Yes,Cash,Paid,Returned
ORD105123,24/06/2026,CUST1468,Smartphone,Electronics,South,Chennai,4,27162.45,108649.8,15.0,19178.22,90.66,No,Credit Card,Paid,Delivered
 ORD100373 ,2025-09-20,,T-Shirt,Fashion,Central,Indore,2,1027.93,2055.86,5.0,586.35,286.27,No,Cash,Pending,Cancelled
ORD102029,2025-10-11,CUST1562,Bookshelf,Furniture,west,Ahmedabad,2,7215.23,14430.46,5.0,5169.94,309.15,No,Cash,Paid,Delivered
ORD104188,2025-01-07,CUST1163,Office Chair,Furniture,South,Chennai,1,9945.37,9945.37,15.0,8690.55,242.94,Yes,Debit Card,Paid,Returned
ORD103217,2025-02-16,CUST1234,Jacket,Fashion,West,Mumbai,1,4807.91,4807.91,10.0,3436.91,195.35,No,Credit Card,Paid,Cancelled
ORD104126,2025-08-15,CUST1715,Shoes,Fashion,West,Mumbai,3,3323.34,9970.02,15.0,2532.11,171.14,No,Credit Card,Pending,Delivered
ORD105582,2025-04-07,CUST1258,Blender,Home Appliances,East,Patna,5,3044.2,15221.0,30.0,2420.15,238.19,No,Net Banking,Pending,Delivered
ORD104821,2025-07-27,CUST1419,Blender,Home Appliances,Central,Indore,1,2866.44,2866.44,25.0,2480.44,327.21,No,UPI,Paid,Delivered
ORD100400,2025-11-16,CUST1087,Mixer,Home Appliances,North,Delhi,1,3570.24,3570.24,10.0,2740.87,243.34,No,Credit Card,Paid,Delivered
ORD100058,2025-01-26,CUST1257,Shoes,Fashion,North,Delhi,4,3322.78,13291.12,30.0,2388.57,112.21,No,Debit Card,Failed,Delivered
ORD100798,2025-03-29,CUST1609,Desk,Furniture,North,Delhi,4,12830.46,51321.84,20.0,11057.87,105.14,No,Net Banking,Paid,Delivered
ORD102450,2025-01-23,CUST1098,Smartwatch,Electronics,West,Pune,1,6812.92,6812.92,5.0,3780.11,343.83,Yes,Credit Card,Paid,Returned
ORD104173,2025-08-25,CUST1068,Smartwatch,Electronics,Central,Indore,2,7117.54,14235.08,30.0,6094.55,70.96,Yes,UPI,Paid,Returned
ORD103630,2026-07-12,CUST1735,Headphones,Electronics,East,Patna,1,3502.29,3502.29,5.0,2673.46,235.3,No,Credit Card,Paid,Delivered
ORD105992,2026-04-19,CUST1696,Coffee Maker,Home Appliances, WEST ,Patna,3,5391.54,16174.62,15.0,3023.02,195.27,No,Debit Card,Paid,Delivered
ORD101960,2026-04-25,CUST1785,Laptop,Electronics,East,Bhubaneswar,2,56962.62,113925.24,15.0,48593.13,403.01,No,Debit Card,Paid,Cancelled
ORD100078,2025-06-28,CUST1182,Office Chair,Furniture,South,Bengaluru,4,8586.77,34347.08,5.0,7325.29,310.05,Yes,Cash,Failed,Returned
ORD101632,2025-12-15,CUST1561,Office Chair,Furniture,South,Chennai,2,8962.64,17925.28,20.0,,405.68,No,Net Banking,Paid,Delivered
ORD100676,2025-04-17,CUST1382,Laptop,electronics,West,Ahmedabad,1,48465.33,48465.33,30.0,31142.57,417.42,No,Cash,Paid,Delivered
ORD102846,2026-03-22,CUST1556,Headphones,Electronics,Central,Indore,4,3409.94,13639.76,5.0,2219.3,349.96,No,Net Banking,Paid,Delivered
ORD102232,2026-07-03,CUST1673,Jacket,Fashion,Central,Bhopal,2,4358.98,8717.96,5.0,3430.94,211.09,No,Debit Card,Paid,Delivered
ORD105965,2025-09-26,CUST1095,Blender,Home Appliances,Central,Nagpur,1,3134.89,3134.89,25.0,2305.64,90.72,Yes,UPI,Paid,Returned
ORD103398,2026-02-11,CUST1612,Backpack,Accessories,North,Delhi,4,2021.8,8087.2,30.0,1680.56,473.11,No,Cash,Failed,Delivered
ORD104552,2025-10-15,CUST1211,Desk,Furniture,North,Jaipur,1,12084.75,12084.75,30.0,,48.93,No,Net Banking,Paid,Delivered
ORD104106,2025-01-21,CUST1147,Smartphone,Electronics,East,Kolkata,1,28812.71,28812.71,20.0,17229.33,263.28,No,Net Banking,Pending,Delivered
ORD103146,2025-02-23,CUST1338,Blender,Home Appliances,East,Bhubaneswar,1,3260.81,3260.81,20.0,2029.98,107.14,No,Credit Card,Paid,Cancelled
ORD104449,2026-02-21,CUST1353,Tablet,Electronics,North,Bengaluru,2,24395.95,48791.9,20.0,15385.51,365.73,Yes,UPI,Paid,Returned
ORD105074,2026-07-30,CUST1400,Microwave,Home Appliances,Central,Nagpur,4,11218.83,44875.32,10.0,9001.95,45.89,No,Net Banking,Pending,Delivered
 ORD102616 ,2025-12-09,CUST1052,Shoes,Fashion,South,Hyderabad,2,3428.61,6857.22,25.0,2861.54,282.87,Yes,UPI,Pending,Returned
ORD101646,2025-05-21,CUST1483,T-Shirt,Fashion,North,Delhi,1,802.81,802.81,20.0,461.48,290.8,No,UPI,Paid,Delivered
ORD101243,2025-10-02,CUST1052,Tablet,Electronics,North,Jaipur,4,22539.78,90159.12,15.0,16528.9,419.47,No,Debit Card,Failed,Delivered
ORD102834,2025-11-29,CUST1613,Laptop,Electronics,South,Bengaluru,1,55200.77,55200.77,10.0,39465.28,417.57,No,,Paid,Delivered
ORD105418,2026-02-21,CUST1441,Backpack,Accessories,East,Patna,5,1947.61,9738.05,20.0,1352.46,123.37,No,UPI,Failed,Delivered
ORD102468,2026-01-31,CUST1186,Shoes,Fashion,North,Delhi,1,3422.78,3422.78,5.0,2214.69,108.2,No,Cash,Paid,Delivered
ORD103642,2026-01-21,CUST1452,T-Shirt,Fashion,West,Pune,2,813.18,1626.36,15.0,485.58,425.62,No,Cash,Paid,Delivered
ORD100471,2025-03-12,CUST1480,Mixer,Home appliance,Central,Indore,5,3794.8,18974.0,5.0,2497.69,415.24,No,Cash,Paid,Delivered
ORD101241,2026-06-01,CUST1221,Headphones,Electronics,Central,Bhopal,2,3469.07,6938.14,25.0,2310.13,303.47,No,UPI,Paid,Delivered
ORD103219,2025-11-26,CUST1570,Blender,Home Appliances,West,Ahmedabad,3,2789.82,8369.46,20.0,2186.35,168.09,Yes,Credit Card,Paid,Returned
ORD103847,2026-02-16,CUST1488,Microwave,Home Appliances,Central,Indore,3,11018.79,33056.37,15.0,8481.6,423.46,No,Debit Card,Paid,Cancelled
ORD102251,2026-04-28,CUST1473,Mixer,Home Appliances,Central,Bhopal,1,3957.33,3957.33,15.0,2960.12,212.95,No,Debit Card,Paid,Delivered
ORD100654,2026-02-14,CUST1614,Smartwatch,Electronics,West,Pune,2,7103.8,14207.6,20.0,4851.92,338.61,No,Net Banking,Pending,Cancelled
ORD104021,2026-06-18,CUST1682,Tablet,Electronics,West,Mumbai,3,19330.6,57991.8,5.0,16852.8,253.12, YES ,Net Banking,Pending,Delivered
ORD103191,2026-06-12,CUST1659,Backpack,Accessories,West,Mumbai,3,1923.45,5770.35,20.0,1414.94,306.71,No,Net Banking,Paid,Delivered
ORD103886,2026-07-24,CUST1451,Office Chair,Furniture,South,Chennai,2,9414.34,18828.68,15.0,6404.97,56.11,Yes,Cash,Paid,Returned
ORD101949,2025-09-10,CUST1711,Tablet,Electronics,Central,Nagpur,2,23813.44,47626.88,30.0,14630.92,55.65,No,Credit Card,Failed,Delivered
ORD100836,2025-02-15,CUST1508,Office Chair,Furniture,Central,Bhopal,4,8039.25,32157.0,15.0,5590.92,497.5,No,Debit Card,Failed,Delivered
ORD103303,2026-07-10,CUST1759,Microwave,Home Appliances,North,Jaipur,1,11632.82,11632.82,0.0,8109.04,231.6,No,Credit Card,Paid,Delivered
ORD104729,2026-01-01,CUST1355,Coffee Maker,Home Appliances,South,Hyderabad,3,4975.16,14925.48,5.0,3214.71,338.99,Yes,Net Banking,Failed,Returned
ORD101897,2025-08-07,CUST1594,Backpack,Accessories,East,Bhubaneswar,2,2055.57,4111.14,10.0,1306.85,127.51,No,Credit Card,Paid,Delivered
ORD104323,2025-12-24,CUST1149,Office Chair,Furniture,North,Lucknow,5,9176.84,unknown,0.0,6188.1,467.78,No,Net Banking,Pending,Cancelled
ORD100856,2026-01-24,CUST1377,Desk,Furniture, WEST ,Delhi,1,12739.76,12739.76,25.0,8982.15,192.16,No,Net Banking,Pending,Delivered
ORD100041,2025-12-08,CUST1500,Backpack,Accessories,South,Bengaluru,1,1911.37,1911.37,20.0,1375.04,147.28,No,UPI,Failed,Delivered
ORD105298,2026-01-18,CUST1641,Jacket,Fashion,Central,Bhopal,3,5152.86,15458.58,20.0,3218.52,463.55,No,Net Banking,Paid,Cancelled
ORD105924,2025-12-29,CUST1008,Headphones,Electronics,South,Bengaluru,3,3546.0,10638.0,0.0,3036.98,339.95,No,Net Banking,Paid,Delivered
ORD100200,2026-06-17,CUST1670,Microwave,Home Appliances,East,Kolkata,5,9738.23,48691.15,10.0,6979.57,484.88,No,Credit Card,Pending,Delivered
ORD105560,2026-03-12,CUST1585,Tablet,Electronics,East,,3,21407.57,64222.71,25.0,"12,378.96",360.44,Yes,Credit Card,Paid,Returned
ORD101597,2026-03-12,CUST1754,Smartwatch,Electronics,South,Hyderabad,4,6145.11,24580.44,15.0,5094.68,339.57,No,Debit Card,Paid,Cancelled
ORD105660,2025-09-11,CUST1706,Laptop,Electronics,Central,Nagpur,4,49576.94,198307.76,25.0,42700.43,331.29,Yes,Net Banking,Paid,Returned
ORD100802,2025-04-05,CUST1464,Laptop,Electronics,West,Pune,1,63155.75,63155.75,20.0,37638.8,50.25,No,Net Banking,Paid,Delivered
ORD100086,2025-12-30,CUST1280,Tablet,Electronics,Central,Nagpur,3,23807.31,71421.93,0.0,16520.41,175.45,No,Credit Card,Paid,Delivered
ORD102195,2025-06-12,CUST1164,Jacket,Fashion,Central,Bhopal,1,5007.22,unknown,15.0,3007.17,258.98,No,UPI,Failed,Delivered
ORD100218,2026-04-01,CUST1109,Microwave,Home Appliances,East,Kolkata,1,9783.91,9783.91,25.0,5914.54,219.34,No,UPI,Failed,Cancelled
ORD103650,2025-07-20,CUST1165,Microwave,Home Appliances,South,Bengaluru,3,10693.39,32080.17,15.0,6667.96,302.09,No,Cash,Failed,Delivered
ORD104105,2025-06-05,CUST1434,Desk,Furniture,East,Kolkata,1,10285.03,10285.03,0.0,7072.89,376.27,yes,UPI,Paid,Delivered
ORD101902,2025-04-13,CUST1755,Desk,Furniture,East,Patna,1,13018.83,13018.83,10.0,10934.05,284.45,No,Credit Card,Pending,Delivered
ORD103023,2026-07-24,CUST1728,Desk,Furniture,North,Patna,2,12456.77,24913.54,0.0,8312.79,234.45,No,Credit Card,Failed,Cancelled
ORD100141,2025-10-18,CUST1102,T-Shirt,Fashion,South,Chennai,4,917.13,3668.52,10.0,622.02,246.4,No,Debit Card,Paid,Delivered
ORD104290,2025-10-30,CUST1190,Bookshelf,Furniture,Central,Indore,2,6339.95,12679.9,20.0,5574.53,82.96,Yes,Cash,Paid,Returned
ORD101247,2026-01-27,CUST1328,Bookshelf,Furniture,Central,Indore,1,6375.72,6375.72,20.0,3863.85,307.15,No,Debit Card,Paid,Cancelled
ORD104606,2025-12-25,CUST1252,Smartwatch,Electronics,East,Kolkata,1,7059.3,7059.3,5.0,5335.86,240.48,No,Debit Card,Paid,Delivered
ORD103864,2026-05-15,CUST1765,Bookshelf,Furniture,East,Kolkata,2,5558.65,11117.3,30.0,3593.99,449.86,Yes,Debit Card,Failed,Returned
ORD104605,09/03/2026,CUST1387,Smartwatch,Electronics,East,Bhubaneswar,2,5965.02,11930.04,25.0,4148.59,398.25,Yes,Credit Card,Pending,Returned
ORD102021,2025-09-30,CUST1669,Tablet,Electronics,East,Kolkata,1,22895.15,22895.15,20.0,13107.98,464.77,No,Credit Card,Pending,Delivered
ORD105334,2025-05-16,CUST1317,Shoes,Fashion,North,Lucknow,3,3571.75,10715.25,15.0,2054.83,475.5,Yes,Net Banking,Pending,Returned
ORD100767,2025-02-08,CUST1105,Smartphone,Electronics,North,Delhi,2,30745.18,61490.36,25.0,22285.5,173.39,No,Net Banking,Paid,Delivered
ORD105109,2025-06-17,CUST1533,Smartwatch,Electronics,West,Mumbai,2,7733.04,15466.08,25.0,6218.62,127.52,No,Debit Card,Paid,Delivered
ORD101437,2026-06-06,CUST1149,Headphones,Electronics,East,Bhubaneswar,3,3219.93,9659.79,25.0,2432.63,110.94,No,Credit Card,Failed,Delivered
ORD104335,2025-06-17,CUST1728,Office Chair,Furniture,North,Delhi,1,8465.4,8465.4,0.0,4895.64,213.91,No,Cash,Paid,Delivered
ORD102111,2026-01-12,CUST1391,Headphones,Electronics,Central,Nagpur,2,3109.62,6219.24,20.0,2377.48,294.62,Yes,Net Banking,Paid,Returned
ORD105470,2026-06-29,CUST1414,Smartwatch,Electronics,North,Delhi,2,7944.33,15888.66,25.0,5749.4,115.39,No,UPI,Paid,Delivered
ORD101260,2025-11-04,CUST1444,Tablet,Electronics,North,Jaipur,5,22197.25,110986.25,5.0,12790.62,unknown,No,Debit Card,Failed,Delivered
ORD105822,2026-01-11,CUST1334,Backpack,Accessories,East,Bhubaneswar,2,2055.62,4111.24,5.0,1672.71,470.35,No,Net Banking,Failed,Delivered
ORD101977,2025-04-11,CUST1380,Smartwatch,Electronics,South,Hyderabad,2,6352.35,12704.7,10.0,5479.15,74.39,Yes,Credit Card,Paid,Returned
ORD103229,2026-05-06,CUST1046,Shoes,Fashion,West,Mumbai,2,3615.77,7231.54,20.0,3132.27,94.33,No,UPI,Paid,Delivered
ORD104924,2025-12-05,CUST1371,Coffee Maker,Home Appliances,Central,Indore,2,5847.88,11695.76,15.0,3685.33,323.62,No,Net Banking,Failed,Cancelled
ORD100251,2026-06-09,CUST1313,T-Shirt,Fashion,Central,Nagpur,2,957.57,1915.14,25.0,709.68,79.26,Yes,Credit Card,Failed,Returned
ORD103172,2026-01-14,CUST1748,Backpack,Accessories,West,Pune,4,1854.94,7419.76,10.0,1176.16,79.19,No,UPI,Paid,Delivered
ORD100684,2026-03-18,CUST1217,Mixer,Home Appliances,West,Ahmedabad,1,4255.29,4255.29,30.0,2856.96,105.7,No,Credit Card,Pending,Delivered
ORD100199,2026-06-04,CUST1613,Desk,Furniture,East,Patna,2,13462.12,26924.24,5.0,8154.3,273.24,No,Net Banking,Pending,Delivered
ORD102411,2025-08-04,CUST1403,Tablet,Electronics,North,Lucknow,4,22314.72,89258.88,25.0,15273.01,459.33,No,Cash,Failed,Delivered
ORD104855,2025-05-26,CUST1077,Smartphone,Electronics,East,Bhubaneswar,4,26082.95,104331.8,15.0,21733.65,225.07,Yes,Cash,Pending,Returned
ORD102807,2025-10-29,CUST1671,Tablet,Electronics,Central,Bhopal,2,23875.7,47751.4,10.0,16724.68,350.43,No,Debit Card,Pending,Delivered
ORD103228,2025-04-09,CUST1607,Coffee Maker,Home Appliances,Central,Nagpur,1,5961.43,5961.43,10.0,5239.28,112.22,No,UPI,Paid,Delivered
ORD101921,2026-07-06,CUST1062,Headphones,Electronics,North,Jaipur,2,3232.02,6464.04,15.0,2312.33,327.05,No,Net Banking,Paid,Delivered
ORD103601,2026-01-10,CUST1246,Office Chair,Furniture,East,Patna,2,8074.76,16149.52,25.0,5395.88,128.95,No,Credit Card,Paid,Delivered
ORD103501,2025-05-19,CUST1792,Desk,Furniture,East,Patna,3,13395.89,40187.67,10.0,11736.76,87.57,No,UPI,paid,Delivered
ORD105910,2025-10-05,CUST1587,Bookshelf,Furniture,Central,Bhopal,1,6251.59,6251.59,30.0,4098.63,116.58,No,UPI,Paid,Cancelled
ORD103265,2026-07-16,CUST1276,Mixer,Home Appliances,North,Delhi,5,4353.98,21769.9,10.0,3193.32,456.98,Yes,UPI,Paid,Returned
ORD102313,2025-12-01,CUST1011,Office Chair,Furniture,Central,Indore,4,9446.44,37785.76,0.0,6488.66,355.18,No,Cash,Paid,Delivered
ORD101963,2026-02-16,CUST1626,Smartwatch,Electronics,East,Bhubaneswar,2,6430.5,12861.0,5.0,4344.79,277.09,No,Cash,Pending,Delivered
ORD103734,2025-10-24,CUST1792,Backpack,electronics,East,Bhubaneswar,1,1716.7,1716.7,0.0,1387.07,447.4,No,Net Banking,Failed,Delivered
ORD104148,2025-08-19,CUST1577,Microwave,Home Appliances,West,Ahmedabad,1,9816.33,9816.33,20.0,7471.42,44.38,No,Debit Card,Paid,Delivered
ORD104274,2025-01-19,CUST1270,Bookshelf,Furniture,Central,Nagpur,1,6604.56,6604.56,15.0,5532.25,236.71,No,Debit Card,Pending,Cancelled
ORD101362,2026-02-23,CUST1472,Coffee Maker,Home Appliances,Central,Bhopal,2,5189.75,10379.5,30.0,4433.95,56.44,No,Cash,Pending,Delivered
ORD101249,2026-06-28,CUST1457,Blender,Home Appliances,East,Patna,1,2569.3,2569.3,20.0,1873.61,493.76,No,Credit Card,Paid,Delivered
ORD103113,2025-03-06,CUST1715,Desk,Furniture,North,Delhi,2,12304.15,24608.3,30.0,7504.0,169.08,No,Net Banking,Paid,Delivered
ORD100019,2025-12-04,CUST1706,Office Chair,Furniture,West,Pune,3,7674.83,23024.49,25.0,6602.23,487.89,No,Debit Card,Failed,Delivered
ORD102903,2026-07-12,CUST1060,Jacket,Fashion,North,Delhi,2,5029.46,10058.92,10.0,3164.12,119.03,No,Cash,Pending,Delivered
ORD103176,2025-01-10,CUST1473,Mixer,Home Appliances,North,Lucknow,4,4591.07,18364.28,10.0,2815.91,363.2,No,Debit Card,Pending,Delivered
ORD104473,2025-07-31,CUST1488,T-Shirt,Fashion,Central,Bhopal,5,891.78,4458.9,0.0,690.51,292.8,Yes,Cash,Paid,Returned
ORD103674,2026-06-17,CUST1471,Coffee Maker,Home Appliances,North,Jaipur,5,4772.07,23860.35,5.0,2707.22,327.48,No,Net Banking,Paid,Delivered
ORD105243,2026-05-28,CUST1451,Bookshelf,Furniture,North,Lucknow,1,6383.8,6383.8,15.0,5202.84,153.94,No,Net Banking,Failed,Delivered
ORD101991,2025-07-31,CUST1309,Backpack,Accessories,West,Mumbai,4,2056.15,8224.6,30.0,1356.47,330.12,Yes,upi,Pending,Returned
ORD105212,2025-02-03,CUST1623,Headphones,Electronics,South,Bengaluru,2,3422.59,6845.18,10.0,2943.7,304.59,No,Debit Card,Paid,Cancelled
ORD104108,2025-02-12,CUST1071,Bookshelf,Furniture,South,Chennai,4,6026.31,24105.24,10.0,4203.3,210.74,Yes,Cash,Paid,Returned
ORD103832,2026-07-27,CUST1103,Headphones,Electronics,North,Lucknow,4,3194.65,12778.6,25.0,2384.23,232.67,Yes,Debit Card,Paid,Returned
ORD100437,2026-06-03,CUST1283,Mixer,Home Appliances,North,Delhi,2,4504.89,9009.78,25.0,2852.78,441.6,Yes,Debit Card,Pending,Returned
ORD100028,2025-04-30,CUST1787,Coffee Maker,Home Appliances,West,Pune,3,5567.05,16701.15,30.0,3316.05,101.06,No,Credit Card,Failed,Delivered
ORD103576,2026-06-25,CUST1690,Desk,Furniture,West,Mumbai,5,11650.52,58252.6,30.0,6562.9,386.02,No,UPI,Pending,Delivered
ORD103648,2025-09-07,CUST1497,Coffee Maker,Home Appliances,North,Delhi,1,4725.05,"4,725.05",10.0,3903.33,287.86,No,Net Banking,Pending,Delivered
ORD103935,2025-05-23,CUST1285,Jacket,Fashion,Central,Bhopal,1,4198.59,4198.59,15.0,2648.78,486.78,Yes,UPI,Paid,Returned
ORD100617,2025-12-25,CUST1706,Backpack,Accessories,East,Patna,5,1706.1,8530.5,5.0,980.81,155.17,No,Cash,Paid,Delivered
ORD105667,2026-01-05,CUST1051,Smartwatch,Electronics,South,Chennai,1,6209.42,6209.42,30.0,3944.31,273.22,No,UPI,Paid,Cancelled
ORD101462,2025-08-20,CUST1186,Microwave,Home Appliances,West,Pune,2,11547.04,23094.08,0.0,8906.69,336.07,No,Net Banking,Paid,Delivered
ORD105884,2025-09-21,CUST1602,Blender,Home Appliances,East,Bhubaneswar,4,3444.57,13778.28,0.0,2520.67,318.57,No,Debit Card,Failed,Delivered
ORD100401,2026-05-28,CUST1748,Smartphone,Electronics,North,Delhi,1,25316.35,25316.35,0.0,18951.72,307.6,No,Cash,Paid,Cancelled
ORD104392,2026-01-24,CUST1429,Headphones,Electronics,East,Bhubaneswar,4,3754.39,15017.56,30.0,2562.22,172.28,Yes,Net Banking,Paid,Returned
ORD105849,2026-04-16,CUST1057,Shoes,Fashion,North,Lucknow,1,3041.14,3041.14,15.0,2527.09,482.41,Yes,Net Banking,Paid,Returned
ORD103076,2026-03-30,CUST1189,Mixer,Home Appliances,West,Mumbai,1,3800.99,3800.99,20.0,3178.09,428.53,No,Debit Card,Paid,Delivered
ORD101828,2026-03-12,CUST1206,Backpack,Accessories,West,Pune,2,1897.94,3795.88,,1375.83,100.18,Yes,Debit Card,Paid,Returned
ORD103889,2026-01-30,CUST1330,Blender,Home Appliances,East,Patna,3,2780.52,8341.56,15.0,1944.3,444.03,No,Credit Card,Paid,Delivered
ORD105888,2025-04-05,CUST1274,Mixer,Home Appliances,North,Lucknow,3,4742.36,14227.08,25.0,2762.29,189.34,No,Debit Card,Paid,Delivered
ORD103700,2025-06-15,CUST1465,Office Chair,Furniture,North,Lucknow,5,10277.0,51385.0,25.0,8431.59,479.93,No,Net Banking,Failed,Delivered
ORD100624,2026-01-25,CUST1434,Bookshelf,Furniture,West,Pune,1,5905.95,5905.95,10.0,"4,737.47",153.99,Yes,,Paid,Returned
ORD100079,2025-03-25,CUST1361,Bookshelf,Furniture,North,Delhi,1,7046.97,7046.97,10.0,5346.16,46.02,No,Cash,Pending,Delivered
ORD103779,2025-05-20,CUST1168,Smartphone,Electronics,East,Kolkata,1,24917.73,24917.73,25.0,15046.19,236.82,No,Credit Card,Pending,Delivered
ORD100912,2025-07-14,CUST1397,Shoes,Fashion,South,Hyderabad,5,3006.12,15030.6,10.0,1663.36,166.4,Yes,Credit Card,paid,Returned
ORD103149,2026-01-16,CUST1555,Shoes,Fashion,West,Ahmedabad,2,3368.62,6737.24,5.0,2800.61,443.73,No,Cash,Failed,Cancelled
ORD104884,2026-03-18,CUST1608,Mixer,Home Appliances,North,Jaipur,4,3867.63,15470.52,25.0,2328.7,349.8,No,UPI,Paid,Cancelled
ORD101988,2026-03-10,CUST1519,Tablet,Electronics,West,Pune,2,23995.47,47990.94,15.0,14287.22,57.15,No,Debit Card,Pending,Delivered
ORD105064,2025-11-21,CUST1699,Tablet,Electronics,East,Patna,4,20977.46,83909.84,10.0,12974.87,470.05,No,UPI,Pending,Delivered
ORD102130,2025-02-06,CUST1129,Laptop,Electronics,Central,Indore,1,47020.71,47020.71,15.0,,294.84,No,UPI,Paid,Delivered
ORD100012,2025-08-21,CUST1692,Microwave,Home Appliances,Central,Nagpur,1,9745.56,9745.56,15.0,6145.17,117.41,No,UPI,Paid,Cancelled
ORD102870,2025-04-15,CUST1203,Smartphone,Electronics,Central,Bhopal,1,30826.12,30826.12,0.0,24083.25,67.72,Yes,UPI,Paid,Returned
ORD105779,2025-06-21,CUST1718,Backpack,Accessories,South,Hyderabad,5,1665.6,8328.0,5.0,1000.18,291.27,No,UPI,Pending,Cancelled
ORD103375,2025-12-09,CUST1437,Coffee Maker,Home Appliances,South,Bengaluru,1,5215.28,5215.28,10.0,3405.97,302.68,Yes,Cash,Failed,Returned
ORD101002,2026-06-23,CUST1583,Smartwatch,Electronics,South,Chennai,5,6886.84,34434.2,5.0,5679.81,368.81,No,UPI,Paid,Delivered
ORD103709,2025-11-11,CUST1369,T-Shirt,Fashion,North,Delhi,-1,811.26,1622.52,10.0,655.16,81.53,No,Cash,Pending,Cancelled
ORD104746,2025-11-13,CUST1709,Smartphone,Electronics,Central,Indore,5,25935.25,129676.25,0.0,17465.76,233.17,No,Credit Card,Paid,Delivered
ORD101725,2025-02-14,CUST1216,Laptop,Electronics,North,Lucknow,1,63244.96,63244.96,10.0,50815.41,135.72,No,UPI,Paid,Delivered
ORD101656,2025-02-11,CUST1788,Backpack,Elec,East,Bhubaneswar,1,1797.24,1797.24,5.0,1412.64,209.96,No,Net Banking,Paid,Delivered
ORD104276,2025-11-25,CUST1490,Shoes,Fashion,South,Hyderabad,5,3642.12,18210.6,0.0,2677.59,184.22,No,UPI,Paid,Cancelled
ORD101407,2025-06-18,CUST1709,Office Chair,Furniture,West,Mumbai,3,8302.91,24908.73,15.0,,443.67,Yes,Debit Card,Failed,Returned
ORD102239,2026-06-22,CUST1782,Smartphone,Electronics,East,Bhubaneswar,1,28598.7,28598.7,30.0,18236.56,497.41,No,UPI,Paid,Delivered
ORD103015,2026-04-18,CUST1247,Desk,Furniture,North,Lucknow,1,11650.86,11650.86,15.0,7483.06,311.4,No,Debit Card,Failed,Delivered
ORD102342,2025-02-05,CUST1101,Smartwatch,Electronics,South,Chennai,5,6461.85,32309.25,10.0,3742.3,350.2,No,UPI,Paid,Delivered
ORD102596,2026-05-14,CUST1276,Smartphone,Electronics,West,Ahmedabad,4,26675.17,106700.68,5.0,16132.21,67.23,No,Net Banking,Failed,Delivered
ORD105303,2025-08-14,CUST1008,T-Shirt,Fashion,East,Patna,2,877.2,1754.4,,626.4,51.38,No,upi,Failed,Delivered
ORD100006,2026-06-05,CUST1344,Bookshelf,Furniture,South,Bengaluru,1,6072.82,6072.82,15.0,3893.16,176.29,,Cash,Paid,Returned
ORD104801,2025-03-25,CUST1756,Shoes,Fashion,East,Kolkata,3,2786.85,8360.55,0.0,2288.99,495.1,No,Cash,Paid,Delivered
ORD101884,2025-03-28,CUST1210,Bookshelf,electronics,North,Jaipur,4,6971.54,27886.16,30.0,4272.29,52.29,No,UPI,Paid,Delivered
ORD105978,31/03/2026,CUST1496,Backpack,Accessories,South,Chennai,1,1557.59,1557.59,15.0,1065.68,397.05,Yes,Net Banking,Paid,Returned
ORD105720,2026-02-08,CUST1625,Desk,Furniture,South,Bengaluru,5,12659.42,63297.1,5.0,8261.88,180.24,No,Net Banking,Pending,Delivered
ORD102046,2026-06-21,CUST1551,T-Shirt,Fashion,Central,Nagpur,4,1017.94,4071.76,15.0,742.87,192.5,Yes,Net Banking,Paid,Returned
ORD100849,2026-05-12,CUST1505,Shoes,Furniture,Central,Nagpur,1,3224.35,3224.35,20.0,2507.26,431.99,No,Debit Card,Failed,Cancelled
ORD102110,2025-03-11,CUST1582,Office Chair,Furniture,West,Ahmedabad,1,8985.2,8985.2,10.0,5659.08,68.87,Yes,UPI,Paid,Returned
ORD103862,2026-06-17,CUST1600,Laptop,Electronics,South,Bengaluru,1,49246.35,49246.35,0.0,37595.79,424.1,No,Credit Card,Pending,Delivered
ORD100403,2026-07-13,CUST1763,Smartphone,Electronics,West,Ahmedabad,1,29498.49,29498.49,25.0,17668.38,119.16,No,Cash,Failed,Delivered
ORD102687,2026-06-23,CUST1245,Tablet,Electronics,West,Ahmedabad,3,19712.68,59138.04,5.0,15241.3,396.92,,Net Banking,Paid,Delivered
ORD103912,2025-11-26,CUST1667,Coffee Maker,Home Appliances,West,Ahmedabad,1,4818.36,4818.36,10.0,3776.84,498.95,No,UPI,Paid,Delivered
ORD105001,2026-02-19,CUST1665,Backpack,Accessories,East,Kolkata,4,1777.95,7111.8,5.0,1191.65,295.46,No,UPI,Failed,Delivered
ORD102867,2026-01-02,CUST1402,Shoes,Fashion,North,Delhi,1,3286.2,3286.2,15.0,2496.75,291.68,No,Debit Card,Paid,Delivered
ORD101102,2026-07-21,CUST1450,Smartphone,Electronics,West,Pune,1,24786.68,24786.68,25.0,18221.86,216.61,No,Net Banking,Failed,Delivered
ORD101131,2026-07-06,CUST1447,Coffee Maker,Home Appliances,North,Jaipur,1,5705.08,5705.08,30.0,4713.05,120.29,Yes,Net Banking,Failed,Returned
ORD105319,2025-10-09,CUST1171,Shoes,Fashion,South,Chennai,4,3354.39,"13,417.56",10.0,2232.85,329.81,No,Debit Card,Paid,Delivered
ORD101926,2025-12-12,CUST1702,Smartphone,Electronics,Central,Nagpur,2,24332.98,48665.96,15.0,18677.26,376.98,Yes,UPI,Pending,Returned
ORD105443,2025-12-10,CUST1579,Coffee Maker,Home Appliances,North,Lucknow,1,5302.98,5302.98,25.0,3079.44,214.83,No,UPI,Paid,Delivered
ORD102314,2026-04-08,CUST1396,Laptop,Electronics,Central,Indore,3,53754.19,161262.57,30.0,40143.1,260.63,Yes,Credit Card,Failed,Returned
ORD100435,2026-01-18,CUST1115,Office Chair,Furniture,South,Chennai,4,9953.99,39815.96,25.0,6564.0,270.27,No,Credit Card,Pending,Delivered
ORD101258,2025-01-24,CUST1765,Coffee Maker,Home Appliances,South,Chennai,1,5464.83,5464.83,20.0,3647.97,211.28,No,Credit Card,Failed,Delivered
ORD103647,2025-06-01,CUST1461,Laptop,Electronics,North,Jaipur,1,54591.67,54591.67,5.0,39793.01,159.88,Yes,Cash,Paid,Returned
ORD104607,2026-01-09,CUST1053,Shoes,Fashion,Central,Bhopal,3,3342.44,10027.32,5.0,2294.09,343.07,No,Cash,Paid,Delivered
ORD104650,2026-01-21,CUST1397,Blender,Home Appliances,East,Kolkata,4,3245.36,12981.44,30.0,"2,178.21",432.11,No,Credit Card,Paid,Delivered
ORD105327,2025-06-08,CUST1314,Desk,Furniture,West,Ahmedabad,5,12518.75,62593.75,15.0,8694.02,261.96,No,Credit Card,Pending,Delivered
ORD105453,2025-12-14,CUST1180,Coffee Maker,Home Appliances,East,Bhubaneswar,2,4924.12,9848.24,0.0,3228.83,291.3,Yes,Debit Card,Paid,Returned
ORD101144,2026-06-17,CUST1135,Tablet,Electronics,North,Lucknow,1,22980.08,22980.08,5.0,19900.38,398.22,No,Debit Card,Paid,Delivered
ORD104819,2025-08-27,CUST1124,Smartwatch,Electronics,East,Bhubaneswar,2,7483.9,14967.8,0.0,5635.44,177.07,No,UPI,Failed,Delivered
ORD100317,2026-05-20,CUST1239,Smartphone,Electronics,South,Hyderabad,2,27528.42,55056.84,30.0,21131.88,406.27,No,Debit Card,Failed,Delivered
ORD105749,2026-06-29,CUST1366,Office Chair,Furniture,South,Chennai,5,9729.3,48646.5,10.0,5650.92,139.04,No,Debit Card,Pending,Cancelled
ORD100330,2026-01-01,CUST1276,Headphones,Electronics,West,Ahmedabad,2,3917.23,7834.46,30.0,2934.02,324.74,No,Net Banking,Pending,Delivered
ORD105488,2026-03-01,CUST1328,Shoes,Fashion,East,Patna,4,3462.51,13850.04,20.0,2189.37,402.23,No,Cash,Paid,Cancelled
ORD102262,2025-05-12,CUST1546,Desk,Furniture,East,Patna,4,11821.08,47284.32,0.0,8184.34,366.18,No,Net Banking,Paid,Delivered
ORD101918,2025-06-16,CUST1140,Office Chair,Furniture,North,Lucknow,1,9868.51,9868.51,5.0,8514.85,205.55,Yes,UPI,Paid,Returned
ORD103988,2025-12-10,CUST1499,Jacket,Fashion,South,Hyderabad,1,4765.29,4765.29,25.0,3644.15,62.91,No,Net Banking,Failed,Cancelled
ORD101811,2026-02-03,CUST1588,Headphones,Electronics,North,Delhi,3,3655.99,10967.97,,2769.93,497.54,No,Net Banking,Failed,Cancelled
ORD102309,2025-07-29,CUST1525,Mixer,Home Appliances,East,Bhubaneswar,1,4694.81,4694.81,30.0,3649.89,486.01,No,Cash,Paid,Cancelled
ORD101211,2025-05-16,CUST1277,Laptop,Electronics,South,Bengaluru,3,62121.53,186364.59,20.0,44828.74,,No,Debit Card,Failed,Cancelled
ORD105406,2025-08-16,CUST1471,Microwave,Home Appliances,North,Jaipur,2,9833.46,19666.92,0.0,5732.69,222.99,Yes,Debit Card,Paid,Returned
ORD103575,2026-07-22,CUST1194,Headphones,Electronics,North,Delhi,3,3791.23,11373.69,10.0,2320.33,263.42,No,Cash,Paid,Delivered
ORD102876,2025-05-21,CUST1510,Blender,Home Appliances,East,Kolkata,3,2760.83,8282.49,15.0,2200.75,243.46,No,Cash,Paid,Cancelled
ORD103260,2025-11-23,CUST1495,Blender,Home Appliances,Central,Indore,5,3335.11,16675.55,30.0,2531.91,331.79,No,Debit Card,Paid,Delivered
ORD100098,2025-01-16,CUST1493,Desk,Furniture,West,Pune,4,11335.05,45340.2,0.0,8248.2,344.36,No,Cash,Paid,Delivered
ORD100382,2025-07-14,CUST1490,Bookshelf,Furniture,West,Ahmedabad,2,5643.96,11287.92,10.0,4927.85,349.97,No,UPI,Paid,Cancelled
ORD101775,2025-07-30,CUST1232,Office Chair,Furniture,North,Jaipur,5,8461.29,42306.45,5.0,5311.32,404.77,Yes,Credit Card,Paid,Returned
ORD103875,2025-04-08,CUST1217,Mixer,Furn,Central,Indore,1,4350.3,4350.3,30.0,3780.99,288.86,No,Credit Card,Failed,Delivered
ORD102088,2025-01-29,CUST1394,Headphones,Electronics,Central,Indore,4,3042.02,12168.08,30.0,2070.4,98.01,No,Debit Card,Failed,Cancelled
 ORD105315 ,2026-01-08,CUST1490,Shoes,Fashion,North,Lucknow,2,3437.33,"6,874.66",5.0,2327.13,256.56,Yes,Cash,Failed,Returned
ORD104958,2025-10-26,CUST1326,Smartphone,Electronics,North,Lucknow,1,29267.29,29267.29,0.0,24926.1,179.51,,UPI,Pending,Returned
ORD103353,2025-01-17,CUST1514,Shoes,Fashion,South,Bengaluru,1,3614.85,3614.85,30.0,2862.78,233.51,Yes,Net Banking,Pending,Returned
ORD103584,2025-07-12,CUST1152,Jacket,Fashion,Central,Bhopal,1,4829.21,4829.21,20.0,3049.49,429.84,No,Credit Card,Failed,Delivered
ORD104458,2026-04-01,CUST1554,Coffee Maker,Home Appliances,East,Bhubaneswar,2,6036.41,12072.82,15.0,3943.85,274.9,No,Net Banking,Paid,Cancelled
ORD102505,2025-12-25,CUST1800,Smartwatch,Electronics,South,Chennai,3,7248.44,21745.32,30.0,4240.9,450.79,No,Cash,Paid,Delivered
ORD103520,2026-05-23,CUST1591,Shoes,Fashion,North,Lucknow,2,3008.97,6017.94,10.0,1971.12,252.87,No,UPI,Paid,Delivered
ORD102965,2025-03-23,CUST1398,T-Shirt,Fashion,North,Jaipur,1,1001.53,1001.53,20.0,739.3,77.74,Yes,UPI,Pending,Returned
ORD104749,2025-07-04,CUST1621,Backpack,Accessories,Central,Nagpur,1,1630.32,1630.32,15.0,1022.45,196.52,Yes,Debit Card,Failed,Returned
ORD102757,2026-02-16,CUST1206,Jacket,Fashion,West,Ahmedabad,4,4618.03,18472.12,25.0,3466.23,368.13,Yes,Net Banking,Paid,Returned
ORD101196,21/07/2025,CUST1207,Smartphone,Electronics,East,Patna,5,24219.85,121099.25,15.0,15944.65,112.79,Yes,Net Banking,Paid,Returned
ORD103493,2026-05-27,CUST1618,Blender,Home Appliances,west,Indore,4,3338.85,13355.4,0.0,2482.38,55.62,No,Net Banking,Failed,Delivered
ORD102512,2025-04-06,CUST1066,Tablet,electronics,West,Mumbai,1,21556.39,21556.39,10.0,18866.38,55.78,Yes,Net Banking,Paid,Returned
ORD103930,2025-01-02,CUST1754,Smartphone,Electronics,East,Bhubaneswar,1,26031.55,26031.55,30.0,21086.03,432.73,No,Net Banking,Pending,Delivered
ORD102701,2025-06-01,CUST1336,Smartwatch,Electronics,Central,Bhopal,1,7689.82,7689.82,25.0,5814.85,439.36,No,Debit Card,Paid,Cancelled
ORD103426,2026-05-15,CUST1037,Smartphone,Electronics,West,Mumbai,2,25371.28,50742.56,20.0,20613.42,137.22,No,Credit Card,Paid,Delivered
ORD104166,2026-01-23,CUST1143,Coffee Maker,Home Appliances,South,Chennai,2,5390.09,10780.18,5.0,,93.15,No,Cash,Paid,Delivered
ORD103428,2026-06-09,CUST1698,T-Shirt,Fashion,South,Chennai,2,768.53,1537.06,30.0,634.8,213.4,Yes,Net Banking,Paid,Returned
ORD104220,2025-12-21,CUST1324,Blender,Home Appliances,West,Pune,1,3007.57,3007.57,30.0,1731.92,323.05,Yes,Cash,Pending,Returned
ORD100739,2025-09-24,CUST1317,Jacket,Fashion,South,Bengaluru,1,4555.33,4555.33,30.0,3599.17,247.75,No,Cash,Paid,Delivered
ORD101674,2025-02-18,CUST1600,Laptop,Electronics,South,Chennai,5,49060.01,245300.05,20.0,31587.71,162.93,No,Net Banking,Paid,Cancelled
ORD105452,2025-05-16,CUST1456,Microwave,Home Appliances,Central,Indore,1,9417.73,9417.73,15.0,7065.98,112.55,No,Cash,Paid,Delivered
ORD103987,2025-12-17,CUST1708,Coffee Maker,Home Appliances,North,Jaipur,5,6248.12,31240.6,25.0,3587.7,363.38,No,Cash,Paid,Cancelled
ORD101209,2025-02-17,CUST1072,Headphones,Electronics,Central,Nagpur,2,3524.11,7048.22,0.0,2603.05,249.31,Yes,Net Banking,Paid,Returned
ORD101181,2025-01-20,CUST1759,Office Chair,Furniture,West,Mumbai,5,8449.93,42249.65,5.0,4928.79,318.56,No,Net Banking,Paid,Cancelled
ORD103338,2025-03-14,CUST1320,Smartphone,Electronics,West,Ahmedabad,5,31644.62,158223.1,15.0,25187.33,220.53,Yes,Net Banking,Paid,Returned
ORD103378,2025-08-04,CUST1159,Headphones,Electronics,North,Lucknow,2,3791.47,7582.94,10.0,2302.53,248.47,No,Debit Card,Paid,Cancelled
ORD103304,2026-04-09,CUST1202,Bookshelf,Furniture,West,Mumbai,2,7442.54,14885.08,10.0,5672.42,312.6,No,Net Banking,Paid,Delivered
ORD105061,2025-02-26,CUST1526,Jacket,Fashion,East,Patna,1,4864.55,4864.55,0.0,3144.97,470.0,No,Cash,Paid,Delivered
ORD100852,2025-03-22,CUST1662,Smartwatch,Electronics,South,Bengaluru,1,6714.19,6714.19,0.0,3740.97,279.46,No,Cash,Paid,Delivered
ORD104644,2026-03-31,CUST1542,Blender,Home Appliances,North,Delhi,2,2557.0,5114.0,5.0,1989.76,258.96,No,Net Banking,Paid,Delivered
ORD103964,2026-05-07,CUST1461,Headphones,Electronics,West,Ahmedabad,1,3291.65,3291.65,0.0,2753.92,,No,Cash,Paid,Cancelled
ORD102155,2025-04-03,CUST1578,Smartphone,Electronics,East,Patna,2,31090.55,62181.1,0.0,26763.05,264.46,Yes,Net Banking,Paid,Returned
 ORD101750 ,2026-01-01,CUST1772,Bookshelf,Furniture,North,Delhi,2,5547.53,11095.06,10.0,3561.94,106.38,No,Net Banking,Paid,Delivered
ORD103897,2025-11-20,CUST1122,Shoes,Fashion,Central,Nagpur,5,2930.49,14652.45,25.0,2178.23,215.9,Yes,UPI,Failed,Returned
ORD101176,2026-07-22,CUST1567,Shoes,Fashion,North,Jaipur,2,3481.19,6962.38,10.0,2507.7,361.86,Yes,UPI,Pending,Returned
ORD100701,2025-03-09,CUST1506,Smartphone,Electronics,East,Kolkata,2,26310.45,52620.9,0.0,15216.66,368.49,No,Cash,Paid,Delivered
ORD100061,2025-04-21,CUST1470,Backpack,Accessories,North,Jaipur,2,1850.54,3701.08,15.0,1234.65,338.46,No,UPI,Pending,Cancelled
ORD104851,2025-01-14,CUST1393,Jacket,Fashion,East,Kolkata,4,3999.88,15999.52,30.0,3199.11,428.56,No,Net Banking,Paid,Cancelled
ORD104845,2026-07-02,CUST1558,Bookshelf,Furniture,East,Bhubaneswar,1,6870.96,6870.96,0.0,4405.32,246.35,,Debit Card,Paid,Delivered
ORD100863,2025-07-20,CUST1454,Smartwatch,Electronics,Central,Bhopal,2,6214.89,12429.78,5.0,3849.83,186.4,No,Debit Card,Paid,Delivered
ORD101744,2025-08-10,CUST1737,Tablet,Electronics,West,Pune,5,22073.66,110368.3,15.0,18101.03,493.71,No,Cash,Paid,Delivered
ORD101024,2025-03-20,CUST1169,Office Chair,Furniture,West,Pune,1,8467.42,8467.42,5.0,5260.47,98.81,No,Cash,Pending,Cancelled
ORD105967,2025-12-13,CUST1478,Smartwatch,Electronics,North,Lucknow,2,6884.77,13769.54,15.0,5663.38,137.6,No,UPI,Failed,Cancelled
ORD100391,2026-07-20,CUST1344,Mixer,Home Appliances,North,Lucknow,4,4048.77,16195.08,20.0,3548.0,143.83,No,Net Banking,Paid,Delivered
ORD100298,2025-03-04,CUST1662,Jacket,Fashion,West,Ahmedabad,3,4402.26,13206.78,15.0,3198.5,,No,Credit Card,Paid,Delivered
ORD104683,2025-07-20,CUST1658,Microwave,Home Appliances,North,Delhi,3,11873.15,35619.45,10.0,7812.09,104.22,No,Net Banking,Paid,Delivered
ORD105507,2025-08-17,CUST1594,T-Shirt,Fashion,North,Jaipur,1,949.11,949.11,5.0,798.58,56.3,No,Debit Card,Failed,Delivered
ORD105175,2025-03-12,CUST1104,Microwave,Home Appliances,West,Pune,1,9354.8,9354.8,15.0,7797.13,266.27,No,Cash,Paid,Delivered
ORD102725,2026-07-18,CUST1176,T-Shirt,Fashion,South,Hyderabad,1,1002.89,1002.89,10.0,763.49,231.32,No,Cash,Failed,Delivered
ORD103200,2025-06-28,CUST1134,Smartphone,Electronics,North,Jaipur,1,30768.46,unknown,30.0,24403.12,215.51,No,Credit Card,Failed,Cancelled
ORD101822,2025-09-22,CUST1132,Blender,Home Appliances,North,Jaipur,2,3369.95,6739.9,110.0,1951.51,66.75,No,Cash,Paid,Delivered
ORD104008,2026-03-28,CUST1466,Tablet,Electronics,North,Jaipur,1,23156.8,23156.8,20.0,17247.41,83.69,No,Debit Card,Failed,Cancelled
ORD102761,2026-02-02,CUST1180,Laptop,Electronics,North,Jaipur,2,59749.43,119498.86,30.0,,220.33,No,Net Banking,Paid,Delivered
ORD101579,2026-07-31,CUST1612,Coffee Maker,Home Appliances,Central,Bhopal,4,4911.64,19646.56,30.0,2825.83,182.71,No,Cash,Paid,Delivered
ORD103953,2026-07-26,CUST1523,Smartphone,Electronics,West,Pune,3,26667.36,80002.08,10.0,17428.15,182.48,Yes,Net Banking,Paid,Returned
ORD104721,2025-02-01,CUST1298,Backpack,Accessories,Central,Nagpur,1,1783.14,1783.14,25.0,1438.43,309.76,No,UPI,Pending,Delivered
ORD101507,2025-11-01,CUST1290,Coffee Maker,Home Appliances,Central,Indore,5,5433.71,27168.55,30.0,3109.63,237.23,No,Credit Card,Paid,Cancelled
ORD100592,2026-01-14,,Backpack,Accessories,South,Chennai,1,2017.64,2017.64,15.0,1763.15,84.79,No,UPI,Paid,Delivered
ORD100908,2025-12-19,CUST1392,T-Shirt,Fashion,South,Chennai,2,877.41,1754.82,10.0,636.25,311.32,No,Credit Card,Failed,Delivered
ORD103851,2025-05-10,CUST1557,Laptop,Electronics,West,Ahmedabad,5,53645.03,268225.15,25.0,43193.55,173.99,No,Credit Card,Failed,Delivered
ORD100489,2025-06-30,CUST1545,Microwave,Home Appliances,South,Hyderabad,2,10819.4,21638.8,20.0,8366.47,207.17,No,UPI,Failed,Cancelled
ORD100145,2025-03-31,CUST1345,Blender,Home Appliances,West,Pune,1,3072.84,3072.84,5.0,2308.96,369.43,No,Debit Card,Pending,Cancelled
ORD101041,2026-02-23,CUST1207,T-Shirt,Fashion,East,Bhubaneswar,1,777.3,777.3,25.0,631.46,46.1,No,UPI,Failed,Delivered
ORD102840,2025-04-18,CUST1221,Mixer,Home Appliances,Central,Nagpur,3,4543.01,13629.03,,3330.76,107.35,No,Credit Card,Failed,Delivered
ORD102452,2025-11-09,CUST1798,Laptop,Electronics,North,Lucknow,5,24944.83,124724.15,5.0,15517.96,388.4,No,Net Banking,Failed,Delivered
ORD102732,2025-12-24,CUST1022,Smartwatch,Electronics,West,Mumbai,1,7958.3,7958.3,10.0,6383.52,331.13,No,Credit Card,Failed,Delivered
ORD100173,2025-10-15,CUST1226,Tablet,Electronics,West,Ahmedabad,2,21830.62,43661.24,5.0,16342.86,307.91,No,Credit Card,Paid,Cancelled
ORD101012,2025-12-16,CUST1688,Office Chair,Furniture,South,Chennai,1,9262.84,9262.84,0.0,6609.89,394.86,Yes,Net Banking,Pending,Returned
ORD104948,2026-06-23,CUST1082,Microwave,Home Appliances,East,Bhubaneswar,1,11181.87,11181.87,0.0,7803.18,113.78,No,Cash,Pending,Delivered
ORD105664,2025-06-24,CUST1217,Smartwatch,Electronics,East,Patna,1,7291.46,7291.46,25.0,4319.91,185.14,No,Net Banking,Failed,Delivered
ORD103522,2026-04-11,CUST1055,Desk,Furniture,Central,Nagpur,4,13314.97,53259.88,20.0,11237.32,346.84,No,UPI,Paid,Delivered
ORD104294,2026-04-25,CUST1677,Smartphone,Electronics,East,Kolkata,1,26458.72,26458.72,25.0,20154.18,288.32,No,Debit Card,Paid,Delivered
ORD102540,2025-01-16,CUST1496,Backpack,Accessories,Central,Indore,3,1771.79,5315.37,30.0,1165.22,454.68,No,Net Banking,Paid,Delivered
ORD100997,2025-11-29,CUST1562,Jacket,Fashion,West,Ahmedabad,3,4647.92,13943.76,5.0,2643.33,299.35,No,Credit Card,Paid,Delivered
ORD105231,2026-05-01,CUST1117,Smartphone,Electronics,West,Pune,5,3732.66,18663.3,5.0,2965.8,318.29,No,Debit Card,Failed,Delivered
ORD100424,2025-12-10,CUST1749,Microwave,Home Appliances,South,Hyderabad,5,9774.37,48871.85,,6897.23,82.05,No,UPI,Pending,Delivered
ORD100937,2026-02-26,CUST1540,Mixer,Home Appliances,Central,Nagpur,1,3864.88,3864.88,20.0,3129.01,394.17,No,Net Banking,Paid,Cancelled
ORD105521,2025-10-06,CUST1366,Shoes,Fashion,West,Pune,2,2777.35,5554.7,0.0,2099.61,476.58,Yes,Debit Card,Paid,Returned
ORD104940,2025-08-20,CUST1443,Laptop,Electronics,North,Lucknow,2,55051.21,110102.42,5.0,43992.62,88.59,No,UPI,Paid,Delivered
ORD101729,2025-07-14,CUST1634,Blender,Home Appliances,South,Bengaluru,1,3146.13,3146.13,20.0,1742.33,277.82,Yes,Credit Card,Pending,Returned
ORD102068,2026-03-25,CUST1106,Office Chair,Furniture, WEST ,Jaipur,5,9165.7,45828.5,20.0,6305.43,N/A,No,Credit Card,Failed,Cancelled
ORD104561,2025-06-13,CUST1261,Desk,Furniture,Central,Nagpur,5,11970.37,59851.85,10.0,7375.03,250.69,No,Debit Card,Failed,Delivered
ORD100628,2025-03-25,CUST1043,Shoes,Fashion,North,Jaipur,1,3133.7,3133.7,30.0,2618.04,187.49,Yes,Credit Card,Failed,Returned
ORD103091,2025-07-11,CUST1488,Shoes,Fashion,North,Delhi,1,3191.95,unknown,15.0,2286.29,156.17,No,Net Banking,Paid,Delivered
ORD104734,2025-05-05,CUST1585,Headphones,Electronics,West,Pune,2,3548.65,7097.3,15.0,2936.86,475.19,No,Debit Card,Pending,Delivered
ORD105711,2025-03-05,CUST1006,Office Chair,Furniture,West,Ahmedabad,2,9379.1,18758.2,15.0,5738.87,404.65,Yes,Cash,Pending,Returned
ORD105254,2025-11-15,CUST1260,Laptop,Electronics,East,Bhubaneswar,2,51698.82,103397.64,30.0,32291.66,346.7,No,Credit Card,Paid,Delivered
ORD104859,2026-07-26,CUST1231,Mixer,Home Appliances,North,Jaipur,1,3702.72,3702.72,15.0,2857.53,91.08,No,Credit Card,Paid,Cancelled
ORD101934,2025-08-21,CUST1791,Desk,Furniture,South,Chennai,2,12223.03,24446.06,20.0,7714.64,125.67,No,Credit Card,Pending,Delivered
ORD101244,2026-06-02,CUST1783,Smartwatch,Electronics,South,Bengaluru,1,6307.49,6307.49,0.0,4783.68,76.21,No,Cash,Failed,Delivered
ORD103220,2025-01-22,CUST1017,Office Chair,Furniture,Central,Indore,1,9056.95,9056.95,5.0,7518.98,N/A,No,Credit Card,Paid,Cancelled
ORD102706,2025-01-24,CUST1064,Smartwatch,Electronics,West,Ahmedabad,2,6742.92,13485.84,5.0,4943.35,238.34,Yes,Cash,Pending,Returned
ORD105294,2025-04-19,CUST1545,Mixer,Home Appliances,West,Pune,1,3826.25,3826.25,10.0,3152.54,345.41,Yes,Cash,Failed,Returned
ORD103696,2025-10-08,CUST1042,Headphones,Electronics,West,Ahmedabad,4,3216.61,12866.44,25.0,2757.91,233.64,No,Credit Card,Paid,Delivered
ORD102378,2026-07-10,CUST1225,Bookshelf,Furniture,Central,Bhopal,3,6903.53,unknown,10.0,5323.31,85.05,No,Net Banking,Paid,Delivered
ORD101335,2025-07-04,CUST1055,Blender,Home Appliances,East,Patna,1,3389.04,3389.04,30.0,2021.44,279.52,No,UPI,Paid,Delivered
ORD103473,2025-04-25,CUST1351,Office Chair,Furniture,South,Chennai,2,9093.78,18187.56,25.0,5534.57,101.45,No,Cash,Paid,Delivered
ORD103884,2025-11-21,CUST1403,Coffee Maker,Home Appliances,West,Ahmedabad,2,5493.79,10987.58,5.0,3199.73,346.3,No,UPI,Paid,Delivered
ORD104344,2025-05-12,CUST1098,Tablet,Electronics,West,Pune,4,21533.16,86132.64,10.0,16228.51,368.34,Yes,Cash,Paid,Returned
ORD100837,2026-01-24,CUST1487,Blender,Home Appliances,East,Patna,2,3134.17,6268.34,30.0,2383.03,369.52,No,Credit Card,Paid,Delivered
ORD104970,2026-04-30,CUST1353,Headphones,Electronics,West,Mumbai,4,3793.45,15173.8,0.0,2551.56,154.48,No,Net Banking,Paid,Delivered
ORD100969,2026-05-07,CUST1594,Microwave,Home Appliances,South,Bengaluru,1,11704.42,11704.42,0.0,9944.68,148.42,No,UPI,Failed,Delivered
ORD105844,2025-05-14,CUST1252,Mixer,Home Appliances,East,Kolkata,1,3822.56,3822.56,0.0,2845.35,41.6,No,UPI,Pending,Delivered
ORD102383,2025-11-24,CUST1724,Coffee Maker,Home Appliances,South,Chennai,5,6289.39,31446.95,30.0,4716.89,134.65,No,Cash,Paid,Delivered
ORD101693,2025-08-04,CUST1190,Backpack,Accessories,West,Ahmedabad,4,1710.67,6842.68,5.0,1133.98,468.14,No,Debit Card,Failed,Delivered
ORD105446,2026-05-22,CUST1689,smartphone,Home Appliances,Central,Nagpur,5,9670.99,48354.95,10.0,7782.6,397.47,No,UPI,Pending,Delivered
ORD102517,2025-01-22,CUST1638,Headphones,Electronics,East,Patna,-1,3199.09,15995.45,30.0,2142.62,426.82,No,UPI,Paid,Delivered
ORD102296,2025-08-19,CUST1452,Shoes,Fashion,North,Jaipur,2,2750.82,5501.64,25.0,1575.53,368.22,Yes,Net Banking,Paid,Returned
ORD104325,2025-01-15,CUST1725,smartphone,Furniture,North,Jaipur,4,7903.86,31615.44,20.0,6210.45,229.29,No,Net Banking,Paid,Delivered
ORD102192,2025-09-30,CUST1376,Laptop,Electronics,North,,5,63075.96,315379.8,30.0,50221.61,312.17,No,Debit Card,Paid,Delivered
ORD102958,2025-12-15,CUST1791,Office Chair,Furniture,South,Bengaluru,1,9638.44,9638.44,10.0,6357.92,169.01,No,Credit Card,Paid,Delivered
ORD101917,2025-07-05,CUST1274,Office Chair,Furniture,West,Ahmedabad,3,8662.66,25987.98,25.0,6688.76,,Yes,Net Banking,Pending,Returned
ORD102183,2025-03-15,CUST1053,Office Chair,Furniture,Central,Nagpur,1,8989.65,8989.65,30.0,7461.87,49.58,Yes,Debit Card,Paid,Returned
ORD100494,2025-02-20,CUST1610,Smartwatch,Electronics,South,Hyderabad,1,7402.61,7402.61,30.0,6019.36,-50,No,UPI,Pending,Cancelled
ORD101842,2026-07-16,CUST1340,Smartphone,Electronics,West,Pune,1,29884.65,29884.65,5.0,26000.36,436.43,No,Cash,Pending,Cancelled
ORD103379,2025-08-22,CUST1162,Tablet,Electronics,North,Lucknow,3,20667.88,62003.64,5.0,11909.06,369.31,No,Debit Card,Paid,Delivered
ORD102689,2026-05-28,CUST1079,Blender,Home Appliances,East,Bhubaneswar,2,3249.57,6499.14,0.0,2777.27,435.91,No,UPI,Failed,Delivered
ORD105121,2026-07-31,CUST1635,Coffee Maker,Home Appliances,West,Pune,4,5884.21,23536.84,15.0,4454.52,427.93,Yes,Cash,Paid,Returned
ORD103404,2025-04-16,CUST1620,Smartwatch,Electronics,South,Chennai,1,7809.44,7809.44,0.0,4651.85,291.12,No,Debit Card,Paid,Delivered
ORD102812,2025-06-11,CUST1339,Headphones,Electronics,Central,Indore,1,3280.45,3280.45,5.0,2186.96,353.66,No,UPI,Paid,Delivered
ORD102098,2025-02-26,CUST1720,Microwave,Home Appliances,Central,Nagpur,4,12571.4,50285.6,15.0,7583.17,47.0,No,Cash,Paid,Delivered
ORD100438,2026-01-18,CUST1209,Desk,Furniture,North,Lucknow,1,13211.19,13211.19,20.0,10039.13,224.82,No,Net Banking,Paid,Delivered
ORD101639,2025-01-24,CUST1721,Microwave,Home Appliances,East,Bhubaneswar,1,10189.35,10189.35,25.0,6969.89,318.84,No,Cash,Paid,Cancelled
 ORD100137 ,2026-03-03,CUST1414,Desk,Furniture,Central,Bhopal,5,11044.42,55222.1,30.0,6720.08,358.61,No,Credit Card,Paid,Delivered
ORD104758,2025-10-12,CUST1392,Shoes,Fashion,West,Mumbai,1,3539.19,3539.19,0.0,2057.84,314.88,No,Debit Card,Paid,Delivered
ORD101280,2025-06-21,CUST1318,Microwave,Home Appliances,South,Chennai,1,9420.58,9420.58,5.0,7996.57,113.44,Yes,UPI,Paid,Returned
ORD101042,2025-09-10,CUST1142,Desk,Furniture,West,Pune,2,13457.75,26915.5,5.0,7869.15,393.72,No,Debit Card,Paid,Delivered
ORD103835,2025-08-25,CUST1533,Coffee Maker,Home Appliances,East,Kolkata,2,4767.28,9534.56,20.0,3814.24,499.08,No,UPI,Paid,Delivered
ORD102481,2026-05-20,CUST1274,Desk,Furniture,South,Chennai,1,13749.73,13749.73,0.0,9419.39,175.69,Yes,Net Banking,Failed,Returned
ORD104454,2026-04-10,CUST1539,Desk,Furniture,North,Delhi,1,12360.3,12360.3,30.0,8037.33,93.92,Yes,UPI,Failed,Returned
ORD104539,2026-01-26,CUST1342,Laptop,Electronics,North,Delhi,1,52428.45,52428.45,15.0,36657.75,74.91,No,Cash,Paid,Delivered
ORD105943,2026-02-10,CUST1134,Blender,Home Appliances,Central,Nagpur,5,2694.56,13472.8,15.0,1570.42,171.2,Yes,Cash,Paid,Returned
ORD105807,2025-06-13,CUST1690,Smartphone,Electronics,East,Bhubaneswar,2,21130.42,42260.84,25.0,14541.83,43.08,No,Debit Card,Paid,Cancelled
ORD100363,2026-04-08,CUST1751,Desk,Furniture,East,Bhubaneswar,1,10581.15,10581.15,15.0,7262.34,350.88,No,Cash,Paid,Cancelled
ORD101794,2026-02-03,CUST1703,Smartwatch,Electronics,East,Patna,1,6346.35,6346.35,25.0,4868.75,207.52,No,UPI,Paid,Cancelled
ORD105538,2025-11-08,CUST1576,Jacket,Fashion,South,Bengaluru,1,4653.08,4653.08,0.0,3723.73,229.51,No,UPI,Paid,Cancelled
ORD104716,2025-04-30,CUST1335,Smartphone,Electronics,East,Patna,2,29304.0,58608.0,25.0,25677.77,255.3,No,Debit Card,Paid,Cancelled
ORD103706,2025-01-03,CUST1443,Laptop,Electronics,South,Hyderabad,4,51960.66,207842.64,15.0,39053.33,75.84,No,UPI,Failed,Delivered
ORD105627,2026-05-21,CUST1180,Smartwatch,Electronics,Central,Indore,1,6056.97,6056.97,15.0,5327.04,132.04,No,Net Banking,Paid,Delivered
ORD100668,2025-11-17,CUST1324,Jacket,Fashion,South,Hyderabad,1,4529.35,4529.35,15.0,2520.21,487.56,No,UPI,Paid,Delivered
ORD101780,2025-08-31,CUST1663,Office Chair,Furniture,East,Bhubaneswar,3,9512.77,28538.31,10.0,6774.8,203.07,No,Cash,Paid,Cancelled
ORD104690,2026-03-01,CUST1010,Mixer,Home Appliances,West,Pune,3,3781.64,11344.92,30.0,2089.15,91.13,No,UPI,Paid,Cancelled
ORD105442,2025-01-30,CUST1088,Shoes,Fashion,East,Bhubaneswar,2,2818.36,5636.72,5.0,2327.91,413.25,No,Cash,Paid,Delivered
ORD102978,2026-02-23,CUST1172,Laptop,Electronics,East,Patna,2,53117.42,106234.84,0.0,39939.09,366.98,Yes,Cash,Failed,Returned
ORD100329,2025-06-04,CUST1181,Coffee Maker,Home Appliances,West,Ahmedabad,2,5081.37,10162.74,25.0,3899.88,137.17,No,UPI,Paid,Delivered
ORD104031,2025-08-17,CUST1725,Smartphone,Home Appliances,East,Bhubaneswar,1,2737.31,2737.31,10.0,1860.12,296.58,No,UPI,Paid,Cancelled
ORD102375,2025-02-15,CUST1722,Smartwatch,Electronics,East,Kolkata,2,7473.81,14947.62,25.0,4128.53,156.05,No,Cash,Paid,Cancelled
ORD103507,2025-11-19,CUST1541,Bookshelf,Furniture,East,Bhubaneswar,1,6763.89,6763.89,20.0,4775.5,219.77,Yes,Cash,Paid,Returned
ORD103477,2025-11-11,CUST1300,Microwave,Home Appliances,East,Patna,2,9986.77,19973.54,15.0,6399.1,342.84,No,Credit Card,Pending,Delivered
ORD100286,2025-07-21,CUST1017,Bookshelf,Furniture,West,Pune,2,6159.25,12318.5,30.0,4265.69,490.97,,Credit Card,Failed,Returned
ORD100282,2026-07-09,CUST1458,Tablet,Electronics,East,Kolkata,5,24393.43,121967.15,20.0,21156.41,368.63,No,Cash,Pending,Cancelled
ORD104707,2025-09-09,CUST1135,Backpack,Accessories,East,Patna,2,1581.88,3163.76,0.0,987.16,251.95,No,Credit Card,Paid,Delivered
ORD104870,2025-01-28,CUST1177,Desk,Furniture,South,Hyderabad,1,10347.12,10347.12,15.0,6797.27,433.11,No,Debit Card,Paid,Cancelled
ORD103556,2026-02-24,CUST1784,Blender,Home Appliances,Central,Nagpur,1,3090.73,3090.73,25.0,2682.89,118.81,No,Debit Card,Paid,Delivered
ORD103092,2025-07-04,CUST1224,Backpack,Elec,North,Delhi,4,1750.86,7003.44,10.0,1399.63,74.83,,Cash,Failed,Returned
ORD105296,2026-01-26,CUST1750,Backpack,Accessories,North,Lucknow,1,1841.32,1841.32,25.0,1480.33,147.92,No,Net Banking,Pending,Delivered
ORD102691,2025-03-19,CUST1055,T-Shirt,Fashion,West,Ahmedabad,1,871.74,871.74,30.0,557.55,475.25,No,Cash,Pending,Delivered
ORD102448,2026-06-18,CUST1072,Headphones,Electronics,South,Hyderabad,1,3793.99,3793.99,15.0,3022.04,176.28,No,Debit Card,Pending,Delivered
ORD100497,2026-04-13,CUST1019,Tablet,Electronics,North,Delhi,1,24240.39,24240.39,10.0,15771.23,128.63,Yes,Cash,Paid,Returned
ORD100595,2025-10-29,CUST1278,Desk,Furniture,Central,Indore,3,13325.15,39975.45,0.0,8620.73,349.14,No,Debit Card,Paid,Delivered
ORD105894,2026-06-01,CUST1304,Smartwatch,Electronics,South,Bengaluru,2,6982.34,13964.68,20.0,3841.82,499.46,No,Debit Card,Failed,Delivered
ORD101372,12/08/2025,CUST1270,Smartphone,Electronics,South,Chennai,2,25502.58,51005.16,25.0,17919.04,232.71,No,UPI,Failed,Delivered
ORD105628,2026-04-30,CUST1578,Microwave,Home Appliances,North,Delhi,4,11139.38,44557.52,30.0,7623.59,276.28,,Cash,Paid,Delivered
ORD102505,2025-12-25,CUST1800,Smartwatch,Electronics,South,Chennai,3,7248.44,21745.32,30.0,4240.9,450.79,No,Cash,Paid,Delivered
ORD100003,2026-07-19,CUST1340,Headphones,Electronics,Central,Indore,1,3043.3,3043.3,15.0,2620.06,299.11,No, UPI ,Pending,Delivered
ORD100428,2025-03-20,CUST1658,Backpack,Accessories,South,Hyderabad,2,1673.64,3347.28,30.0,1005.44,447.64,No,Credit Card,Failed,Cancelled
ORD105985,2026-06-10,CUST1297,Jacket,Fashion,Central,Bhopal,5,4383.88,21919.4,30.0,2929.52,418.04,No,UPI,Paid,Delivered
ORD100931,2025-12-27,CUST1077,T-Shirt,Fashion,South,Bengaluru,1,959.1,959.1,15.0,559.23,370.17,No,Cash,Paid,Cancelled
ORD102470,2026-06-08,CUST1168,Shoes,Fashion,South,Hyderabad,1,3063.02,3063.02,5.0,2188.79,363.15,No,Credit Card,Paid,Delivered
ORD101416,2025-07-11,CUST1514,T-Shirt,Fashion,Central,Nagpur,1,1005.38,1005.38,15.0,610.14,54.63,No,upi,Paid,Delivered
ORD101025,2026-06-09,CUST1654,Smartwatch,Electronics,West,Mumbai,2,6286.79,12573.58,30.0,4317.72,427.4,No,Credit Card,Paid,Delivered
ORD104541,2025-01-30,CUST1256,Smartphone,Electronics,South,Bengaluru,2,27173.17,54346.34,5.0,17914.89,92.67,No,Cash,Paid,Cancelled
ORD105057,2026-03-07,CUST1400,Bookshelf,Furniture,Central,Nagpur,5,5908.09,29540.45,20.0,5165.47,185.75,No,Cash,Paid,Cancelled
ORD102789,2025-03-12,CUST1702,Backpack,Accessories,North,Delhi,4,1865.76,7463.04,20.0,1609.69,461.01,No,UPI,Pending,Delivered
ORD105302,2025-05-18,CUST1694,Jacket,Fashion,East,Patna,5,4969.89,24849.45,20.0,"2,891.41",331.63,No,Credit Card,Paid,Cancelled
ORD102686,2026-02-08,CUST1220,Smartwatch,Electronics,East,Kolkata,2,6931.19,13862.38,20.0,4847.76,462.72,No,Cash,Pending,Delivered
ORD103325,2025-05-14,CUST1102,Smartphone,Electronics,North,Delhi,5,30468.6,152343.0,5.0,23211.7,414.8,No,Net Banking,Failed,Delivered
ORD101544,2025-10-29,CUST1731,Coffee Maker,Home Appliances,North,Delhi,4,5780.42,23121.68,25.0,4131.82,228.83,Yes,Debit Card,Paid,Returned
ORD101742,2025-08-13,CUST1737,Blender,Home Appliances,South,Hyderabad,1,3274.93,3274.93,15.0,2206.81,369.96,No,Cash,Paid,Cancelled
ORD104076,2025-04-14,CUST1011,Jacket,Fashion,North,Jaipur,1,4992.16,4992.16,10.0,3872.82,431.43,No,UPI,Failed,Delivered
ORD102658,2026-01-04,CUST1539,Bookshelf,Furniture,South,Chennai,5,5712.59,28562.95,10.0,4672.03,386.91,No,Debit Card,Paid,Delivered
ORD105772,2026-02-27,CUST1575,Bookshelf,Furniture,North,Delhi,2,7222.99,14445.98,0.0,5955.64,356.55,yes,Net Banking,Paid,Delivered
ORD102879,2026-04-16,CUST1093,Office Chair,Furniture,West,Ahmedabad,2,9813.12,19626.24,30.0,6401.01,213.09,No,Net Banking,Paid,Delivered
ORD101132,2025-06-08,CUST1161,T-Shirt,Fashion,East,Bhubaneswar,3,781.32,2343.96,15.0,436.5,213.3,No,UPI,Pending,Delivered
ORD101640,2025-03-25,CUST1225,Desk,Furniture,South,Hyderabad,5,10702.7,53513.5,15.0,7479.86,232.89,Yes,Credit Card,Paid,Returned
ORD102417,2025-10-21,CUST1481,Smartphone,Electronics,West,Pune,1,29475.55,29475.55,30.0,17117.52,445.95,No,Cash,Failed,Delivered
ORD100231,2025-04-14,CUST1214,Blender,Home Appliances,Central,Nagpur,1,2685.47,2685.47,5.0,1910.27,224.82,No,Credit Card,Paid,Cancelled
ORD105267,2026-03-14,CUST1472,Headphones,Electronics,South,Hyderabad,2,3733.33,7466.66,5.0,2466.03,129.29,No,Net Banking,Paid,Delivered
ORD104211,2026-02-10,CUST1744,Smartwatch,Electronics,Central,Indore,3,6706.32,20118.96,10.0,5593.82,448.46,Yes,Cash,Failed,Returned
ORD104027,2025-01-03,CUST1774,Microwave,Home Appliances,Central,Indore,5,11576.43,57882.15,10.0,9823.92,425.53,No,Cash,Failed,Delivered
ORD101068,2025-08-22,CUST1594,Bookshelf,Furniture,West,Ahmedabad,2,5773.27,11546.54,10.0,4932.05,385.53,No,,Paid,Delivered
ORD100279,2025-09-19,CUST1340,Blender,Home Appliances,South,Bengaluru,4,3315.42,13261.68,0.0,2123.34,411.25,No,Debit Card,Paid,Delivered
ORD104264,2025-06-13,CUST1557,Smartwatch,Electronics,West,Ahmedabad,1,6348.41,6348.41,0.0,3764.55,384.81,No,Debit Card,Paid,Delivered
ORD103133,2026-06-13,CUST1285,Mixer,Home Appliances,Central,,1,3785.61,3785.61,5.0,2800.07,371.28,No,Debit Card,Pending,Delivered
ORD103190,2025-06-30,CUST1321,Coffee Maker,Home Appliances,South,Hyderabad,1,5959.15,5959.15,30.0,4837.13,499.51,No,UPI,Paid,Delivered
ORD104832,2026-01-19,CUST1428,Headphones,Electronics,East,Bhubaneswar,2,3071.69,6143.38,0.0,2234.48,483.02,Yes,UPI,Paid,Returned
ORD101380,2026-03-25,CUST1239,Coffee Maker,Home Appliances,East,Bhubaneswar,1,5587.51,5587.51,25.0,4655.69,131.56,No,Credit Card,Failed,Cancelled
ORD102283,2026-04-20,CUST1756,Office Chair,Furniture,South,Hyderabad,1,10163.61,10163.61,20.0,6248.88,410.04,No,UPI,Pending,Delivered
ORD101321,2025-06-10,CUST1746,Mixer,Home Appliances,East,Patna,1,4250.55,4250.55,5.0,2826.07,342.4,Yes,Net Banking,Paid,Returned
ORD103268,2025-06-20,CUST1690,Headphones,Electronics,North,Jaipur,5,3688.88,18444.4,30.0,2953.79,490.0,No,Cash,Failed,Delivered
ORD102835,2025-08-31,CUST1798,Blender,Home Appliances,North,Jaipur,1,2965.39,2965.39,0.0,N/A,374.87,No,Net Banking,Paid,Delivered
ORD100569,2025-06-21,CUST1649,Smartwatch,Electronics,West,Pune,5,6137.89,30689.45,15.0,3977.2,40.29,No,Credit Card,Failed,Cancelled
ORD104907,2025-07-27,CUST1474,Coffee Maker, Electronics ,West,Pune,5,6097.68,30488.4,25.0,5099.75,80.27,No,Net Banking,Pending,Delivered
ORD104963,2025-05-23,CUST1714,Headphones,Electronics,East,Kolkata,3,3336.2,10008.6,25.0,2927.09,214.68,Yes,Credit Card,Paid,Returned
ORD104445,2025-12-13,CUST1166,Office Chair,Furniture,East,Kolkata,1,8837.53,8837.53,0.0,6201.62,294.64,No,Net Banking,Paid,Delivered
ORD103545,2025-06-26,CUST1563,Desk,Furniture,South,Chennai,3,11012.47,33037.41,15.0,8250.09,356.23,No,Net Banking, PAID ,Delivered
ORD105793,2025-12-07,CUST1305,Tablet,Electronics,West,Mumbai,5,20127.08,100635.4,15.0,11984.95,434.38,Yes,Cash,Failed,Returned
ORD102225,2026-05-07,CUST1225,Headphones,Electronics,Central,Indore,1,3459.16,3459.16,0.0,unknown,444.45,No,Debit Card,Pending,Delivered
ORD103251,2025-04-17,CUST1265,Smartphone,Electronics,East,Bhubaneswar,5,30678.63,153393.15,15.0,,379.11,Yes,Cash,Paid,Returned
ORD103416,2025-02-14,CUST1407,Bookshelf,Furniture,South,Chennai,1,6531.04,6531.04,25.0,4398.34,359.05,No,Cash,Paid,Delivered
ORD100025,2025-11-17,CUST1776,Desk,Furniture,South,Chennai,1,11122.34,11122.34,20.0,6416.77,42.39,No,Cash,Paid,Cancelled
ORD102707,2025-01-07,CUST1043,Smartphone,Electronics,East,,1,30801.75,30801.75,0.0,26493.79,457.68,No,Debit Card,Failed,Delivered
ORD102818,2026-05-18,CUST1288,Tablet,Electronics,North,,5,21345.83,106729.15,0.0,17193.72,203.57,Yes,UPI,Paid,Returned
ORD100142,2025-08-09,CUST1154,Bookshelf,Furniture,South,Bengaluru,1,6428.81,6428.81,10.0,4686.47,477.68,,Cash,Failed,Cancelled
ORD102814,2026-03-14,CUST1683,Smartwatch,Electronics,West,Ahmedabad,5,7898.93,39494.65,15.0,4973.13,140.04,No,Cash,Paid,Delivered
ORD104714,2025-11-08,CUST1725,Tablet,Electronics,East,Kolkata,5,23677.27,118386.35,5.0,16681.64,419.1,No,Debit Card,Failed,Cancelled
ORD100272,2025-07-08,CUST1164,Jacket,Fashion,West,Pune,1,5095.06,5095.06,20.0,3575.72,83.72,no,Net Banking,Paid,Delivered
ORD103311,2025-03-01,CUST1151,Bookshelf,Furniture,East,Kolkata,3,6266.54,18799.62,25.0,4268.49,474.19,No,Cash,Paid,Cancelled
ORD104042,2026-02-13,CUST1510,Bookshelf,Furniture,North,Delhi,2,5979.17,11958.34,5.0,3593.2,86.96,No,Debit Card,Paid,Delivered
ORD104204,2025-09-23,CUST1639,Bookshelf,Furniture,North,Jaipur,2,7375.53,14751.06,10.0,"5,421.74",117.28,Yes,Debit Card,Pending,Delivered
ORD105569,2026-05-20,CUST1676,Blender,Home Appliances,South,Hyderabad,1,2733.91,2733.91,20.0,2155.93,74.5,No,Net Banking,Paid,Delivered
ORD102092,2026-02-25,CUST1024,Backpack,Accessories,North,Jaipur,1,1592.6,1592.6,15.0,1204.43,173.8,Yes,Credit Card,Paid,Returned
ORD104348,2025-05-28,CUST1660,Backpack,Accessories,West,Ahmedabad,2,1983.96,3967.92,0.0,1684.03,124.45,No,Cash,Paid,Delivered
ORD105233,2025-03-04,CUST1024,Office Chair,Furniture,West,Pune,2,9692.64,19385.28,25.0,7583.3,41.67,No,UPI,Pending,Delivered
ORD104988,2026-01-05,CUST1096,Tablet,Electronics,East,Kolkata,2,20258.68,40517.36,5.0,12677.74,135.46,No,Cash,Paid,Delivered
ORD103086,2026-04-22,CUST1266,Bookshelf,Furniture,South,Hyderabad,2,5696.62,11393.24,5.0,3416.75,252.22,No,Net Banking,Paid,Cancelled
ORD102230,2025-05-05,CUST1212,Coffee Maker,Home Appliances,East,Bhubaneswar,1,5753.11,5753.11,20.0,3674.11,212.55,No,Cash,Failed,Cancelled
ORD102067,2026-01-01,CUST1157,Tablet,Electronics,East,Kolkata,5,23628.55,118142.75,,16048.39,199.17,No,Cash,Paid,Delivered
ORD100156,2025-12-27,CUST1341,Tablet,Electronics,West,Pune,3,19751.41,59254.23,20.0,11098.97,179.44,No,Debit Card,Paid,Delivered
ORD100987,2025-09-13,CUST1610,Smartphone,Electronics,west,Bengaluru,1,23875.65,23875.65,15.0,17860.09,367.03,No,Debit Card,Paid,Delivered
ORD102256,2026-05-09,CUST1311,Desk,Electronics,Central,Nagpur,3,10457.95,31373.85,0.0,5905.03,374.11,No,Net Banking,Pending,Delivered
ORD101347,2025-03-21,CUST1456,Shoes,Fashion,Central,Indore,1,3130.87,3130.87,0.0,1808.88,123.41,No,Credit Card,Paid,Delivered
ORD103057,2026-02-09,CUST1570,Coffee Maker,Home Appliances,South,Bengaluru,4,6110.01,24440.04,20.0,3551.53,418.29,No,Cash,Paid,Cancelled
ORD101908,2025-08-22,CUST1586,Mixer,Home Appliances,North,Lucknow,1,4154.92,N/A,25.0,2600.8,392.47,No,Net Banking,Paid,Delivered
ORD105133,2025-07-04,CUST1406,Backpack,Accessories,Central,Nagpur,1,1994.82,1994.82,15.0,1430.15,272.13,No,UPI,Paid,Delivered
ORD103527,2025-06-26,CUST1344,Desk,Furniture,North,Delhi,2,10620.43,21240.86,5.0,8481.42,373.61,No,Cash,Paid,Delivered
ORD104920,2026-01-19,CUST1408,Smartwatch,Electronics,West,Ahmedabad,5,7743.41,38717.05,,4408.15,490.89,No,Net Banking,Failed,Delivered
ORD101133,2025-10-17,CUST1544,Blender,Home Appliances,Central,Nagpur,1,2593.94,2593.94,10.0,1630.62,431.5,No,Debit Card,Paid,Delivered
ORD105216,2025-12-17,CUST1573,Coffee Maker,Home Appliances,Central,Indore,2,5313.68,10627.36,25.0,3409.48,100.71,Yes,Cash,Failed,Returned
ORD101346,2025-03-06,CUST1581,T-Shirt,Fashion,East,Patna,4,768.41,3073.64,30.0,517.51,124.0,Yes,UPI,Paid,Returned
ORD105625,2025-09-05,CUST1365,Smartphone,Electronics,Central,Bhopal,1,29415.73,29415.73,10.0,20823.42,329.88,Yes,Net Banking,Paid,Returned
ORD100906,2025-06-22,CUST1787,Mixer,Home Appliances,Central,Nagpur,1,4278.93,4278.93,10.0,3194.08,441.21,Yes,Credit Card,Paid,Returned
ORD104700,2025-02-12,CUST1358,Smartwatch,Electronics,East,Patna,5,7740.73,38703.65,25.0,6143.69,191.85,Yes,Debit Card,Paid,Returned
ORD103020,2025-06-14,CUST1631,Bookshelf,Furniture,North,Jaipur,5,6361.02,31805.1,10.0,4099.76,202.87,No,UPI,Pending,Delivered
ORD102779,2026-01-23,CUST1674,Blender,Home Appliances,South,Hyderabad,1,2702.09,2702.09,5.0,2131.35,187.57,Yes,Credit Card,Pending,Returned
ORD100353,2026-03-22,CUST1481,Office Chair,Furniture,North,Jaipur,1,8148.51,8148.51,5.0,6105.3,437.04,No,Net Banking,Paid,Delivered
ORD101678,24/01/2025,CUST1576,Backpack,Accessories,North,Jaipur,5,1869.69,9348.45,30.0,,322.22,No,UPI,Pending,Cancelled
ORD104357,2025-06-29,CUST1431,Headphones,Electronics,North,Delhi,1,3009.49,3009.49,20.0,1806.04,350.39,No,Cash,Paid,Delivered
ORD105039,2025-12-15,CUST1423,Headphones,Electronics,East,Kolkata,2,3407.03,6814.06,15.0,1932.94,299.73,Yes,Cash,Paid,Returned
ORD105776,2025-06-30,CUST1758,T-Shirt,Fashion,South,Bengaluru,1,796.85,796.85,0.0,556.47,235.55,No,Debit Card,Pending,Delivered
ORD102499,2025-12-23,CUST1495,Office Chair,Furniture,East,Patna,3,7724.06,23172.18,25.0,4875.85,196.65,No,Credit Card,Paid,Delivered
ORD102347,2026-01-15,CUST1538,Backpack,Accessories,East,Kolkata,1,1866.31,1866.31,5.0,1611.36,292.58,No,Cash,Paid,Delivered
ORD102144,2025-03-26,CUST1728,Mixer,Home Appliances,South,Chennai,1,4630.87,4630.87,5.0,3589.58,351.08,No,Net Banking,Paid,Delivered
ORD103208,2026-03-09,CUST1009,Mixer,Home Appliances,North,Delhi,3,4764.16,14292.48,20.0,3527.89,82.61,No,Net Banking,Pending,Delivered
ORD104935,2026-06-03,CUST1736,Smartwatch,Electronics,North,Lucknow,1,7013.29,7013.29,0.0,5020.49,378.16,Yes,UPI,Pending,Returned
ORD102629,2026-01-30,CUST1156,Laptop,Electronics,Central,Nagpur,1,51466.82,51466.82,20.0,31180.65,205.78,No,Credit Card,Paid,Delivered
ORD102465,2026-05-02,CUST1133,Headphones,Electronics,South,Bengaluru,5,3699.77,18498.85,20.0,3163.27,58.72,Yes,Debit Card,Paid,Returned
ORD105646,2026-03-12,CUST1262,Microwave,Furn,East,Kolkata,1,11862.24,11862.24,30.0,8246.98,428.82,No,Cash,Paid,Delivered
ORD102962,2025-11-17,CUST1008,Microwave,Home Appliances,South,Chennai,1,12058.08,12058.08,10.0,7176.56,347.72,No,Credit Card,Paid,Cancelled
ORD105449,2026-02-26,CUST1216,Mixer,Home Appliances,South,Chennai,1,4085.38,4085.38,10.0,2759.87,283.87,Yes,Net Banking,Failed,Returned
ORD104836,2026-07-28,CUST1590,Coffee Maker,Home Appliances,West,Pune,2,6217.51,12435.02,25.0,4771.97,348.73,No,Debit Card,Failed,Delivered
ORD105930,2025-12-23,CUST1005,Office Chair,Furniture,South,Bengaluru,4,8328.53,33314.12,0.0,4708.37,55.71,Yes,Cash,Paid,Returned
ORD104254,2025-07-30,CUST1109,Tablet,Electronics,South,Bengaluru,1,22472.59,22472.59,30.0,14035.96,306.04,No,Net Banking,Paid,Delivered
ORD105653,2025-08-14,CUST1124,Bookshelf,Furniture,South,Chennai,3,6550.75,19652.25,5.0,4773.72,188.62,No,UPI,Pending,Delivered
ORD105169,2025-05-29,CUST1576,Smartwatch,Electronics,West,Mumbai,5,7413.88,37069.4,20.0,5604.06,302.53,No,Cash,Paid,Cancelled
ORD102479,2025-02-06,CUST1658,Backpack,Accessories,West,Pune,2,1890.31,3780.62,25.0,1113.47,316.85,No,Net Banking,Pending,Cancelled
ORD102438,2026-05-31,CUST1002,Backpack,Accessories,East,Kolkata,3,2059.74,6179.22,20.0,1628.11,126.93,No,Debit Card,Paid,Delivered
ORD105168,2025-10-14,CUST1168,Shoes,Fashion,South,Hyderabad,2,3475.06,6950.12,30.0,2194.13,111.33,No,Cash,Paid,Cancelled
ORD105501,2025-08-10,CUST1313,Headphones,Electronics,North,Delhi,2,3986.48,7972.96,20.0,2559.25,317.95,No,Debit Card,Paid,Delivered
ORD101751,2025-11-05,CUST1629,Desk,Furniture,North,Lucknow,2,12251.8,24503.6,10.0,7578.36,318.1,No,Credit Card,Paid,Cancelled
ORD102742,2025-11-27,CUST1194,Jacket,Fashion,West,Pune,1,4717.57,4717.57,30.0,3942.75,187.35,No,Cash,Paid,Delivered
ORD100467,2025-12-02,CUST1071,Backpack,Accessories,South,Bengaluru,3,1893.83,5681.49,5.0,1406.22,253.53,No,Debit Card,Paid,Cancelled
ORD104464,2025-02-01,CUST1679,Backpack,Accessories,Central,Bhopal,1,1953.08,1953.08,5.0,1316.42,364.46,No,UPI,Paid,Delivered
ORD104121,2025-05-02,CUST1095,Smartwatch,Electronics,East,Bhubaneswar,3,6009.54,"18,028.62",15.0,4436.8,153.92,No,Net Banking,Paid,Cancelled
ORD100457,2026-05-30,CUST1314,Coffee Maker,Home Appliances,Central,Indore,1,5942.15,5942.15,10.0,3644.71,107.17,No,Credit Card,Paid,Delivered
ORD101858,2025-10-16,CUST1749,Mixer,Home Appliances,West,Ahmedabad,2,4627.9,9255.8,15.0,2717.51,76.9,No,UPI,Paid,Delivered
ORD105980,2025-08-25,CUST1649,Mixer,Home Appliances,South,Chennai,4,4823.55,19294.2,30.0,4183.01,118.51,No,Cash,Failed,Cancelled
ORD100704,2025-02-10,CUST1122,Laptop,Electronics,East,Patna,4,55947.51,223790.04,30.0,33876.76,423.44,No,Debit Card,Paid,Delivered
ORD102655,2025-01-14,CUST1020,Bookshelf,Furniture,North,Delhi,3,6245.62,18736.86,5.0,4009.68,167.16,No,UPI,Failed,Delivered
ORD102252,2025-02-05,CUST1757,Jacket,Fashion,North,Lucknow,2,5030.47,10060.94,20.0,4311.87,357.92,No,Cash,Paid,Delivered
ORD104698,2025-02-05,CUST1014,Coffee Maker,Home Appliances,West,Delhi,5,5771.75,28858.75,15.0,3578.09,221.01,No,Net Banking,Pending,Delivered
ORD105054,2025-07-11,CUST1266,Smartwatch,Electronics,North,Delhi,3,6639.68,19919.04,30.0,5168.54,110.36,No,Cash,Paid,Delivered
ORD100039,2025-02-11,CUST1186,T-Shirt,Fashion,North,Lucknow,2,946.58,1893.16,15.0,816.18,399.4,Yes,Credit Card,Failed,Returned
ORD103857,2025-11-09,CUST1265,Office Chair,electronics,West,Mumbai,2,7962.83,15925.66,5.0,5168.4,496.31,No,UPI,Paid,Cancelled
ORD103748,2025-08-15,CUST1789,T-Shirt,Fashion,North,Lucknow,3,854.64,2563.92,20.0,669.77,94.45,No,Cash,Paid,Cancelled
ORD101578,2025-03-04,,Smartphone,Electronics,West,Mumbai,3,28742.93,86228.79,30.0,17352.35,292.4,No,Credit Card,Paid,Cancelled
ORD103725,2026-04-22,CUST1588,Backpack,Accessories,South,Chennai,2,2050.75,4101.5,25.0,1178.78,384.67,No,Cash,Paid,Delivered
ORD102412,2025-12-01,CUST1601,Mixer,Home Appliances,Central,Indore,2,3922.34,7844.68,0.0,2184.33,94.26,No,Debit Card,Paid,Delivered
ORD104292,2026-02-26,CUST1478,T-Shirt,Fashion,South,Chennai,1,841.2,841.2,15.0,729.44,358.81,Yes,Credit Card,Pending,Returned
ORD103708,2025-10-27,CUST1347,Office Chair,Furniture,Central,Indore,1,8521.35,8521.35,25.0,7463.5,439.51,No,Credit Card,Paid,Cancelled
ORD100597,2025-03-06,CUST1276,T-Shirt,Fashion,North,Delhi,2,916.73,1833.46,5.0,700.15,53.48,No,Credit Card,Paid,Delivered
ORD100897,2025-11-25,CUST1590,Backpack,Accessories,South,Hyderabad,4,2050.53,8202.12,15.0,N/A,428.57,No,UPI,Paid,Delivered
ORD105176,2025-05-13,CUST1146,Laptop,Electronics,North,Lucknow,1,50378.64,50378.64,15.0,30002.49,431.65,No,Credit Card,Paid,Cancelled
ORD102577,2025-12-07,CUST1245,Shoes,Fashion,Central,Bhopal,4,3544.69,14178.76,0.0,2517.19,406.32,No,Cash,Failed,Delivered
ORD101870,2025-02-16,CUST1665,Mixer,Home Appliances,East,Bhubaneswar,1,4455.92,4455.92,0.0,3253.3,340.8,No,Debit Card,Paid,Delivered
ORD104516,2025-06-30,CUST1210,T-Shirt,Fashion,South,Chennai,1,873.73,873.73,0.0,732.7,387.09,No,UPI,Paid,Delivered
ORD105895,2025-07-27,CUST1446,Bookshelf,Furniture,Central,Bhopal,3,6679.88,20039.64,5.0,4131.97,441.23,No,Credit Card,Failed,Cancelled
ORD100893,2026-03-29,CUST1433,Coffee Maker,Home Appliances,Central,Indore,5,5727.15,28635.75,15.0,3231.95,200.3,Yes,Credit Card,Paid,Returned
ORD103785,2025-03-02,CUST1267,T-Shirt,Fashion,North,Delhi,4,949.4,3797.6,5.0,560.86,222.72,No,Debit Card,Paid,Delivered
ORD101050,2026-05-24,CUST1351,Headphones,Electronics,South,Hyderabad,4,3628.61,14514.44,30.0,3125.68,358.99,No,Net Banking,Paid,Cancelled
ORD103433,2025-12-15,CUST1286,Laptop,Electronics,North,Jaipur,2,56204.7,112409.4,25.0,49155.44,156.5,Yes,Cash,Failed,Returned
ORD102445,2026-03-09,CUST1399,Blender,Elec,West,Patna,4,2960.46,11841.84,30.0,2198.1,120.58,No,UPI,Paid,Cancelled
ORD102009,2026-03-11,CUST1270,Office Chair,Furniture,Central,Indore,1,9131.62,9131.62,20.0,5089.66,64.86,No,Cash,Pending,Cancelled
ORD103736,2026-04-01,CUST1236,T-Shirt,Fashion,South,Chennai,1,862.36,862.36,5.0,669.28,483.39,No,Net Banking,Failed,Cancelled
ORD102307,2025-12-03,CUST1532,Shoes,Fashion,Central,Bhopal,2,3340.87,6681.74,25.0,2277.48,461.11,No,Net Banking,Paid,Delivered
ORD102661,2025-01-14,CUST1631,Office Chair,Furniture,East,Bhubaneswar,2,9386.38,18772.76,5.0,5354.55,223.42,No,Cash,Pending,Delivered
ORD102667,2025-05-20,CUST1371,Backpack,Accessories,South,Hyderabad,5,1794.35,"8,971.75",15.0,1041.11,480.5,No,UPI,Paid,Delivered
ORD103680,2025-05-27,CUST1514,Office Chair,Furniture,South,Bengaluru,1,7805.28,7805.28,25.0,5231.31,184.88,No,Debit Card,Failed,Delivered
ORD102933,2025-10-01,CUST1725,Mixer,Home Appliances,North,Delhi,4,4211.5,16846.0,0.0,2405.34,425.85,No,UPI,Paid,Delivered
ORD101064,2026-01-04,CUST1242,Jacket,Fashion,North,Lucknow,1,4812.14,4812.14,15.0,3369.16,203.84,No,Net Banking,Failed,Delivered
ORD104571,2026-05-05,CUST1205,Blender,Home Appliances,South,Hyderabad,1,2767.2,2767.2,15.0,2423.79,443.37,No,Net Banking,Paid,Delivered
ORD100163,2025-09-17,CUST1772,Backpack,Accessories,East,Patna,2,1595.55,3191.1,25.0,1017.29,121.77,No,UPI,Failed,Delivered
ORD105042,2025-02-14,CUST1287,Blender,Home Appliances,West,Mumbai,2,2572.64,5145.28,25.0,1831.08,55.28,No,Debit Card,Paid,Cancelled
ORD100077,2026-07-29,CUST1244,Laptop,Electronics,East,Kolkata,5,56780.26,283901.3,30.0,32255.24,194.19,No,Credit Card,Paid,Delivered
ORD101106,06/11/2025,CUST1127,Desk,Furniture,North,Lucknow,2,10332.06,20664.12,15.0,8255.06,308.23,No,Credit Card,Paid,Cancelled
ORD105675,2025-04-01,CUST1346,Microwave,Home Appliances,Central,Indore,1,12332.54,12332.54,30.0,10564.18,414.04,Yes,UPI,Pending,Returned
ORD105641,2026-07-09,CUST1289,Backpack,Accessories,North,Lucknow,2,1583.65,3167.3,30.0,1156.77,351.99,No,Debit Card,Paid,Delivered
ORD100613,2026-06-20,CUST1311,T-Shirt,Fashion,Central,Nagpur,1,955.62,955.62,30.0,594.24,484.37,Yes,Credit Card,Paid,Returned
ORD100102,2025-08-14,CUST1153,Mixer,Home Appliances,Central,Indore,1,4311.58,4311.58,30.0,3622.2,474.58,No,,Pending,Delivered
ORD101320,2026-06-22,CUST1798,Laptop,Electronics,Central,Bhopal,3,52308.02,156924.06,30.0,32372.65,474.36,Yes,Net Banking,Failed,Returned
ORD105157,2025-07-04,CUST1327,Tablet,Electronics,North,Jaipur,2,24048.3,48096.6,0.0,18365.82,223.85,No,Net Banking,Paid,Delivered
ORD102526,2025-07-17,CUST1202,Shoes,Fashion,West,Ahmedabad,1,3559.13,3559.13,0.0,3102.95,183.64,No,Credit Card,Pending,Delivered
ORD103926,2025-06-08,CUST1230,Blender,Home Appliances,East,Patna,5,2591.41,12957.05,5.0,1757.71,168.17,No,Credit Card,Paid,Delivered
ORD101464,2025-03-02,CUST1166,Desk,Furniture,North,Lucknow,3,12328.8,36986.4,5.0,8876.05,188.04,Yes,Net Banking,Paid,Returned
ORD102644,2026-03-31,CUST1305,Bookshelf,Furniture,Central,Bhopal,5,7277.95,36389.75,15.0,4578.21,258.38,No,Credit Card,Pending,Delivered
ORD102858,2026-04-14,CUST1140,Blender,Home Appliances,East,Patna,1,2958.87,2958.87,25.0,2457.02,45.09,Yes,Credit Card,Paid,Returned
ORD103294,2026-04-26,CUST1180,Bookshelf,Furniture,South,Bengaluru,2,5766.66,11533.32,15.0,3590.27,442.03,No,Net Banking,Paid,Delivered
ORD101738,2025-12-13,CUST1052,Coffee Maker,Home Appliances,East,Kolkata,2,5394.84,10789.68,15.0,4578.96,305.05,No,Cash,Paid,Cancelled
ORD105088,2025-04-15,CUST1292,Office Chair,Furniture,North,Delhi,4,7996.93,31987.72,25.0,5876.57,172.81,No,Debit Card,Failed,Delivered
ORD103256,2025-12-20,CUST1735,Smartphone,Electronics,South,Hyderabad,2,29278.91,58557.82,5.0,17546.42,142.21,No,Credit Card,Paid,Delivered
ORD101593,2026-04-08,CUST1783,Headphones,Electronics,North,Delhi,2,3341.47,6682.94,30.0,2702.98,443.69,No,Credit Card,Pending,Cancelled
ORD105692,2026-05-23,CUST1326,Jacket,Fashion,Central,Indore,3,4822.15,14466.45,5.0,2687.87,178.96,No,Debit Card,Pending,Delivered
ORD103429,2025-05-28,CUST1797,Shoes,Fashion,East,Kolkata,5,2792.76,13963.8,30.0,1647.97,117.81,No,UPI,Paid,Delivered
ORD105279,2025-04-05,CUST1268,Bookshelf,Furniture,East,Kolkata,1,7074.64,7074.64,0.0,5107.32,417.68,No,Cash,Paid,Cancelled
ORD102510,2025-06-21,CUST1699,Backpack,Accessories,Central,Nagpur,4,1855.8,7423.2,0.0,1418.2,479.96,No,UPI,Paid,Cancelled
ORD105765,2026-01-23,CUST1345,Laptop,Electronics,South,Bengaluru,2,54529.66,109059.32,20.0,"34,607.62",380.18,No,Debit Card,Paid,Delivered
ORD100708,2025-04-23,CUST1637,Desk,Furniture,Central,Indore,2,10812.93,21625.86,15.0,9019.79,76.04,Yes,Cash,Pending,Returned
ORD103029,2025-04-07,CUST1210,T-Shirt,Fashion,Central,Bhopal,3,827.03,2481.09,25.0,488.61,263.43,Yes,Cash,Failed,Returned
ORD104942,2025-05-06,CUST1508,Mixer,Home Appliances,Central,Indore,1,4506.55,4506.55,15.0,2582.21,364.78,No,Net Banking,Paid,Delivered
ORD102923,2026-03-27,CUST1594,Tablet,Electronics,South,Bengaluru,3,21591.13,64773.39,5.0,13268.9,487.01,No,UPI,Pending,Delivered
ORD105939,2025-10-14,CUST1558,Desk,Furniture,South,Chennai,4,11618.66,46474.64,5.0,6764.87,199.68,No,Net Banking,Failed,Delivered
ORD102804,2025-10-24,CUST1634,Microwave,Home Appliances,East,Bhubaneswar,2,9402.79,18805.58,30.0,5744.44,318.93,No,Credit Card,Pending,Cancelled
ORD100958,2026-06-04,CUST1555,Headphones,Electronics,West,Mumbai,5,3154.09,15770.45,0.0,1930.02,49.96,No,Net Banking,Failed,Delivered
ORD102650,2025-03-14,CUST1233,Shoes,Fashion,East,Patna,2,3417.78,6835.56,10.0,2835.86,190.15,No,Credit Card,Failed,Cancelled
ORD104805,2026-01-12,CUST1573,Office Chair,Furniture,Central,Indore,4,10292.16,41168.64,0.0,6561.49,430.24,No,Cash,Pending,Delivered
ORD105630,2025-05-11,CUST1771,Bookshelf,Furniture,East,Patna,1,5537.38,5537.38,15.0,3525.59,149.15,No,Net Banking,Pending,Delivered
ORD102904,2026-03-25,CUST1083,Smartwatch,Electronics,North,Lucknow,1,6292.34,6292.34,20.0,5091.5,,No,Credit Card,Failed,Delivered
ORD102184,2025-07-30,CUST1202,Tablet,Electronics,North,Delhi,1,24809.45,unknown,5.0,16531.96,375.13,No,Debit Card,Failed,Delivered
ORD102659,2025-01-15,CUST1057,T-Shirt,Fashion,West,Pune,2,870.23,1740.46,0.0,638.42,444.86,No,Debit Card,Paid,Delivered
ORD104192,2025-11-28,CUST1305,Backpack,Accessories,East,Bhubaneswar,2,1659.55,3319.1,30.0,1458.18,336.58,No,Net Banking,Failed,Delivered
ORD100301,2026-07-02,CUST1622,Tablet,Electronics,Central,Bhopal,4,19205.8,76823.2,0.0,15811.72,139.39,No,UPI,Paid,Delivered
ORD100794,2025-07-15,CUST1755,Microwave,Home Appliances,Central,Indore,2,12157.57,24315.14,20.0,7655.59,274.47,No,Debit Card,Paid,Delivered
ORD102176,2026-06-20,CUST1456,Laptop,Home Appliances,West,Mumbai,1,3724.1,3724.1,20.0,2111.44,357.41,No,Cash,Failed,Delivered
ORD100848,2025-11-15,CUST1621,Coffee Maker,Home Appliances,South,Bengaluru,2,5644.7,11289.4,0.0,4301.07,352.71,No,Net Banking,Pending,Cancelled
ORD105968,2025-03-01,CUST1547,Bookshelf,Furniture,North,Delhi,5,5702.18,28510.9,5.0,3452.26,173.39,No,UPI,Paid,Delivered
ORD103351,2026-06-23,CUST1291,Headphones,Electronics,South,Chennai,1,3553.81,3553.81,20.0,2326.13,406.46,No,Debit Card,Pending,Delivered
ORD101569,2025-08-02,CUST1576,Coffee Maker,Home Appliances,West,Mumbai,1,5062.52,5062.52,10.0,4091.86,345.35,No,Net Banking,Paid,Delivered
ORD102838,2025-03-25,CUST1585,Smartwatch,Electronics,West,Pune,1,7202.6,7202.6,5.0,6190.67,454.98,No,Net Banking,Pending,Cancelled
ORD104146,2025-07-10,CUST1052,Tablet,Electronics,Central,Indore,1,22953.82,22953.82,10.0,14448.63,457.12,No,Net Banking,Pending,Delivered
ORD104370,2025-06-15,CUST1480,Smartwatch,Electronics,South,Hyderabad,1,7649.38,7649.38,30.0,4741.05,195.06, YES ,Net Banking,Paid,Delivered
ORD105005,2025-07-03,CUST1762,Blender,Home Appliances,North,Lucknow,5,2790.1,13950.5,20.0,1710.4,229.68,No,Debit Card,Paid,Delivered
ORD104331,2025-11-11,CUST1111,Shoes,Furniture,East,Patna,5,3522.87,17614.35,5.0,2509.79,55.16,No,Debit Card,Failed,Delivered
ORD100360,2025-01-06,CUST1709,Microwave,Home Appliances,Central,Bhopal,4,12067.96,48271.84,10.0,,166.85,No,Credit Card,Paid,Cancelled
ORD104522,2025-12-14,CUST1050,Microwave,Home Appliances,South,Bengaluru,5,12046.44,60232.2,30.0,8271.94,386.09,No,Debit Card,Failed,Cancelled
ORD102352,2026-04-05,CUST1491,T-Shirt,Fashion,Central,Nagpur,1,835.03,835.03,15.0,494.6,119.01,Yes,Credit Card,Pending,Returned
ORD104506,2026-01-21,CUST1167,Smartphone,Electronics,North,Jaipur,5,26185.25,130926.25,30.0,14879.05,306.99,No,Cash,Paid,Delivered
ORD100599,2025-03-21,CUST1647,Bookshelf,Furniture,West,Pune,2,6083.25,12166.5,10.0,4641.08,339.45,No,Net Banking,Paid,Cancelled
ORD102268,2026-07-18,CUST1421,Bookshelf,Furniture,South,Bengaluru,3,6187.04,18561.12,0.0,3418.47,76.03,No,Debit Card,Paid,Delivered
ORD105925,2025-04-03,CUST1189,Tablet,Electronics,South,Bengaluru,1,24215.57,24215.57,25.0,17299.07,425.8,No,Net Banking,Paid,Delivered
ORD105383,2025-04-23,CUST1485,Microwave,Home Appliances,Central,Indore,4,10968.95,unknown,5.0,8415.24,452.97,No,Debit Card,Failed,Delivered
ORD104186,2025-01-06,CUST1691,Coffee Maker,Home Appliances, WEST ,Lucknow,2,5129.3,10258.6,25.0,4192.46,354.89,No,Credit Card,Paid,Delivered
ORD103759,2026-03-23,CUST1562,Smartwatch,Electronics,East,Kolkata,4,7396.92,29587.68,30.0,5951.09,329.09,no,UPI,Paid,Cancelled
ORD102429,2026-07-19,CUST1400,Headphones,Electronics,South,Bengaluru,3,3665.87,10997.61,0.0,2467.42,368.45,No,Net Banking,Paid,Delivered
ORD103212,2026-03-13,CUST1494,Backpack,Accessories,North,Lucknow,3,1623.37,4870.11,15.0,1361.76,393.68,No,Cash,Paid,Cancelled
ORD103354,2026-03-19,CUST1378,T-Shirt,Fashion,East,Bhubaneswar,2,859.72,1719.44,20.0,705.96,69.48,Yes,Debit Card,Failed,Returned
ORD103621,2025-11-13,CUST1127,Shoes,Fashion,North,Delhi,3,3552.86,10658.58,20.0,2298.56,478.36,No,Debit Card,Paid,Delivered
ORD104197,2025-08-18,CUST1393,Shoes,Fashion,East,Kolkata,5,2742.98,13714.9,20.0,2073.57,298.17,No,Debit Card,Paid,Delivered
ORD102013,2025-10-22,CUST1198,Jacket,Fashion,North,Lucknow,1,4575.83,4575.83,20.0,3215.71,337.65,No,Cash,Paid,Delivered
ORD103026,30/05/2026,CUST1144,Bookshelf,Furniture,North,Jaipur,2,5785.88,11571.76,30.0,4745.43,56.21,No,UPI,Paid,Cancelled
ORD104811,2026-04-09,CUST1437,Smartwatch,Electronics,West,Ahmedabad,2,6822.46,13644.92,10.0,4693.86,221.15,No,UPI,Paid,Delivered
ORD104297,2026-01-02,CUST1229,Office Chair,Furniture,East,Kolkata,5,8691.76,43458.8,15.0,6995.8,472.92,No,Net Banking,Pending,Delivered
ORD104479,2025-01-25,CUST1018,Tablet,Electronics,North,Delhi,2,22234.79,44469.58,30.0,16622.21,226.98,No,UPI,Pending,Delivered
ORD103054,2026-03-25,CUST1689,Desk,Furniture,West,Pune,2,11038.69,22077.38,25.0,8422.5,222.51,No,Cash,Pending,Delivered
ORD102301,2025-05-02,CUST1450,smartphone,Electronics,North,Lucknow,1,48651.23,48651.23,30.0,27600.8,187.72,No,UPI,Pending,Cancelled
ORD101894,2026-04-20,CUST1311,Shoes,Fashion,West,Mumbai,1,3635.09,3635.09,15.0,2159.31,450.13,No,Net Banking,Paid,Delivered
ORD103688,2025-02-14,CUST1275,Coffee Maker,Home Appliances,South,Bengaluru,4,5876.69,23506.76,5.0,4144.11,196.29,No,UPI,Paid,Delivered
ORD101852,2025-04-22,CUST1368,Tablet,Electronics,South,Chennai,5,20167.55,100837.75,25.0,16714.65,159.85,No,Credit Card,Pending,Delivered
ORD100968,2025-08-08,CUST1406,Blender,Home Appliances,East,Bhubaneswar,2,3069.34,6138.68,25.0,2178.41,490.0,No,Debit Card,Paid,Cancelled
ORD100321,2025-12-17,CUST1655,Smartwatch,Electronics,West,Mumbai,1,7910.5,7910.5,10.0,6456.55,434.69,No,Net Banking,Paid,Delivered
ORD100465,2025-09-30,CUST1588,Backpack,Accessories,South,Bengaluru,1,1671.35,1671.35,0.0,1164.6,264.96,No,,Paid,Delivered
ORD100245,2025-11-21,CUST1157,Mixer,Home Appliances,South,Hyderabad,1,3917.97,3917.97,25.0,3313.0,308.3,No,UPI,Paid,Delivered
ORD101857,2026-01-20,CUST1053,Blender,Home Appliances,North,Delhi,1,2997.67,2997.67,25.0,2217.79,175.78,No,UPI,Failed,Delivered
ORD104441,2026-01-11,CUST1571,Smartphone,Electronics,South,,1,30168.77,30168.77,20.0,23938.99,453.03,No,Cash,Pending,Delivered
ORD101336,2025-03-31,CUST1282,Microwave,Home Appliances,West,Ahmedabad,1,10119.01,10119.01,15.0,6554.4,328.57,No,Debit Card,Paid,Delivered
ORD104486,2025-10-25,CUST1063,Tablet,Electronics,East,Bhubaneswar,1,22596.5,22596.5,5.0,15674.95,62.34,No,Net Banking,Paid,Delivered
ORD100947,2025-09-20,CUST1643,Headphones,Electronics,East,Patna,2,3822.74,7645.48,25.0,2211.94,195.02,Yes,UPI,Paid,Returned
ORD101978,2025-04-12,CUST1561,Smartphone,Electronics,North,Delhi,2,26320.22,52640.44,0.0,17121.88,398.76,No,Debit Card,Pending,Delivered
ORD101910,2025-03-30,CUST1549,Tablet,Electronics,West,Pune,2,24225.35,48450.7,20.0,19830.69,278.46,No,Debit Card,Pending,Delivered
ORD101058,2026-05-22,CUST1761,Blender,Home Appliances,North,,2,3071.69,6143.38,30.0,2022.43,478.13,Yes,Debit Card,Paid,Returned
ORD101746,2026-01-06,CUST1375,Microwave,Home Appliances,East,Kolkata,1,12630.77,12630.77,15.0,8053.55,480.25,No,Cash,Paid,Cancelled
ORD105457,2025-07-16,CUST1710,Coffee Maker,Home Appliances,East,Kolkata,1,6175.81,6175.81,20.0,3912.01,121.85,No,UPI,Paid,Delivered
ORD101223,2025-04-09,CUST1033,Smartphone,Electronics,North,Delhi,1,27698.74,27698.74,15.0,22349.53,289.88,No,Credit Card,Paid,Delivered
ORD105648,2025-04-20,CUST1449,Smartwatch,Electronics,East,Bhubaneswar,3,6357.09,19071.27,0.0,4344.28,128.53,Yes,Credit Card,Paid,Returned
ORD101080,2026-04-20,CUST1222,Blender,Home Appliances,West,Mumbai,2,2786.75,5573.5,20.0,2063.12,116.15,No,Cash,Failed,Cancelled
ORD104994,2025-06-03,CUST1381,Smartphone,Electronics,South,Chennai,4,28274.34,113097.36,10.0,18359.33,150.36,No,UPI,Paid,Delivered
ORD101865,2026-01-27,CUST1540,Desk,Furniture,East,Kolkata,4,13549.19,54196.76,25.0,9068.2,331.02,Yes,UPI,Failed,Returned
ORD100250,2025-09-20,CUST1274,Backpack,Accessories,East,Patna,3,2005.28,6015.84,0.0,1629.81,386.85,Yes,Cash,Pending,Returned
ORD101975,2026-06-30,CUST1677,laptop,Furniture,West,Mumbai,1,12969.57,12969.57,20.0,7174.27,192.15,No,Credit Card,Paid,Delivered
ORD103996,2026-06-03,CUST1012,Mixer,Home Appliances,West,Pune,1,4313.61,4313.61,5.0,2635.57,167.1,No,Net Banking,Pending,Delivered
ORD105274,2026-02-22,CUST1312,Jacket,Fashion,South,Chennai,1,4658.42,4658.42,0.0,3235.8,449.72,Yes,Net Banking,Failed,Returned
ORD101472,2026-05-31,CUST1173,Backpack,Accessories,East,Kolkata,1,1658.0,1658.0,30.0,1043.23,375.39,No,Debit Card,Paid,Delivered
ORD102363,2025-07-21,CUST1225,Coffee Maker,Home Appliances,West,Ahmedabad,1,6261.5,6261.5,5.0,4150.03,134.96,No,Debit Card,Paid,Delivered
ORD101500,2025-03-09,CUST1114,laptop,Home Appliances,West,Mumbai,2,2803.1,5606.2,15.0,1681.55,412.74,No,Credit Card,Failed,Delivered
ORD105091,2025-05-28,CUST1576,T-Shirt,Fashion,South,Hyderabad,2,888.84,1777.68,15.0,721.91,153.27,No,Debit Card,Paid,Delivered
ORD104599,2025-07-04,CUST1365,Mixer,Home Appliances,North,Jaipur,1,3589.36,3589.36,25.0,2642.48,211.72,No,Cash,Pending,Delivered
ORD102999,2025-01-17,CUST1090,T-Shirt,Fashion,East,Kolkata,4,934.63,3738.52,30.0,783.98,225.61,No,UPI,Pending,Cancelled
ORD101954,2025-10-20,CUST1696,Backpack,Accessories,North,Lucknow,3,1997.57,5992.71,5.0,1408.26,385.96,No,UPI,Paid,Delivered
ORD103877,2026-05-27,CUST1317,Office Chair,Furniture,Central,Indore,1,9118.38,9118.38,15.0,6353.69,345.7,No,Net Banking,Paid,Delivered
ORD105647,2026-06-11,CUST1766,Blender,Home Appliances,Central,Indore,2,2953.09,5906.18,5.0,1882.51,182.95,No,Credit Card,Paid,Delivered
ORD105962,28/04/2025,CUST1187,Mixer,Home Appliances,West,Mumbai,2,4559.78,9119.56,15.0,3454.94,185.18,No,Credit Card,Paid,Delivered
ORD100072,2025-04-28,CUST1159,Tablet,Electronics,East,Patna,4,19644.64,78578.56,15.0,14498.99,390.73,No,Cash,Failed,Delivered
ORD103284,2025-08-28,CUST1051,Smartwatch,Electronics,South,Hyderabad,4,8037.69,32150.76,15.0,5197.34,139.83,No,Net Banking,Paid,Delivered
ORD105549,05/04/2025,CUST1678,Headphones,Electronics,South,Chennai,2,3903.04,7806.08,0.0,2988.4,417.89,No,Debit Card,Paid,Delivered
ORD105207,2026-07-19,CUST1118,Jacket,Fashion,North,Jaipur,2,4087.07,8174.14,15.0,2483.18,461.0,No,Net Banking,Failed,Cancelled
ORD104320,2026-01-11,CUST1766,T-Shirt,Fashion,Central,Indore,5,825.06,4125.3,30.0,544.34,411.24,No,Credit Card,Pending,Delivered
ORD102685,2025-07-24,CUST1228,Laptop,Electronics,Central,Nagpur,3,54420.4,163261.2,20.0,40422.88,105.75,No,Cash,Paid,Delivered
ORD104120,2026-05-04,CUST1058,Coffee Maker,Home Appliances,East,Patna,3,5593.3,16779.9,30.0,3663.42,146.94,No,Credit Card,Paid,Cancelled
ORD103025,2026-04-15,CUST1043,Headphones,Electronics,East,Patna,2,3245.43,6490.86,20.0,2616.15,413.98,No,Credit Card,Paid,Delivered
ORD102433,2025-04-23,CUST1723,Mixer,Home Appliances,North,Lucknow,1,4564.86,4564.86,25.0,3326.53,141.33,No,Cash,Paid,Cancelled
ORD101389,2025-04-20,CUST1052,Microwave,Home Appliances,East,Patna,2,10664.8,21329.6,10.0,7108.53,251.02,No,Net Banking,Paid,Delivered
ORD102345,2025-07-30,CUST1528,Laptop,Electronics,West,Ahmedabad,1,57185.22,57185.22,15.0,45037.19,339.64,Yes,Debit Card,Paid,Returned
ORD104891,2026-05-26,CUST1321,Mixer, Electronics ,South,Chennai,5,3856.5,19282.5,25.0,2833.99,192.26,No,Cash,Failed,Delivered
ORD101116,2025-06-10,CUST1032,Bookshelf,Furniture,West,,1,7069.82,7069.82,0.0,6012.9,46.82,No,Cash,Failed,Delivered
ORD101191,2026-03-27,CUST1167,Smartwatch,Electronics,South,Bengaluru,1,7724.37,7724.37,0.0,4268.4,288.05,No,Debit Card,Failed,Delivered
ORD103101,2025-05-10,CUST1587,Shoes,Fashion,Central,Nagpur,1,2906.46,2906.46,30.0,2045.25,272.48,Yes,UPI,Paid,Returned
ORD100026,2025-07-09,CUST1125,Desk,Furniture,West,Pune,1,10538.33,10538.33,30.0,8133.15,190.95,Yes,Credit Card,Paid,Returned
ORD105160,2025-10-30,CUST1521,Jacket,Fashion,North,Jaipur,5,4572.87,22864.35,25.0,3399.18,366.23,Yes,Net Banking,Pending,Returned
ORD102424,2025-08-04,CUST1491,Coffee Maker,Home Appliances,North,Delhi,2,5124.13,10248.26,10.0,3124.98,147.06,No,Net Banking,Paid,Cancelled
ORD105359,2026-04-01,CUST1615,Smartphone,Electronics,West,Mumbai,3,25097.2,75291.6,0.0,20458.87,unknown,No,Debit Card,Paid,Delivered
ORD100743,2025-09-21,CUST1064,Mixer,Home Appliances,West,Ahmedabad,1,3968.63,3968.63,15.0,2436.45,199.08,No,UPI,Paid,Delivered
ORD102666,2025-10-30,CUST1215,Blender,Home Appliances,West,Mumbai,1,3163.3,3163.3,30.0,2159.09,327.13,No,Net Banking,Paid,Delivered
ORD105889,2025-10-21,CUST1238,Smartwatch,Electronics,North,Delhi,4,6349.36,25397.44,5.0,4908.29,414.33,Yes,Debit Card,Paid,Returned
ORD103517,2026-06-23,CUST1742,Office Chair,Furniture,Central,Indore,5,9244.38,46221.9,5.0,8040.21,408.41,No,Cash,Paid,Cancelled
 ORD104329 ,2025-12-02,CUST1578,Mixer,Home Appliances,West,Mumbai,1,4764.51,4764.51,20.0,3009.25,79.46,No,Debit Card,Pending,Delivered
ORD105202,2025-06-25,CUST1105,Headphones,Electronics,North,Pune,2,3537.43,7074.86,15.0,2904.44,345.9,No,Net Banking,Paid,Delivered
ORD100788,2026-02-22,CUST1620,Mixer,Home Appliances,East,Kolkata,5,4159.38,20796.9,20.0,3495.28,60.74,No,Debit Card,Pending,Cancelled
ORD105344,2025-04-10,CUST1419,Smartwatch,Electronics,North,Lucknow,3,7609.88,22829.64,5.0,4359.0,261.0,No,UPI,Failed,Delivered
ORD103247,2026-07-08,CUST1636,Headphones,Electronics,South,Chennai,1,3304.46,3304.46,10.0,1858.92,434.98,No,Net Banking,Paid,Delivered
 ORD104591 ,2025-11-18,CUST1296,Smartphone,electronics,North,Lucknow,5,25257.44,126287.2,10.0,17120.37,195.59,Yes,UPI,Paid,Returned
ORD101730,2025-06-25,CUST1540,Mixer,Home Appliances,East,Bhubaneswar,2,4199.1,8398.2,25.0,2538.35,480.06,No,Debit Card,Paid,Cancelled
ORD100682,2025-11-21,CUST1785,Shoes,Fashion,South,Hyderabad,1,3557.27,3557.27,20.0,2554.15,107.83,No,Debit Card,Paid,Delivered
ORD100201,2026-01-17,CUST1645,T-Shirt,Fashion,South,Hyderabad,4,942.16,3768.64,10.0,731.74,82.79,Yes,Net Banking,Pending,Returned
ORD105602,2025-08-07,CUST1390,Jacket,Fashion,West,Mumbai,2,4427.85,8855.7,5.0,2689.67,136.35,No,Debit Card,Paid,Cancelled
ORD100870,2026-01-15,CUST1667,Shoes,Fashion,East,Kolkata,1,3447.16,3447.16,30.0,2412.5,377.86,No,Cash,Paid,Delivered
ORD100981,2026-03-19,CUST1423,Tablet,Electronics,West,Pune,2,24570.35,49140.7,0.0,18949.06,495.39,No,Debit Card,Pending,Cancelled
ORD104434,2026-05-13,CUST1029,Laptop,Electronics,East,Patna,5,62280.63,311403.15,0.0,41979.75,356.24,No,Cash,Paid,Delivered
ORD104799,2025-08-04,CUST1438,Tablet,Electronics,Central,Bhopal,1,24274.5,24274.5,15.0,18037.2,208.16,No,Credit Card,Pending,Delivered
ORD102209,2025-07-30,CUST1571,Jacket,Fashion,South,Chennai,2,4524.64,9049.28,0.0,3429.6,86.67,No,UPI,Paid,Delivered
ORD100567,2025-01-13,CUST1560,Backpack,Accessories,South,Bengaluru,1,1943.18,1943.18,25.0,1276.16,416.85,No,UPI,Paid,Delivered
ORD101548,2025-01-28,CUST1519,T-Shirt,Fashion,West,Ahmedabad,3,996.05,2988.15,20.0,738.89,281.29,No,Credit Card,Paid,Delivered
ORD104765,2025-06-24,CUST1279,Shoes,Fashion,North,Lucknow,-1,3331.88,6663.76,0.0,2716.83,221.71,Yes,Debit Card,Paid,Returned
ORD104296,2026-05-13,CUST1742,Mixer,Home Appliances,North,Delhi,3,4082.91,12248.73,0.0,3430.21,323.82,No,Credit Card,Failed,Delivered
ORD104378,2026-07-24,CUST1796,Bookshelf,Furniture,South,Bengaluru,3,7013.84,21041.52,25.0,4248.69,224.19,No,Credit Card,Pending,Delivered
ORD103760,2026-06-02,CUST1355,Headphones,Electronics, WEST ,Delhi,1,3987.0,3987.0,25.0,2782.28,182.75,No,UPI,Paid,Delivered
ORD102211,2025-05-30,CUST1193,Tablet,Electronics,West,Ahmedabad,4,20364.33,81457.32,10.0,14266.37,252.96,No,Credit Card,Pending,Delivered
ORD102280,2025-12-04,CUST1727,Laptop,Electronics,East,Kolkata,4,48203.96,192815.84,110.0,36831.66,302.08,No,Credit Card,Paid,Cancelled
ORD100014,2026-03-15,CUST1203,Coffee Maker,Home Appliances,North,Lucknow,1,5070.28,5070.28,5.0,3677.01,245.98,No,UPI,Failed,Delivered
ORD102609,2025-12-11,CUST1643,Office Chair,Home appliance,South,Bengaluru,1,9364.41,9364.41,20.0,5667.99,230.63,No,UPI,Paid,Delivered
ORD101448,2025-07-21,CUST1786,Jacket,Fashion,Central,Indore,2,3868.98,7737.96,20.0,2934.71,280.24,No,UPI,Failed,Cancelled
ORD104974,2025-07-11,CUST1286,Smartphone,Electronics,North,Delhi,2,25450.05,50900.1,,22029.49,434.43,No,Net Banking,Paid,Cancelled
ORD104863,2025-12-02,CUST1181,Tablet,Electronics,East,Kolkata,2,24751.4,49502.8,10.0,,495.98,No,Debit Card,Failed,Delivered
ORD101932,2025-01-21,CUST1075,Bookshelf,Furniture,West,Mumbai,1,5773.47,5773.47,10.0,4284.28,233.17,No,Cash,Paid,Delivered
ORD100762,2025-12-20,CUST1075,Smartwatch,Electronics,East,Bhubaneswar,2,7977.87,15955.74,0.0,4413.75,149.52,No,UPI,Paid,Cancelled
ORD103367,2025-08-26,CUST1539,Bookshelf,Furniture,South,Bengaluru,2,6181.71,12363.42,25.0,4922.99,158.47,No,UPI,paid,Delivered
ORD101614,2026-03-21,CUST1659,Shoes,Fashion,North,Jaipur,1,2724.03,2724.03,25.0,1858.34,346.26,No,UPI,Paid,Delivered
ORD102633,2025-08-24,CUST1589,Microwave,Home Appliances,East,Bhubaneswar,5,11304.19,56520.95,30.0,8161.83,434.41,No,UPI,Paid,Delivered
ORD102170,2026-07-17,CUST1506,Tablet,Electronics,North,Delhi,1,22816.18,22816.18,30.0,16613.56,188.73,No,Credit Card,Paid,Delivered
ORD103468,2025-10-01,CUST1328,Laptop,Electronics,East,Kolkata,1,50777.74,50777.74,5.0,35711.41,121.71,No,Net Banking,Paid,Cancelled
ORD105537,2025-09-01,CUST1409,Microwave,Home Appliances,West,Mumbai,4,9736.92,38947.68,20.0,5564.92,56.89,No,UPI,Failed,Cancelled
ORD103061,2026-07-24,CUST1057,Office Chair,Furniture,South,Chennai,5,8000.73,40003.65,5.0,5157.25,316.9,No,Cash,Failed,Delivered
ORD101944,2025-10-02,CUST1633,Backpack,Accessories,West,Mumbai,1,1918.97,1918.97,25.0,1067.75,119.18,No,Cash,Paid,Delivered
ORD100052,2026-02-05,CUST1624,Smartphone,Electronics,East,Patna,1,26385.33,26385.33,0.0,19317.47,298.03,No,Net Banking,Failed,Delivered
ORD100878,2025-04-25,CUST1263,Smartwatch,Electronics,South,Chennai,1,7807.82,7807.82,5.0,6843.02,252.69,Yes,,Paid,Returned
ORD100378,2025-10-27,CUST1589,Backpack,Accessories,West,Pune,1,1744.38,1744.38,15.0,1337.25,286.17,Yes,UPI,Paid,Returned
ORD100346,2026-02-28,CUST1407,Microwave,Home Appliances,East,Bhubaneswar,1,11225.93,11225.93,30.0,9037.04,148.99,No,Credit Card,Failed,Delivered
ORD102572,2025-06-28,CUST1278,smartphone,Accessories,North,Lucknow,2,1551.21,3102.42,25.0,895.52,314.93,No,Debit Card,Failed,Delivered
ORD102547,2026-03-01,CUST1606,Coffee Maker,Home Appliances,Central,Indore,5,5308.52,26542.6,15.0,4603.19,110.09,No,Net Banking,Paid,Delivered
ORD102090,2025-01-22,CUST1345,T-Shirt,Fashion,South,Bengaluru,1,809.2,809.2,30.0,676.2,118.11,No,Debit Card,Paid,Delivered
ORD102250,2026-07-29,CUST1103,Jacket,Fashion,West,Ahmedabad,5,4089.56,20447.8,30.0,3228.87,354.41,No,Net Banking,Pending,Delivered
ORD102726,2025-04-21,CUST1210,Desk,Furniture,Central,Indore,1,12175.58,12175.58,20.0,9689.68,439.24,No,Debit Card,Paid,Delivered
ORD100030,2025-06-03,CUST1656,Tablet,Electronics,North,Lucknow,5,22110.2,110551.0,30.0,15339.44,375.82,Yes,Net Banking,Paid,Returned
ORD102504,2025-01-28,CUST1259,Desk,Furniture,West,Mumbai,1,12142.86,12142.86,5.0,8958.26,250.73,No,Credit Card,Paid,Delivered
ORD100674,2025-12-31,CUST1777,Desk,Home appliance,South,Hyderabad,1,12194.85,12194.85,25.0,7359.84,263.76,No,UPI,Failed,Delivered
ORD105718,2026-04-05,CUST1074,Tablet,Electronics,East,Patna,4,19579.3,78317.2,30.0,13461.38,442.34,No,UPI,Failed,Delivered
ORD101679,2025-03-02,CUST1085,Smartphone,Electronics,South,Hyderabad,1,32185.68,32185.68,15.0,unknown,68.54,Yes,Credit Card,Failed,Returned
ORD103804,2025-05-14,CUST1071,Smartwatch,Electronics,South,,1,7721.6,7721.6,5.0,6480.47,214.01,No,UPI,Failed,Delivered
ORD102790,2026-05-23,CUST1601,Jacket,Fashion,East,Bhubaneswar,3,4626.74,13880.22,20.0,2710.66,398.03,No,Cash,Paid,Delivered
ORD104818,2026-03-30,CUST1479,Microwave,Home Appliances,Central,Indore,2,11734.86,23469.72,10.0,7858.53,110.71,No,Debit Card,Failed,Delivered
ORD105883,2026-01-17,CUST1757,Laptop,Electronics,South,Bengaluru,2,58596.88,117193.76,20.0,41377.97,316.81,No,UPI,Paid,Delivered
ORD105203,2026-04-14,CUST1748,Laptop,Electronics,West,Ahmedabad,4,53257.4,213029.6,20.0,44505.26,254.16,Yes,Cash,Paid,Returned
ORD101238,2025-10-21,CUST1394,Coffee Maker,Home Appliances,South,Chennai,1,5289.11,5289.11,0.0,4522.76,415.57,No,Credit Card,Paid,Delivered
ORD105788,2025-11-01,CUST1193,Office Chair,Furniture,East,Bhubaneswar,4,9545.7,38182.8,0.0,8183.25,421.05,No,UPI,Paid,Delivered
ORD102373,2025-10-15,CUST1420,Smartwatch,Electronics,North,Delhi,1,6210.9,6210.9,30.0,3969.27,265.88,No,Debit Card,Paid,Delivered
ORD102898,2026-05-14,CUST1295,Backpack,Accessories,South,Hyderabad,3,1938.24,5814.72,25.0,1416.97,143.21,Yes,Debit Card,Paid,Returned
ORD102969,2026-01-28,CUST1606,Backpack,Accessories,West,Pune,1,1970.34,1970.34,20.0,1697.23,458.2,No,Net Banking,Pending,Delivered
ORD101758,2025-07-10,CUST1500,Headphones,Electronics,East,Patna,2,3735.57,7471.14,20.0,2392.38,380.98,No,Net Banking,Paid,Delivered
ORD103771,2026-03-26,CUST1523,Smartphone,Home Appliances,East,Patna,2,5417.77,10835.54,25.0,4129.07,158.13,No,Credit Card,Paid,Delivered
ORD103782,2026-01-07,CUST1431,Bookshelf,Furniture,North,Lucknow,5,7376.05,36880.25,20.0,5611.23,421.08,No,Cash,Paid,Delivered
ORD105593,2025-01-15,CUST1622,Backpack,Accessories,West,Mumbai,4,1568.19,6272.76,10.0,1025.68,469.76,No,Cash,Paid,Cancelled
ORD105025,2026-07-14,CUST1468,Bookshelf,Furniture,North,Jaipur,2,5740.66,11481.32,15.0,4299.13,409.58,No,Credit Card,Paid,Delivered
ORD100151,2025-03-14,CUST1648,Smartwatch,Electronics,South,,3,7164.61,21493.83,30.0,5767.26,161.85,No,Debit Card,Paid,Cancelled
ORD102003,2025-11-27,CUST1237,Smartphone,Electronics,East,Bhubaneswar,2,26762.21,53524.42,15.0,14949.57,292.41,No,Debit Card,Paid,Delivered
ORD102070,2026-01-17,CUST1142,Backpack,Accessories,North,Delhi,1,1858.24,1858.24,5.0,1099.89,126.25,Yes,Net Banking,Paid,Returned
ORD101712,2025-06-07,CUST1328,Mixer,Home Appliances,North,Delhi,2,4479.05,8958.1,15.0,3003.1,138.69,No,Debit Card,Failed,Cancelled
ORD105029,2025-06-30,CUST1417,Blender,Home Appliances,North,Delhi,1,3004.76,3004.76,30.0,1909.84,291.06,No,Debit Card,Pending,Cancelled
ORD104886,2026-04-11,CUST1442,Smartphone,Electronics,Central,Indore,1,28648.68,28648.68,10.0,18911.95,121.8,Yes,Cash,Paid,Returned
ORD105105,2025-11-21,CUST1344,Mixer,Home Appliances,Central,Indore,1,4258.77,N/A,25.0,3577.55,265.54,No,Credit Card,Paid,Cancelled
ORD100616,2026-06-15,CUST1614,Desk,Furniture,West,Mumbai,1,11898.12,11898.12,20.0,7277.83,70.66,No,Net Banking,Paid,Cancelled
ORD102813,2026-07-12,CUST1717,Bookshelf,Furniture,North,Delhi,1,5997.14,5997.14,20.0,3471.06,347.8,No,UPI,Paid,Cancelled
ORD105789,2026-02-28,CUST1188,Backpack,Accessories,East,Kolkata,1,1985.05,1985.05,0.0,1443.37,384.88,No,Credit Card,Failed,Delivered
ORD103664,2026-02-26,CUST1256,Shoes,Fashion,North,Lucknow,5,3184.82,15924.1,25.0,2113.13,374.08,No,Net Banking,paid,Delivered
ORD103508,2026-02-11,CUST1581,Mixer,Home Appliances,South,Chennai,1,4204.62,4204.62,0.0,2683.89,210.9,No,Net Banking,Failed,Delivered
ORD102864,2025-05-17,CUST1369,Smartwatch,Electronics,Central,Bhopal,1,7545.78,7545.78,20.0,6185.81,426.93,No,Cash,Failed,Delivered
ORD100093,2025-05-11,CUST1498,Backpack,Accessories,North,Delhi,5,1923.22,9616.1,0.0,1505.16,315.21,No,Cash,Pending,Delivered
ORD102189,2025-02-22,CUST1553,T-Shirt,Fashion,Central,Bhopal,2,861.36,1722.72,10.0,730.99,122.23, YES ,Net Banking,Paid,Delivered
ORD102384,2026-07-22,CUST1451,Bookshelf,Furniture,West,Mumbai,4,6423.7,25694.8,30.0,3574.46,96.78,No,Net Banking,Pending,Delivered
ORD103041,2025-12-27,CUST1650,T-Shirt,Fashion,South,Chennai,2,775.59,1551.18,5.0,581.64,271.1,No,UPI,Paid,Delivered
ORD104702,2025-08-29,CUST1696,Coffee Maker,Home Appliances,Central,Indore,4,5981.47,23925.88,10.0,5204.34,217.7,No,UPI,Paid,Delivered
ORD103754,2025-10-01,CUST1544,Smartwatch,Electronics,Central,Bhopal,1,7786.83,7786.83,30.0,5871.97,259.71,No,Credit Card,Paid,Delivered
ORD102734,2025-05-06,CUST1472,Shoes,Fashion,South,Bengaluru,2,3643.47,7286.94,20.0,3023.43,293.95,No,Credit Card,Paid,Delivered
ORD101049,2025-07-21,CUST1168,Blender,Home Appliances,Central,Bhopal,1,3146.45,3146.45,0.0,1805.18,306.55,No,UPI,Failed,Delivered
ORD101371,2026-01-27,CUST1480,Office Chair,Furniture,North,Delhi,3,9717.09,29151.27,15.0,7587.03,197.14,No,Net Banking,Paid,Delivered
ORD101384,2025-10-29,CUST1624,Jacket,Fashion,South,Bengaluru,2,3900.64,7801.28,25.0,2963.95,399.77,No,Debit Card,Paid,Delivered
ORD105847,2025-04-15,CUST1299,Headphones,Electronics,North,Delhi,3,3989.77,11969.31,15.0,2920.59,49.21,No,Cash,Failed,Delivered
ORD105485,2025-05-05,CUST1197,Blender,Home Appliances,Central,Bhopal,5,2728.99,13644.95,0.0,2350.91,244.61,No,Debit Card,Paid,Delivered
ORD105933,2025-07-10,CUST1025,Headphones,Electronics,Central,Bhopal,2,3885.44,7770.88,5.0,2528.82,161.22,No,Cash,Failed,Delivered
ORD100405,2025-04-11,CUST1607,Laptop,Electronics,South,Chennai,1,62770.51,62770.51,20.0,42688.02,317.53,No,Net Banking,Paid,Delivered
ORD104060,2025-11-25,CUST1448,Bookshelf,Furniture,North,Delhi,1,6076.57,6076.57,10.0,3413.15,390.01,No,Cash,Paid,Delivered
ORD104514,2026-03-15,CUST1508,Shoes,Fashion,South,Hyderabad,3,3277.77,9833.31,5.0,2663.89,402.91,Yes,Debit Card,Paid,Returned
ORD103763,2025-06-24,CUST1019,Office Chair,Furniture,East,Patna,1,9006.29,9006.29,20.0,5760.39,214.94,No,UPI,Paid,Cancelled
ORD100488,2025-10-11,CUST1312,Shoes,Fashion,North,Lucknow,2,3147.99,6295.98,20.0,"2,044.93",57.2,No,Net Banking,Paid,Delivered
ORD105533,2025-12-26,CUST1458,Tablet,Electronics,North,Delhi,4,25011.83,100047.32,30.0,15620.24,444.74,No,UPI,Pending,Delivered
ORD102418,2025-11-18,CUST1628,Headphones,Electronics,South,Bengaluru,4,3480.95,13923.8,20.0,2721.6,119.78,No,Debit Card,Failed,Delivered
ORD104452,2025-10-21,CUST1480,Headphones,Electronics,Central,Bhopal,4,3467.55,13870.2,30.0,2351.34,364.93,Yes,Credit Card,Failed,Returned
ORD102721,2026-05-11,CUST1362,Jacket,Fashion,Central,Nagpur,2,3931.82,7863.64,25.0,2906.35,194.21,No,Credit Card,paid,Cancelled
ORD105248,2025-02-26,CUST1286,Laptop,Electronics,South,Hyderabad,4,53601.1,214404.4,25.0,42233.1,193.79,No,UPI,Paid,Delivered
ORD104587,2026-05-06,CUST1283,Shoes,Fashion,East,Kolkata,2,3241.17,6482.34,15.0,2814.48,344.1,No,Credit Card,Paid,Delivered
ORD101476,2026-01-20,CUST1262,Tablet,Electronics,East,Patna,1,19487.02,19487.02,0.0,16754.44,251.03,Yes,Debit Card,Paid,Cancelled
ORD102536,2026-07-03,CUST1371,Microwave,Home Appliances,West,Mumbai,2,12197.53,24395.06,15.0,7398.72,256.73,No,Net Banking,Paid,Delivered
ORD101310,2025-06-22,CUST1759,Bookshelf,Furniture,East,Kolkata,1,6531.84,6531.84,10.0,5437.91,146.18,No,Debit Card,Paid,Delivered
ORD105405,2025-03-20,CUST1475,Microwave,Home Appliances,South,Hyderabad,5,12119.55,60597.75,25.0,9227.03,141.53,No,Credit Card,Paid,Delivered
ORD103337,2026-06-21,CUST1726,Office Chair,Furniture,South,Hyderabad,2,9826.97,19653.94,25.0,8602.05,203.03,Yes,Cash,Paid,Returned
ORD103033,2026-07-16,CUST1359,Desk,Furniture,West,Pune,1,11883.51,11883.51,30.0,10325.63,197.01,No,Debit Card,Paid,Cancelled
ORD103476,2025-11-20,CUST1047,Laptop,Fashion,North,Jaipur,4,3613.67,14454.68,10.0,2381.96,439.48,No,Credit Card,Paid,Delivered
ORD100432,2025-07-11,CUST1325,Mixer,Home Appliances,South,Hyderabad,4,4366.34,17465.36,30.0,3128.35,183.61,No,Debit Card,Pending,Delivered
ORD101000,2025-08-09,CUST1513,Smartphone,Electronics,West,Mumbai,2,29626.39,59252.78,25.0,23676.85,385.37,No,Credit Card,Pending,Delivered
ORD103611,2025-08-05,CUST1623,Smartwatch,Electronics,West,Pune,5,6631.8,33159.0,5.0,4974.68,211.88,No,Net Banking,Paid,Delivered
ORD101573,2025-10-25,CUST1399,Smartwatch,Electronics,Central,Indore,2,6486.16,12972.32,10.0,4553.59,145.52,No,Credit Card,Paid,Delivered
ORD103396,2026-07-26,CUST1769,Blender,Home Appliances,South,Hyderabad,2,2705.22,5410.44,0.0,1760.75,112.06,No,UPI,Paid,Cancelled
ORD105482,2025-04-06,CUST1195,Coffee Maker,Home Appliances,East,Patna,1,6201.98,6201.98,0.0,3695.04,224.85,Yes,Debit Card,Paid,Returned
ORD104553,2026-07-24,CUST1173,Headphones,Electronics,South,Bengaluru,2,2993.92,5987.84,5.0,2000.15,128.42,No,Net Banking,Failed,Delivered
ORD100618,2026-06-14,CUST1010, LAPTOP ,Furniture,North,Lucknow,1,10261.79,10261.79,15.0,7401.59,490.46,No,UPI,Paid,Delivered
ORD104242,2026-05-20,CUST1117,T-Shirt,Fashion,West,Ahmedabad,1,1012.03,1012.03,30.0,775.99,201.05,No,Credit Card,Paid,Cancelled
ORD101206,2025-10-19,CUST1261,Office Chair,Furniture,Central,Bhopal,5,9301.03,46505.15,30.0,6029.58,65.53,Yes,Cash,Paid,Returned
ORD105189,2026-04-25,CUST1020,Mixer,Home Appliances,South,Hyderabad,5,4532.75,22663.75,25.0,3595.44,191.45,No,UPI,Pending,Delivered
ORD102704,2026-07-09,CUST1605,Smartphone,Electronics,North,Jaipur,1,29930.77,29930.77,25.0,17284.11,140.23,No,Net Banking,Pending,Cancelled
ORD100262,2025-09-29,CUST1580,Jacket,Fashion,West,Ahmedabad,1,4009.95,4009.95,10.0,3255.03,432.74,No,Cash,Paid,Delivered
ORD104598,2025-12-21,CUST1343,Smartphone, Electronics ,West,Ahmedabad,4,24182.94,96731.76,15.0,20465.68,430.3,No,Credit Card,Pending,Delivered
ORD105139,2026-04-24,CUST1240,Smartwatch,Electronics,East,Kolkata,1,5970.71,5970.71,30.0,4310.53,425.33,No,Debit Card,Failed,Cancelled
ORD104784,2025-09-29,CUST1430,Blender,Home Appliances,North,Lucknow,1,3135.09,3135.09,25.0,,201.33,No,UPI,Paid,Delivered
ORD102866,2026-07-03,CUST1296,Smartphone,Electronics,North,Jaipur,2,30976.55,61953.1,10.0,26483.39,346.98,No,UPI,Paid,Cancelled
ORD104843,2025-11-14,CUST1272,Bookshelf,Furniture,West,Pune,1,6622.16,6622.16,25.0,4349.74,122.2,No,Debit Card,Paid,Delivered
ORD104726,2026-01-11,CUST1088,Headphones,Electronics,South,Bengaluru,5,3331.15,16655.75,5.0,2305.16,363.9,No,Cash,Pending,Delivered
ORD105049,2025-05-16,CUST1372,Microwave,Home Appliances,North,Lucknow,4,10881.78,43527.12,0.0,8724.23,106.29,No,Credit Card,Paid,Cancelled
ORD100644,2025-05-10,CUST1350,Headphones,Electronics,North,Jaipur,3,3481.34,10444.02,5.0,2985.61,394.31,No,Credit Card,Pending,Delivered
ORD104314,2025-07-29,CUST1598,Laptop,Electronics,East,Bhubaneswar,3,59033.74,177101.22,10.0,50438.43,278.48,No,Debit Card,Pending,Delivered
ORD103376,2025-01-03,CUST1545,Laptop,Electronics,East,Bhubaneswar,4,50338.56,201354.24,15.0,35408.68,86.53,No,Credit Card,Paid,Cancelled
ORD104830,2025-07-03,CUST1324,Microwave,Home Appliances,Central,Bhopal,3,11732.7,35198.1,20.0,6974.03,48.25,Yes,Debit Card,Paid,Returned
ORD103063,2025-07-17,CUST1427,Smartphone,Electronics,East,Kolkata,4,23966.51,95866.04,30.0,19257.89,74.22,No,Credit Card,Pending,Delivered
ORD105853,2025-12-16,CUST1239,Headphones,Electronics,East,Bhubaneswar,1,3967.55,3967.55,25.0,2710.43,88.43,No,Debit Card,Paid,Cancelled
ORD102331,2025-04-04,CUST1241,Coffee Maker,Home Appliances,West,Mumbai,5,5149.94,25749.7,5.0,3314.89,399.61,No,Net Banking,Failed,Delivered
ORD103937,2025-10-31,CUST1152,Office Chair,Furniture,Central,Indore,2,9444.15,18888.3,5.0,6348.46,329.97,No,UPI,Pending,Delivered
ORD101411,2025-08-02,CUST1697,Office Chair,Furniture,Central,Nagpur,5,9169.2,45846.0,15.0,6379.86,381.68,No,Net Banking,Paid,Delivered
ORD102175,2026-01-07,CUST1431,Jacket,Fashion,Central,Indore,3,4445.97,13337.91,10.0,3674.7,443.13,No,Cash,paid,Delivered
ORD105150,2025-04-17,CUST1184,Microwave,Home Appliances,North,Delhi,1,11182.65,11182.65,15.0,6399.55,260.27,No,,Pending,Delivered
ORD100973,2025-07-12,CUST1055,Smartwatch,Electronics,North,Lucknow,1,7784.29,7784.29,25.0,6663.74,279.66,No,UPI,Pending,Cancelled
ORD102939,2025-06-26,CUST1473,Smartphone,Electronics,West,Pune,1,29720.81,29720.81,15.0,19012.02,257.74,Yes,,Pending,Returned
ORD101936,2025-12-17,CUST1116,Microwave,Home Appliances,East,Kolkata,2,11068.53,22137.06,20.0,8313.62,400.14,No,Net Banking,Paid,Delivered
ORD100935,2025-10-07,CUST1116,Blender,Home Appliances,South,Bengaluru,3,3107.91,9323.73,30.0,2554.43,351.47,No,Cash,Failed,Cancelled
ORD102550,2025-03-12,CUST1092,Desk,Furniture,West,Ahmedabad,2,11379.68,22759.36,30.0,9165.26,456.23,No,UPI,Paid,Delivered
ORD104050,2026-02-16,CUST1305,Blender,Home Appliances,South,Hyderabad,2,3113.4,unknown,15.0,1870.87,,No,Cash,Pending,Cancelled
ORD103682,2025-04-24,CUST1700,Headphones,Electronics,East,Patna,1,3978.74,3978.74,30.0,3166.93,257.2,No,Debit Card,Paid,Cancelled
ORD101257,2025-05-01,CUST1766,Coffee Maker,Home Appliances,West,Mumbai,1,5775.5,5775.5,5.0,3673.65,439.2,No,Credit Card,Paid,Delivered
ORD100411,2026-07-11,CUST1136,Headphones,Electronics,East,Patna,5,3259.15,16295.75,5.0,,272.62,Yes,Net Banking,Paid,Returned
ORD101459,2025-04-23,CUST1166,Desk,Furniture,East,Bhubaneswar,1,13321.31,13321.31,0.0,8893.35,334.24,Yes,UPI,Pending,Returned
ORD104019,2025-02-19,CUST1164,T-Shirt,Fashion,North,Lucknow,5,807.84,4039.2,20.0,498.65,469.95,No,Credit Card,Paid,Cancelled
ORD102997,2025-10-03,,Smartphone,Electronics,Central,Indore,3,30638.7,"91,916.10",30.0,21689.34,290.67,No,Cash,Paid,Cancelled
ORD104289,2026-03-26,CUST1428,Coffee Maker,Home Appliances,North,Delhi,3,6032.5,18097.5,10.0,3938.42,167.21,No,,Paid,Delivered
ORD105404,2026-06-10,CUST1489,Tablet,Electronics,Central,Nagpur,4,22990.21,91960.84,0.0,18887.95,235.86,No,UPI,Paid,Delivered
ORD103953,2026-07-26,CUST1523,Smartphone,Electronics,West,Pune,3,26667.36,80002.08,10.0,17428.15,182.48,Yes,Net Banking,Paid,Returned
ORD105527,2026-06-15,CUST1270,Shoes,Fashion,South,Bengaluru,2,3383.5,6767.0,30.0,2533.68,154.42,No,Debit Card,Paid,Delivered
ORD100480,2025-08-20,CUST1289,Backpack,Accessories,East,Kolkata,4,1549.69,6198.76,15.0,,216.13,No,Credit Card,Paid,Delivered
ORD100419,2026-06-24,CUST1419,Headphones,Electronics,South,Bengaluru,4,3411.61,13646.44,25.0,2329.8,279.02,No,Cash,Failed,Cancelled
ORD100143,2026-03-03,CUST1021,Smartphone,Electronics,Central,Indore,4,28282.26,113129.04,30.0,19235.91,292.73,No,Debit Card,Failed,Cancelled
ORD103158,2025-02-01,CUST1367,Blender,Home Appliances,North,Lucknow,3,2647.43,7942.29,10.0,1475.39,329.09,No,Debit Card,Paid,Delivered
ORD105937,2025-02-18,CUST1474,Headphones,Electronics,Central,Nagpur,1,3085.93,3085.93,30.0,2106.23,299.27,No,Net Banking,Paid,Delivered
ORD103383,2026-04-14,CUST1552,Shoes,Fashion,East,Patna,4,3470.91,13883.64,0.0,2533.9,436.61,No,Net Banking,Paid,Delivered
ORD102711,2025-07-18,CUST1191,Tablet,Electronics,West,Pune,5,21371.1,106855.5,5.0,12367.72,328.52,No,Credit Card,Paid,Cancelled
ORD101682,2026-05-26,CUST1157,Shoes,Fashion,North,Jaipur,2,3311.72,6623.44,15.0,2850.15,327.81,Yes,Credit Card,Pending,Returned
ORD105128,2026-01-13,CUST1607,Shoes,Fashion,Central,Indore,3,2934.49,8803.47,0.0,1790.82,130.45,Yes,UPI,Paid,Returned
ORD104823,2025-02-04,CUST1381,Microwave,Home Appliances,North,Lucknow,4,9918.08,39672.32,10.0,7676.46,452.89,No,Cash,paid,Delivered
ORD101729,2025-07-14,CUST1634,Blender,Home Appliances,South,Bengaluru,1,3146.13,3146.13,20.0,1742.33,277.82,Yes,Credit Card,Pending,Returned
ORD104761,2025-05-01,CUST1457,Desk,Furniture,North,Jaipur,2,10606.05,21212.1,15.0,6776.17,268.98,No,UPI,Paid,Delivered
ORD102830,2025-11-11,CUST1052,Jacket,Fashion,west,Jaipur,3,4724.9,14174.7,20.0,3515.29,362.1,No,UPI,Paid,Delivered
ORD103572,2025-09-10,CUST1371,Shoes,Furniture,South,Bengaluru,3,2741.37,8224.11,5.0,2210.35,149.46,No,Cash,Failed,Delivered
ORD101114,2025-03-15,CUST1416,Microwave,Home Appliances,South,Bengaluru,4,11791.02,47164.08,30.0,8775.67,398.06,Yes,UPI,Paid,Returned
ORD102872,2026-01-06,CUST1086,Desk,Furniture,East,Kolkata,2,12355.21,24710.42,0.0,8765.87,368.99,No,Credit Card,Paid,Delivered
ORD104595,2026-02-19,CUST1007,Smartwatch,Electronics,North,Delhi,4,7811.37,31245.48,0.0,4384.86,387.83,No,Cash,Paid,Delivered
ORD104341,2025-09-03,CUST1589,Bookshelf,Furniture,North,Jaipur,4,7145.63,28582.52,5.0,5476.09,116.34,No,Debit Card,Paid,Delivered
ORD100342,2025-01-02,CUST1758,Mixer,Home Appliances,East,Bhubaneswar,1,4560.12,4560.12,20.0,3212.43,254.5,No,UPI,Failed,Cancelled
ORD101203,2025-09-27,CUST1595,Office Chair,Elec, WEST ,Bhopal,2,7650.32,15300.64,20.0,5577.78,407.54,Yes,Cash,Paid,Returned
ORD105374,2025-03-03,CUST1201,Desk,Furniture,West,Pune,3,13187.11,39561.33,20.0,10475.66,200.23,No,Net Banking,Paid,Cancelled
ORD101942,2025-04-02,CUST1077,Tablet,Electronics,East,Kolkata,1,22021.79,22021.79,5.0,13088.47,219.96,No,Debit Card,Paid,Delivered
ORD104151,2025-10-14,CUST1770,T-Shirt,Fashion,Central,Nagpur,1,922.56,922.56,30.0,639.62,280.63,No,Debit Card,Paid,Delivered
ORD105820,2025-03-27,CUST1656,Backpack,Accessories,Central,Nagpur,2,1755.43,3510.86,25.0,1415.68,153.86,No,Credit Card,Pending,Cancelled
ORD104453,2025-10-28,CUST1149,Coffee Maker,Home Appliances,East,Kolkata,2,5809.07,11618.14,30.0,3929.92,340.01,Yes,,Paid,Returned
ORD104205,2025-12-12,CUST1715,Bookshelf,Furniture,Central,Bhopal,2,6630.88,13261.76,0.0,5087.41,348.98,Yes,UPI,Paid,Returned
ORD104340,2026-02-12,CUST1236,Blender,Home Appliances,Central,Indore,1,2896.46,2896.46,0.0,1797.25,87.03,No,UPI,Paid,Delivered
ORD101891,2025-01-06,CUST1759,Coffee Maker,Home Appliances,Central,Indore,4,5284.52,21138.08,30.0,4139.24,382.59,No,Credit Card,Paid,Cancelled
ORD100551,2025-11-09,CUST1126,Smartphone,Electronics,Central,Nagpur,3,24393.85,73181.55,25.0,18103.61,unknown,,Debit Card,Pending,Returned
ORD104373,2025-11-29,CUST1669,T-Shirt,Fashion,South,Chennai,4,922.63,3690.52,20.0,717.84,64.17,No,UPI,Paid,Cancelled
ORD103310,2025-07-05,CUST1495,Smartwatch,Electronics,West,Pune,3,6281.06,18843.18,15.0,5155.83,364.08,No,UPI,Paid,Delivered
ORD100421,2025-10-30,CUST1680,Desk,Furniture,North,Lucknow,2,11898.26,23796.52,30.0,7780.91,143.32,Yes,Credit Card,Paid,Returned
ORD103298,2025-04-04,CUST1570,Headphones,Electronics,East,Patna,2,3528.66,7057.32,10.0,2555.63,353.87,Yes,Debit Card,Failed,Returned
ORD100526,2025-05-03,CUST1705,Jacket,Fashion,North,Lucknow,2,4375.66,8751.32,25.0,N/A,70.03,No,Debit Card,Paid,Delivered
ORD105229,2026-03-06,CUST1132,Microwave,Home Appliances,North,Delhi,1,11283.2,11283.2,10.0,7172.27,203.45,No,Cash,Paid,Delivered
ORD103361,2026-07-02,CUST1389,Headphones,Electronics,East,Patna,4,3090.38,12361.52,10.0,unknown,264.9,No,Debit Card,Paid,Delivered
ORD104281,2026-02-11,CUST1525,Smartwatch,Electronics,South,Chennai,2,6087.86,12175.72,10.0,3718.99,338.55,No,Credit Card,Paid,Delivered
ORD101829,2026-02-16,CUST1522,Laptop,Electronics,South,Bengaluru,2,57801.68,115603.36,0.0,33427.35,190.64,No,UPI,Failed,Delivered
ORD105839,2026-01-20,CUST1653,T-Shirt,Fashion,East,Patna,3,874.48,2623.44,15.0,637.14,87.51,No,UPI,Failed,Delivered
ORD105358,2026-06-24,CUST1048,Bookshelf,Furniture,West,Mumbai,3,5611.64,16834.92,10.0,3302.43,117.85,No,Credit Card,Paid,Delivered
ORD105345,2026-01-31,CUST1013,Office Chair,Furniture,South,Chennai,2,9007.94,18015.88,25.0,6073.19,108.99,No,Credit Card,Paid,Delivered
ORD101436,2025-06-05,CUST1478,Smartwatch,Electronics,Central,Indore,3,7322.64,21967.92,20.0,5153.54,332.85,No,Credit Card,Pending,Delivered
ORD105816,2025-06-03,CUST1327,Desk,Furniture,West,Mumbai,5,10200.17,51000.85,20.0,7361.57,208.41,Yes,Debit Card,Failed,Returned
ORD104540,2025-01-05,CUST1733,Backpack,Accessories,South,Chennai,1,1701.65,1701.65,15.0,1372.63,420.6,Yes,Debit Card,Paid,Returned
ORD103448,2025-12-20,CUST1470,Mixer,Home Appliances,West,Mumbai,3,4164.9,12494.7,0.0,2874.41,367.95,No,UPI,Pending,Delivered
ORD105037,2025-04-25,CUST1310,Microwave,Home Appliances,North,Lucknow,5,12339.19,61695.95,10.0,10488.79,74.64,No,UPI,Pending,Cancelled
ORD101216,2026-07-04,CUST1646,Coffee Maker,Home Appliances,West,Ahmedabad,1,6318.64,6318.64,5.0,5069.69,152.21,No,Net Banking,Failed,Delivered
ORD105803,2025-12-08,CUST1147,Backpack,Accessories,East,Bhubaneswar,2,1828.43,3656.86,30.0,1397.62,208.31,No,Debit Card,Paid,Delivered
ORD105214,2025-01-29,CUST1203,Coffee Maker,Home Appliances,North,Delhi,1,5131.21,5131.21,25.0,3960.3,245.65,No,Debit Card,Paid,Delivered
ORD105003,2025-12-01,CUST1762,Headphones,Electronics,North,Jaipur,2,3273.79,6547.58,15.0,2551.13,313.71,No,,Pending,Delivered
ORD102778,2025-12-29,CUST1066,Shoes,Fashion,West,Ahmedabad,2,2986.79,5973.58,0.0,1921.37,246.59,Yes,UPI,Paid,Returned
ORD102566,2026-07-09,CUST1436,Coffee Maker,Home Appliances,South,Hyderabad,2,5499.23,10998.46,5.0,4344.46,397.77,No,UPI,Failed,Cancelled
ORD101237,2026-05-25,CUST1667,Office Chair,Furniture,Central,Indore,1,10040.68,10040.68,20.0,7050.76,257.36,No,Cash,Paid,Cancelled
ORD101601,2025-12-27,CUST1069,T-Shirt,Electronics,East,Patna,2,895.55,1791.1,25.0,563.32,289.75,No,Debit Card,Failed,Delivered
ORD103388,2025-07-24,CUST1565,Blender,Home Appliances,East,Bhubaneswar,1,3250.88,3250.88,0.0,1984.12,96.88,No,UPI,Failed,Delivered
ORD105578,2026-05-24,CUST1185,Microwave,Home Appliances,East,Bhubaneswar,1,10966.13,10966.13,15.0,7235.6,356.15,No,Credit Card,Paid,Cancelled
ORD101056,2025-08-02,CUST1594,Laptop,Electronics,North,Lucknow,4,60522.03,242088.12,20.0,37016.86,274.7,No,Debit Card,Failed,Delivered
ORD105744,2025-12-17,CUST1034,Headphones,Electronics,South,Bengaluru,5,3658.27,18291.35,0.0,2417.66,,No,Net Banking,Paid,Delivered
ORD101180,2025-12-01,CUST1212,Tablet,Electronics,North,Delhi,2,19054.4,38108.8,25.0,11419.54,306.88,No,Debit Card,Failed,Delivered
ORD103272,2025-08-18,CUST1647,Office Chair,Furniture,South,Bengaluru,1,9286.99,9286.99,5.0,N/A,121.98,No,Debit Card,Failed,Delivered
ORD102627,2025-07-13,CUST1264,Shoes,Fashion,Central,Indore,5,3141.29,15706.45,25.0,1845.0,444.88,Yes,Cash,Paid,Returned
ORD103141,2025-12-30,CUST1211,Microwave,Home Appliances,West,Ahmedabad,2,12260.83,24521.66,5.0,10298.5,53.98,No,Credit Card,Pending,Delivered
ORD104207,2025-06-12,CUST1174,Coffee Maker,Home Appliances,West,Mumbai,3,5748.92,17246.76,5.0,3629.49,210.33,No,Net Banking,Paid,Delivered
ORD100307,2025-10-09,CUST1017,Smartphone,Electronics,Central,Indore,5,31738.96,158694.8,0.0,22648.36,469.24,No,Net Banking,Failed,Cancelled
ORD103769,2026-07-20,CUST1133,T-Shirt,Fashion,North,Delhi,1,807.64,807.64,10.0,651.19,137.35,No,Cash,Paid,Cancelled
ORD101341,2025-11-25,CUST1200,Shoes,Fashion,East,Patna,5,3567.79,17838.95,30.0,2911.49,448.68,No,Cash,Paid,Cancelled
ORD102945,2026-04-19,CUST1569,T-Shirt,Fashion,North,Delhi,4,872.89,3491.56,5.0,598.14,187.08,No,Cash,Pending,Cancelled
ORD103349,2025-11-29,CUST1208,Coffee Maker,Home Appliances,West,Mumbai,5,6239.01,31195.05,25.0,4912.18,310.22,No,Cash,Paid,Cancelled
ORD104355,2026-06-29,CUST1454,Smartphone,Electronics,West,Pune,4,24033.38,96133.52,25.0,15766.99,315.81,,Debit Card,Pending,Delivered
ORD104396,2025-10-17,CUST1367,Mixer,Home Appliances,West,Ahmedabad,2,4725.73,9451.46,25.0,3971.02,497.11,Yes,Cash,Pending,Returned
ORD103646,2025-06-24,CUST1158,Blender,Home Appliances,Central,Bhopal,1,3303.69,3303.69,0.0,2537.48,475.01,No,Credit Card,Failed,Delivered
ORD104992,2026-05-15,CUST1686,Office Chair,Furniture,Central,Bhopal,1,10130.48,10130.48,10.0,6517.65,294.11,No,UPI,Paid,Delivered
ORD105780,2025-05-30,CUST1019,Jacket,Fashion,South,Chennai,2,3833.66,7667.32,10.0,2179.97,397.3,Yes,Cash,Pending,Returned
ORD103192,2025-01-08,CUST1707,Mixer,Home Appliances,East,Patna,5,4231.59,21157.95,25.0,3082.08,234.78,No,Debit Card,Paid,Delivered
ORD100575,2026-03-13,CUST1259,Smartphone,Electronics,East,Bhubaneswar,2,26136.14,52272.28,0.0,,166.94,No,UPI,Paid,Delivered
ORD100584,2025-06-05,CUST1654,T-Shirt,Fashion,West,Pune,2,818.38,1636.76,5.0,645.38,273.57,No,UPI,Paid,Delivered
ORD105531,02/07/2026,CUST1365,Bookshelf,Furniture,Central,Bhopal,1,7424.7,7424.7,0.0,5735.12,262.9,Yes,Net Banking,Paid,Returned
ORD104023,2025-04-18,CUST1516,Jacket,Fashion,South,Hyderabad,1,4749.29,4749.29,30.0,2739.8,267.2,No,Debit Card,Paid,Delivered
ORD103972,2025-10-24,CUST1700,Desk,Furniture,North,Lucknow,1,12174.49,12174.49,,9788.19,440.3,No,Credit Card,Paid,Delivered
ORD104471,2025-06-02,CUST1782,Blender,Home Appliances,East,Kolkata,4,3030.21,12120.84,0.0,2352.87,177.73,Yes,Credit Card,Pending,Returned
ORD103048,2026-03-19,CUST1186,Bookshelf,Furniture,North,Delhi,1,6730.35,6730.35,25.0,4099.68,142.75,No,Cash,Paid,Delivered
ORD104902,2025-09-04,CUST1361,Headphones,Electronics,West,Pune,4,3375.02,13500.08,0.0,1917.25,396.56,No,Cash,Paid,Delivered
ORD102844,2025-08-29,CUST1786,Coffee Maker,Home Appliances,West,Mumbai,5,4994.3,24971.5,0.0,2829.41,384.93,No,Credit Card,Paid,Cancelled
ORD104817,2026-03-06,CUST1235,Laptop,Electronics,East,Kolkata,1,55604.0,55604.0,10.0,41494.71,94.07,No,UPI,Paid,Delivered
ORD100846,2025-11-17,CUST1532,Backpack,Accessories,Central,Nagpur,1,1849.63,1849.63,30.0,1131.3,235.76,No,UPI,Pending,Cancelled
ORD103640,2025-06-04,CUST1194,Bookshelf,Furniture,North,Lucknow,2,7184.55,14369.1,25.0,5551.1,125.24,Yes,Cash,Failed,Returned
ORD100792,2025-10-07,CUST1019,Microwave,Home Appliances,West,Ahmedabad,3,12569.24,37707.72,20.0,9381.24,81.49,No,Cash,Paid,Delivered
ORD101667,2025-02-22,CUST1175,Blender,Home Appliances,Central,Nagpur,4,3012.81,12051.24,25.0,1800.46,289.06,No,Debit Card,Paid,Delivered
ORD105721,2025-03-05,CUST1735,Smartphone,Electronics,Central,Bhopal,1,23101.25,23101.25,5.0,19039.82,206.0,No,Debit Card,Paid,Cancelled
ORD104063,2025-07-11,CUST1593,Smartphone,Electronics,North,Lucknow,5,28876.26,144381.3,10.0,18279.84,449.62,No,UPI,Pending,Delivered
ORD105620,2026-07-10,CUST1577,Tablet,Electronics,East,Kolkata,3,20345.17,61035.51,0.0,15956.69,41.85,No,UPI,Pending,Delivered
ORD103164,2025-03-18,CUST1587,Bookshelf,Furniture,North,Jaipur,1,5957.96,5957.96,5.0,5201.88,252.79,No,Credit Card,Pending,Cancelled
ORD103528,2026-01-07,CUST1736,T-Shirt,Fashion,South,,5,825.57,4127.85,30.0,585.51,427.24,Yes,Debit Card,Paid,Delivered
ORD100979,2026-07-11,CUST1540,Smartphone,Electronics,North,Jaipur,4,28528.36,114113.44,20.0,17924.79,172.79,No,Cash,Paid,Cancelled
ORD102852,2026-04-20,CUST1364,Desk,Furniture,Central,Indore,2,12606.68,25213.36,25.0,9138.22,265.52,Yes,UPI,Failed,Returned
ORD105147,2026-05-15,CUST1546,Shoes,Fashion,West,Pune,1,3339.89,3339.89,15.0,2479.28,418.83,Yes,Net Banking,Paid,Returned
ORD101431,2026-07-19,CUST1142,Headphones,Electronics,North,Jaipur,1,3100.71,3100.71,10.0,2253.34,434.59,Yes,Cash,Paid,Returned
ORD101250,2025-12-12,CUST1724,Desk,Furniture,East,Kolkata,1,12364.45,12364.45,15.0,8519.63,432.85,No,Cash,Failed,Delivered
ORD101670,2025-09-25,CUST1266,Jacket,Fashion,North,Lucknow,4,4651.21,18604.84,0.0,2575.81,391.14,No,Cash,Paid,Delivered
ORD104238,2026-06-03,CUST1613,T-Shirt,Fashion,North,Jaipur,4,985.69,3942.76,0.0,603.95,201.41,No,Cash,Pending,Cancelled
ORD104815,2026-03-13,CUST1543,Laptop,Electronics,West,Mumbai,1,55433.42,55433.42,25.0,41769.38,265.29,Yes,Debit Card,Paid,Delivered
ORD102335,2026-04-29,CUST1702,Microwave,Home Appliances,Central,Nagpur,3,11319.12,33957.36,25.0,8624.41,87.88,yes,Debit Card,Failed,Returned
ORD101083,2025-10-12,CUST1421,Desk,Furniture,East,Kolkata,4,12353.66,49414.64,25.0,8268.04,222.59,Yes,Credit Card,Pending,Returned
ORD105733,2026-03-07,CUST1032,Smartphone,Electronics,North,Jaipur,4,28981.84,115927.36,30.0,16124.62,228.04,No,Debit Card,Paid,Delivered
ORD105086,2025-08-25,CUST1218,Headphones,Electronics,West,Mumbai,4,3836.38,15345.52,,2756.52,320.82,No,Net Banking,Paid,Cancelled
ORD103717,2025-10-27,CUST1320,Laptop,Electronics,South,Bengaluru,1,55734.36,55734.36,30.0,41296.64,239.63,No,Net Banking,Paid,Cancelled
ORD104755,2025-06-09,CUST1329,Coffee Maker,Furniture,South,Chennai,2,4953.57,9907.14,15.0,2808.08,81.79,No,Debit Card,Paid,Delivered
ORD103761,2026-04-22,CUST1705,Smartphone,Electronics,West,Ahmedabad,1,27423.12,27423.12,10.0,19489.54,50.11,No,Debit Card,Pending,Delivered
ORD102822,2026-05-27,CUST1343,Desk,Furniture,North,Jaipur,4,12418.52,49674.08,0.0,9984.64,99.62,No,Debit Card,Paid,Cancelled
ORD105306,2025-06-19,CUST1395,Smartphone,Furn,North,Delhi,1,29058.06,29058.06,0.0,24643.0,316.52,No,Debit Card,Paid,Delivered
ORD104962,2025-12-26,CUST1030,Coffee Maker,Home Appliances,Central,Indore,5,5833.56,29167.8,0.0,4334.69,499.22,No,Net Banking,Paid,Cancelled
ORD100671,2026-05-11,CUST1253,Tablet,Electronics,West,Ahmedabad,4,22748.45,90993.8,15.0,14859.39,263.58,No,Cash,Failed,Delivered
ORD102361,2025-09-05,CUST1361,Smartphone,Electronics,West,Mumbai,5,28145.67,140728.35,30.0,18082.23,427.03,No,Credit Card,Paid,Delivered
ORD100050,2026-04-03,CUST1083,Laptop,Home Appliances,West,Mumbai,1,5556.67,5556.67,20.0,4883.7,295.5,Yes,Net Banking,Paid,Delivered
ORD100024,2025-04-14,CUST1393,Headphones,Electronics,South,Hyderabad,5,3679.7,18398.5,30.0,2193.94,278.43,No,Net Banking,Paid,Delivered
ORD101665,2026-03-23,CUST1783,Bookshelf,Furniture,East,Kolkata,5,6660.67,33303.35,20.0,,86.37,Yes,Debit Card,Paid,Returned
ORD101085,2026-02-27,CUST1468,Shoes,Fashion,West,Ahmedabad,3,3585.18,10755.54,5.0,2386.06,143.21,No,Credit Card,Paid,Cancelled
ORD101234,2026-06-10,CUST1349,Coffee Maker,Home Appliances,Central,,1,6053.73,6053.73,25.0,5145.57,485.98,Yes,Debit Card,Paid,Returned
ORD102472,2026-06-04,CUST1499,Office Chair,Furniture,West,,1,9046.84,9046.84,0.0,7516.97,168.88,No,Debit Card,Failed,Delivered
ORD104115,2025-06-06,CUST1114,Smartwatch,Electronics,East,Patna,1,6583.15,6583.15,20.0,5503.12,125.62,No,UPI,Paid,Delivered
ORD103112,2026-04-18,CUST1706,Headphones,Electronics,East,Bhubaneswar,4,3231.75,12927.0,20.0,2602.0,368.97,No,Cash,Paid,Delivered
ORD102837,2026-05-25,CUST1477,Shoes,Fashion,South,Chennai,1,3258.76,3258.76,20.0,2493.97,185.11,No,Net Banking,Pending,Cancelled
ORD100290,2025-03-20,CUST1315,Jacket,Fashion,West,Pune,1,4631.85,4631.85,20.0,2813.6,93.85,No,Debit Card,Failed,Delivered
ORD102564,2025-07-20,CUST1589,Bookshelf,Furniture,Central,Nagpur,4,5639.14,22556.56,5.0,4406.72,166.63,No,Credit Card,Failed,Cancelled
ORD101562,2026-01-06,CUST1323,Coffee Maker,Home Appliances,Central,Indore,2,5209.49,10418.98,5.0,4023.4,157.22,No,UPI,Paid,Delivered
ORD100285,2025-03-25,CUST1694,Coffee Maker,Home Appliances,North,Lucknow,1,5792.94,5792.94,10.0,3294.29,212.0,No,Debit Card,Failed,Delivered
ORD104085,2026-02-18,CUST1509,Bookshelf,Furniture,Central,Nagpur,1,6513.63,6513.63,0.0,5476.55,228.02,No,Cash,Paid,Cancelled
ORD102163,2025-09-19,CUST1231,Coffee Maker,Home Appliances,South,Hyderabad,3,5102.35,15307.05,20.0,3127.86,226.21,No,Cash,Failed,Cancelled
 ORD105015 ,2026-04-28,CUST1127,Blender,Home Appliances,South,Bengaluru,1,3089.86,3089.86,5.0,1824.62,311.79,No,Debit Card,Pending,Delivered
ORD103465,2026-03-20,CUST1594,Coffee Maker,Home Appliances,North,Delhi,1,5921.72,5921.72,5.0,5102.87,291.89,No,Net Banking,Pending,Delivered
ORD102246,2025-08-07,CUST1622,smartphone,Fashion,Central,Bhopal,2,4144.55,8289.1,30.0,2702.97,355.28,No,Cash,Paid,Delivered
ORD105164,2025-05-26,CUST1799,Headphones,Electronics,West,Ahmedabad,5,3668.64,18343.2,25.0,3136.95,414.66,No,Net Banking,Paid,Cancelled
ORD105153,2025-04-10,CUST1083,Mixer,Home Appliances,West,Mumbai,5,3659.09,18295.45,20.0,2487.15,141.29,No,UPI,Paid,Cancelled
ORD105697,2025-06-26,CUST1420,Smartphone,Electronics,Central,Bhopal,2,25367.35,50734.7,10.0,19816.36,147.13,No,Cash,Paid,Cancelled
ORD100261,2025-01-03,CUST1518,Microwave,electronics,Central,Nagpur,3,10256.52,30769.56,25.0,8216.31,291.56,No,Cash,Failed,Delivered
ORD102586,2026-01-30,CUST1773,Mixer,Home Appliances,West,Pune,5,3623.97,18119.85,10.0,2770.66,102.9,No,UPI,Paid,Delivered
ORD100219,2025-11-20,CUST1673,Shoes,Fashion,West,Ahmedabad,1,3412.54,3412.54,0.0,2593.57,63.52,No,Cash,Paid,Delivered
ORD103842,2025-04-12,CUST1589,Smartwatch,Electronics,South,Chennai,1,6646.53,6646.53,0.0,4553.68,79.9,No,Credit Card,Paid,Delivered
ORD104215,2026-07-25,CUST1786,Office Chair,Furniture,East,Kolkata,3,10306.4,30919.2,5.0,7321.9,233.16,No,Debit Card,Pending,Delivered
ORD101755,2026-04-25,CUST1579,Mixer,Home Appliances,East,Bhubaneswar,4,4116.46,16465.84,10.0,3404.01,389.21,No,Credit Card,Pending,Cancelled
ORD100525,2026-01-07,CUST1523,Coffee Maker,Home Appliances,Central,Nagpur,3,5729.53,17188.59,10.0,3977.04,253.44,No,Credit Card,Paid,Delivered
ORD103971,2025-08-30,CUST1656,Tablet,Electronics,West,Ahmedabad,1,21468.18,21468.18,10.0,14458.17,361.72,No,Debit Card,Pending,Delivered
ORD100191,2025-11-09,CUST1165,Coffee Maker,Home Appliances,East,Bhubaneswar,2,4886.18,9772.36,30.0,3321.81,420.82,No,Net Banking,Paid,Delivered
ORD104391,2025-12-04,CUST1038,Desk,Furniture,Central,Indore,1,12209.89,12209.89,5.0,8963.24,391.96,No,Cash,Paid,Delivered
ORD101127,2025-03-25,CUST1669,Smartphone,Electronics,South,Bengaluru,4,27052.11,108208.44,15.0,22391.24,238.3,No,UPI,Pending,Delivered
ORD102213,2025-08-17,CUST1524,Coffee Maker,Home Appliances,North,Delhi,1,4760.6,4760.6,20.0,2957.13,368.61,No,Cash,Pending,Delivered
ORD100385,2025-03-01,CUST1578,T-Shirt,Fashion,North,Delhi,2,772.52,1545.04,5.0,445.69,158.95,Yes,Debit Card,Pending,Returned
ORD102548,2026-03-28,CUST1595,Bookshelf,Furniture,West,Mumbai,4,7419.24,29676.96,0.0,5263.69,468.38,No,UPI,Paid,Delivered
ORD103069,2025-09-06,CUST1662,Desk,Furniture,West,Pune,3,12472.17,37416.51,30.0,8464.56,95.01,No,Cash,Pending,Delivered
ORD101202,2025-08-22,CUST1670,Desk,Furniture,North,Lucknow,1,12406.94,12406.94,25.0,8363.87,255.21,No,Net Banking,Paid,Delivered
ORD101148,2025-08-06,CUST1747,Office Chair,Furniture,North,Delhi,2,8490.22,16980.44,25.0,7228.16,429.72,No,Net Banking,Failed,Delivered
ORD104656,2025-10-09,CUST1120,Smartphone,Electronics,Central,Indore,1,30047.34,30047.34,5.0,20016.65,87.93,No,UPI,Pending,Delivered
ORD100951,2025-01-18,CUST1768,Microwave,Home Appliances,North,Jaipur,2,9467.97,18935.94,30.0,5283.12,327.51,No,Debit Card,Failed,Delivered
ORD102665,2025-12-15,CUST1636,Headphones,Electronics,Central,Nagpur,2,3306.04,6612.08,30.0,2035.16,388.17,No,UPI,Failed,Delivered
ORD100033,2026-03-03,CUST1613,Smartwatch,Electronics,South,Hyderabad,1,7771.12,7771.12,10.0,6328.13,351.5,No,UPI,Paid,Delivered
ORD105291,23/04/2025,CUST1223,Tablet,Electronics,West,Ahmedabad,3,24359.28,73077.84,15.0,14742.12,410.1,No,Credit Card,Paid,Delivered
ORD102409,2025-12-09,CUST1503,Microwave,Home Appliances,North,Jaipur,1,12508.96,12508.96,5.0,9371.15,340.67,No,Cash,Paid,Cancelled
ORD101195,2025-03-15,CUST1254,Blender,Home Appliances,Central,Bhopal,2,2901.15,5802.3,15.0,1726.76,264.59,No,Debit Card,Paid,Cancelled
ORD103939,2025-04-17,CUST1048,Backpack,Accessories,Central,Nagpur,3,2023.38,6070.14,20.0,1507.15,376.61,Yes,Debit Card,Pending,Returned
ORD100751,2026-04-08,CUST1367,Laptop,Electronics,North,Jaipur,1,61672.29,61672.29,20.0,46638.52,375.28,No,Debit Card,Paid,Delivered
ORD103795,2025-09-03,CUST1046,Smartphone,Electronics,West,,1,30649.83,30649.83,25.0,19400.99,157.68,No,Net Banking,Paid,Delivered
ORD103008,2025-07-12,CUST1620,Smartphone,Electronics,North,Delhi,1,27578.97,27578.97,30.0,18719.24,160.25,No,UPI,Paid,Delivered
ORD104682,2026-04-04,CUST1015,Smartwatch,Electronics,North,Lucknow,1,7669.87,7669.87,0.0,6052.1,321.01,No,Credit Card,Failed,Delivered
ORD102229,2025-10-31,CUST1670,Tablet,Electronics,North,Delhi,-1,22185.27,22185.27,15.0,18724.8,240.4,No,Debit Card,Failed,Cancelled
ORD104403,2026-03-09,CUST1015,Microwave,Home Appliances,East,Kolkata,3,11080.35,33241.05,10.0,6129.57,118.0,Yes,Debit Card,Pending,Returned
ORD100266,2025-06-04,CUST1349,Shoes,Fashion,East,Patna,2,2933.19,5866.38,15.0,1785.44,276.75,No,Cash,Failed,Delivered
ORD101995,2025-07-14,CUST1071,Mixer,Home Appliances,South,Chennai,2,4746.37,9492.74,30.0,3039.52,487.92,No,UPI,Pending,Delivered
ORD102610,2026-06-11,CUST1365,Tablet,Electronics,Central,Nagpur,1,18986.13,18986.13,15.0,12637.96,53.58,Yes,Net Banking,Failed,Returned
ORD102847,2025-07-15,CUST1354,Laptop,Electronics,Central,Bhopal,1,49714.31,49714.31,30.0,33882.92,67.51,No,Net Banking,Pending,Delivered
ORD101876,2026-06-02,CUST1502,Backpack,Accessories,Central,Bhopal,3,2023.97,6071.91,20.0,1616.92,149.84,No,UPI,Paid,Delivered
ORD102206,2026-02-16,CUST1315,Headphones,Electronics,East,Bhubaneswar,2,3716.21,7432.42,0.0,2644.69,298.32,No,Net Banking,Paid,Delivered
ORD104953,2025-10-30,CUST1481,Blender,Home Appliances,East,Kolkata,3,2799.11,8397.33,20.0,1664.61,445.6,No,Cash,Paid,Cancelled
ORD102868,2025-06-01,CUST1512,Tablet,Electronics,North,Nagpur,1,20221.61,20221.61,15.0,11565.39,50.23,No,Cash,Pending,Delivered
ORD101047,2025-01-30,CUST1128,Smartphone,Electronics,South,Chennai,4,29349.44,117397.76,5.0,23755.82,95.91,Yes,Net Banking,Paid,Returned
ORD105708,2026-03-15,CUST1380,Smartwatch,Electronics,East,Kolkata,1,7045.68,7045.68,0.0,5346.06,300.96,No,Credit Card,Pending,Delivered
ORD105257,2025-07-20,CUST1250,Smartwatch,Electronics,Central,Nagpur,5,6020.77,30103.85,15.0,3317.41,70.66,No,Net Banking,Paid,Delivered
ORD100862,2025-08-24,CUST1162,Tablet,Electronics,South,Chennai,1,19823.78,19823.78,25.0,13592.09,203.36,No,Cash,paid,Delivered
ORD100972,2025-11-10,CUST1606,Headphones,Electronics,West,Mumbai,4,3937.93,15751.72,25.0,2707.82,201.22,No,UPI,Paid,Delivered
ORD102824,2025-02-09,CUST1273,Microwave,Home Appliances,West,Bhubaneswar,2,11929.04,23858.08,25.0,7298.64,,No,UPI,Paid,Delivered
ORD105826,2025-11-15,CUST1433,Microwave,Home Appliances,Central,Bhopal,1,12593.23,12593.23,0.0,7870.74,145.96,No,Cash,Paid,Delivered
ORD100131,2025-10-28,CUST1303,Backpack,Accessories,North,Lucknow,2,1669.39,3338.78,20.0,923.14,310.67,No,UPI,Paid,Cancelled
ORD103296,2025-08-25,CUST1047,Blender,Home Appliances,North,Delhi,2,2818.72,5637.44,0.0,1906.22,489.22,No,Credit Card,Paid,Delivered
ORD105525,2025-03-21,CUST1640,Shoes,Fashion,East,Kolkata,5,3465.85,17329.25,25.0,2639.08,360.65,No,Debit Card,Failed,Delivered
ORD100948,2025-03-22,CUST1274,Shoes,Fashion,North,Lucknow,2,3349.56,6699.12,30.0,2689.99,231.41,Yes,UPI,Pending,Returned
ORD100552,2025-04-10,CUST1616,Shoes,Fashion,North,Jaipur,1,3501.06,3501.06,15.0,2623.77,329.81,No,Cash,Failed,Delivered
ORD101523,2025-11-24,CUST1758,Tablet,Electronics,North,Delhi,2,19681.35,39362.7,25.0,15791.02,398.12,No,Credit Card,Failed,Delivered
ORD101833,2025-08-17,CUST1729,Headphones,Electronics,South,Chennai,2,3400.62,6801.24,30.0,2954.91,210.93,Yes,UPI,Paid,Returned
ORD103358,2026-04-02,CUST1333,Jacket,Fashion,East,Patna,1,4568.3,4568.3,20.0,3969.76,245.48,No,Credit Card,Failed,Delivered
ORD100560,2026-07-29,CUST1029,Smartphone,Electronics,North,Jaipur,2,31882.59,63765.18,10.0,20117.91,370.08,No,Cash,Failed,Delivered
ORD102514,2025-09-30,CUST1075,Smartwatch,Electronics,North,Lucknow,5,7894.68,39473.4,30.0,6178.79,496.53,No,Cash,Paid,Delivered
ORD104925,2025-07-02,CUST1316,Backpack,Accessories,South,Hyderabad,3,1843.92,5531.76,10.0,1143.8,69.83,No,Net Banking,Paid,Cancelled
ORD103410,2026-03-14,CUST1763,Microwave,Home Appliances,South,Chennai,2,9827.64,19655.28,0.0,7358.64,344.82,No,Cash,Failed,Delivered
ORD101077,2025-03-18,CUST1735,Coffee Maker,Home Appliances,North,Delhi,2,5385.76,10771.52,25.0,3141.13,234.9,No,Cash,Pending,Delivered
ORD105999,2026-04-02,CUST1390,Tablet,Electronics,South,Chennai,2,24899.94,49799.88,5.0,19743.4,440.18,Yes,Net Banking,Paid,Returned
ORD105104,2025-10-28,CUST1542,Smartphone,Electronics,West,Ahmedabad,2,25875.18,51750.36,0.0,22084.39,153.92,No,Credit Card,Paid,Delivered
ORD104781,2025-11-30,CUST1484,Headphones,Electronics,West,Pune,1,3062.69,3062.69,25.0,2677.68,457.14,No,Cash,Paid,Delivered
ORD104705,2025-07-30,CUST1594,Mixer,Home Appliances,North,Jaipur,3,4393.38,13180.14,5.0,3623.25,174.48,No,UPI,Paid,Cancelled
ORD100940,2026-04-30,CUST1189,Microwave,Home Appliances,North,Lucknow,1,10950.74,10950.74,25.0,6473.23,434.52,No,Cash,paid,Delivered
ORD101220,2026-06-12,CUST1608,Laptop,Electronics,East,Kolkata,4,58410.46,233641.84,0.0,49341.41,197.52,No,Credit Card,Pending,Cancelled
ORD105566,2025-11-14,CUST1535,Smartphone,Electronics,West,,1,24319.57,24319.57,10.0,20452.24,473.49,No,Credit Card,Paid,Delivered
ORD104697,2025-01-04,CUST1198,Tablet,Electronics,Central,Bhopal,3,21173.57,63520.71,20.0,18101.07,266.84,No,Cash,Paid,Delivered
ORD100027,2026-07-26,CUST1620,Office Chair,Furniture,North,Delhi,2,7754.85,15509.7,30.0,5186.93,98.45,No,Cash,Failed,Delivered
ORD103424,2025-10-17,CUST1697,Desk,Furniture,South,Hyderabad,4,11466.38,45865.52,0.0,7621.71,489.41,No,Net Banking,Paid,Delivered
ORD103898,2025-06-15,CUST1762,Headphones,Electronics,South,Chennai,3,3525.43,10576.29,10.0,2911.87,347.12,No,Net Banking,Paid,Delivered
ORD102493,2025-05-07,CUST1142,Office Chair,Furniture,Central,Indore,1,8938.21,8938.21,20.0,7793.98,200.81,No,Net Banking,Paid,Delivered
ORD103239,2025-05-01,CUST1744,Coffee Maker,Home Appliances,South,Bengaluru,1,5128.48,5128.48,25.0,3896.82,277.97,No,Net Banking,Paid,Cancelled
ORD100819,2025-01-26,CUST1266,Bookshelf,Furniture,South,Hyderabad,1,6903.71,6903.71,30.0,5286.46,51.72,Yes,Cash,Paid,Returned
ORD104432,2026-03-15,CUST1782,Mixer,Home Appliances,South,Bengaluru,1,4207.66,4207.66,0.0,3295.3,54.4,No,Cash,Paid,Delivered
ORD104909,2025-08-31,CUST1405,Smartphone,Electronics,North,Lucknow,1,28412.13,28412.13,15.0,16994.24,451.72,Yes,UPI,Paid,Returned
ORD102988,2026-01-30,CUST1543,Desk,Furniture,South,Bengaluru,4,12891.76,51567.04,15.0,8550.66,94.12,No,Net Banking,Paid,Cancelled
ORD100222,2025-11-07,CUST1357,Office Chair,Furniture,East,Kolkata,5,10326.41,51632.05,5.0,5719.42,234.14,No,UPI,Paid,Delivered
ORD102749,2025-08-19,CUST1012,Bookshelf,Furniture,North,Delhi,3,6224.71,18674.13,0.0,4744.86,443.82,No,Credit Card,Paid,Delivered
ORD105491,2026-02-16,CUST1159,Coffee Maker,Home Appliances,Central,Indore,2,5151.67,10303.34,0.0,2907.61,331.23,Yes,Cash,Paid,Returned
ORD101736,2026-04-04,CUST1050,Smartwatch,Electronics,Central,Bhopal,4,6081.11,24324.44,25.0,3504.09,477.12,No,Credit Card,Pending,Delivered
ORD105056,2026-04-07,CUST1765,T-Shirt,Furniture,East,Bhubaneswar,3,847.54,2542.62,25.0,665.4,362.57,No,UPI,Paid,Cancelled
ORD105562,2025-07-06,CUST1377,Coffee Maker,Home Appliances,South,Chennai,2,4757.72,9515.44,30.0,3368.08,487.85,No,Cash,Paid,Cancelled
ORD103118,2026-07-05,CUST1143,Headphones,Electronics,South,Bengaluru,2,3709.78,7419.56,30.0,2216.99,120.52,No,UPI,Paid,Cancelled
ORD103453,2026-01-18,CUST1549,Tablet,Electronics,West,Ahmedabad,5,24344.86,121724.3,15.0,17878.1,232.68,No,Debit Card,Pending,Cancelled
ORD100723,2025-09-11,CUST1007,Mixer,Home Appliances,East,Patna,1,4519.17,4519.17,15.0,2649.85,371.79,Yes,Net Banking,Failed,Returned
ORD100308,2026-06-21,CUST1251,Shoes,Fashion,North,Delhi,1,2916.14,2916.14,0.0,2519.47,397.19,No,Debit Card,Failed,Delivered
ORD100690,2026-02-24,CUST1573,Headphones,Electronics,North,Delhi,1,3486.84,3486.84,20.0,3029.56,408.74,No,UPI,Pending,Delivered
ORD102367,2025-06-30,CUST1114,Tablet,Electronics,Central,Bhopal,1,19882.5,19882.5,30.0,14363.16,446.72,No,Cash,Pending,Cancelled
ORD101175,2025-10-19,CUST1276,Laptop,Electronics,North,Lucknow,1,52926.55,52926.55,30.0,43002.83,218.47,No,Credit Card,Paid,Delivered
ORD105515,2026-06-15,CUST1455,Headphones,Electronics,North,Delhi,1,2992.63,2992.63,15.0,1905.87,456.3,No,Net Banking,Paid,Delivered
ORD104904,2025-11-07,CUST1216,Microwave,Home Appliances,East,Kolkata,5,10119.79,50598.95,15.0,8792.93,303.04,No,Net Banking,Paid,Delivered
ORD105099,2026-05-25,CUST1757,Backpack,Accessories,South,Hyderabad,3,1815.57,5446.71,20.0,1546.7,267.62,No,Debit Card,Failed,Delivered
ORD100699,2026-07-16,CUST1607,Coffee Maker,Home Appliances,West,Ahmedabad,2,4776.65,9553.3,10.0,2829.84,48.46,No,Net Banking,Paid,Delivered
ORD103880,2026-05-12,CUST1670,Blender,Home Appliances,North,Delhi,1,2640.06,2640.06,5.0,1956.82,212.14,Yes,UPI,Paid,Returned
ORD103121,2025-06-23,CUST1713,Desk,Furniture,East,Patna,1,13552.22,13552.22,15.0,9340.31,100.43,Yes,Cash,Paid,Returned
ORD101204,2026-02-01,CUST1683,Office Chair,Furniture,Central,Indore,1,8088.64,8088.64,25.0,6998.99,230.28,No,Cash,Pending,Delivered
ORD104888,2026-07-07,CUST1162,Jacket,Fashion,Central,,3,4330.81,12992.43,0.0,3117.75,307.49, YES ,UPI,Paid,Delivered
ORD101604,2025-02-03,CUST1340,Coffee Maker,Home Appliances,South,Hyderabad,1,4692.44,4692.44,15.0,3426.47,480.59,No,UPI,Paid,Cancelled
ORD104868,2025-08-27,CUST1279,Desk,Furniture,Central,Bhopal,2,13592.1,27184.2,15.0,9101.25,41.66,No,Debit Card,Failed,Cancelled
ORD103573,2026-05-22,CUST1523,Smartphone,Electronics,Central,Bhopal,1,25854.96,25854.96,10.0,22015.75,125.47,No,Credit Card,Failed,Cancelled
ORD103876,2025-05-31,CUST1037,T-Shirt,Fashion,West,Mumbai,3,988.7,2966.1,20.0,848.86,311.33,No,Credit Card,Pending,Delivered
ORD102735,2025-04-30,CUST1579,Headphones,Electronics,West,Ahmedabad,1,3029.96,3029.96,10.0,2193.36,355.95,No,UPI,Paid,Cancelled
ORD100590,2025-08-22,CUST1793,Desk,Furniture,South,Chennai,1,12825.16,12825.16,0.0,10257.38,319.09,Yes,Cash,Paid,Returned
ORD103280,2025-12-06,CUST1495,Headphones,Electronics,East,Patna,5,3574.9,17874.5,30.0,2032.25,370.02,No,Credit Card,Failed,Delivered
ORD103078,2025-03-25,CUST1339,Jacket,Fashion,North,Delhi,3,5113.06,15339.18,25.0,3323.19,100.09,No,Debit Card,Paid,Cancelled
ORD101517,2026-02-05,CUST1405,Microwave,Home Appliances,East,Patna,4,11613.19,46452.76,30.0,8843.38,474.57,Yes, UPI ,Paid,Returned
ORD102447,2025-03-10,CUST1411,Jacket,Fashion,South,Bengaluru,2,4927.42,9854.84,10.0,3329.98,85.5,Yes,Cash,Pending,Returned
ORD104460,2026-04-03,CUST1183,Desk,Furniture,East,Patna,1,12020.46,12020.46,25.0,8931.24,396.98,No,UPI,Paid,Cancelled
ORD105473,2025-01-02,CUST1509,Smartphone,Electronics,East,Kolkata,5,26309.07,131545.35,5.0,20668.67,75.62,Yes,Net Banking,Paid,Returned
ORD101571,2025-12-18,CUST1075,T-Shirt,Fashion,South,Chennai,2,852.45,1704.9,0.0,729.64,160.73,No,Cash,Paid,Delivered
ORD103878,2025-07-02,CUST1272,Smartphone,Electronics,North,Jaipur,5,32149.95,160749.75,0.0,18143.9,403.81,No,Debit Card,Paid,Cancelled
ORD101074,2026-03-28,CUST1251,Headphones,Electronics,South,Bengaluru,2,3531.76,7063.52,30.0,2831.19,158.13,No,Net Banking,Pending,Delivered
ORD100063,2026-06-27,CUST1040,Microwave,Home Appliances,East,Kolkata,3,10290.81,30872.43,30.0,5848.94,427.46,Yes,Cash,Paid,Returned
ORD103552,2025-10-31,CUST1043,Smartphone,Home Appliances,North,Delhi,5,4865.77,"24,328.85",15.0,3537.33,430.45,No,Debit Card,Paid,Delivered
ORD102570,2025-10-17,CUST1570,Coffee Maker,Home Appliances,North,Jaipur,4,5275.96,21103.84,5.0,3134.41,90.2,No,UPI,Failed,Delivered
ORD105863,2025-02-21,CUST1759,Mixer,Home Appliances,West,Pune,3,3647.46,10942.38,5.0,2561.25,489.88,No,UPI,Paid,Delivered
ORD104406,2025-12-03,CUST1456,Laptop,Electronics,Central,Indore,5,51980.82,259904.1,15.0,34310.4,327.57,No,Debit Card,Paid,Delivered
ORD105800,2025-02-10,CUST1104,Jacket,Fashion,North,Lucknow,1,3950.99,3950.99,10.0,2685.64,236.85,No,Credit Card,Pending,Delivered
ORD100051,2025-04-05,CUST1072,Microwave,Home Appliances,North,Lucknow,1,10256.61,10256.61,15.0,6415.02,,No,Credit Card,Paid,Cancelled
ORD105731,2026-03-11,CUST1710,Jacket,Fashion,West,Ahmedabad,3,4702.96,14108.88,30.0,3471.21,464.69,Yes,Debit Card,Paid,Returned
ORD102371,2025-03-24,CUST1027,Microwave,Home Appliances,East,Kolkata,2,9959.5,19919.0,5.0,8621.84,51.62,No,Credit Card,Paid,Cancelled
ORD104825,2025-05-05,CUST1497,Smartphone,Electronics,South,Bengaluru,5,28032.01,140160.05,10.0,18683.61,338.22,No,UPI,Pending,Delivered
ORD102315,2025-01-19,CUST1564,T-Shirt,electronics,Central,Bhopal,3,875.89,2627.67,5.0,546.26,70.57,No,Credit Card,Failed,Cancelled
ORD102287,2025-02-08,CUST1173,Jacket,Fashion,West,Ahmedabad,4,5043.2,20172.8,30.0,4286.32,250.48,No,Net Banking,Paid,Delivered
ORD100914,2025-06-27,CUST1006,Microwave,Home Appliances,West,Mumbai,1,12204.71,12204.71,20.0,7280.09,140.24,No,Debit Card,Pending,Cancelled
ORD102819,2026-07-21,CUST1648,Smartphone,Electronics,Central,Bhopal,4,28007.35,112029.4,5.0,16981.97,258.58,No,Net Banking,Paid,Cancelled
ORD101532,2025-08-14,CUST1487,Coffee Maker,Home Appliances,West,Ahmedabad,2,5101.72,10203.44,0.0,2969.73,156.66,No,Credit Card,Failed,Delivered
ORD105258,2025-07-25,CUST1603,Laptop,Electronics,South,Chennai,4,52997.44,211989.76,25.0,42847.97,470.54,Yes,UPI,Failed,Returned
ORD102964,2026-02-01,CUST1194,Coffee Maker,Home Appliances,West,Pune,4,5289.97,21159.88,30.0,3516.24,73.3,No,Debit Card,Paid,Cancelled
ORD104916,2025-11-21,CUST1718,Desk,Furniture,Central,Bhopal,5,12369.17,61845.85,30.0,7798.48,295.09,No,Debit Card,Pending,Delivered
ORD103566,2025-05-12,CUST1520,Desk,Furniture,Central,Bhopal,1,11858.98,11858.98,15.0,7825.67,140.59,Yes,UPI,Failed,Returned
ORD102219,2025-08-11,CUST1747,Coffee Maker,Home Appliances,South,Chennai,4,5125.57,20502.28,5.0,3500.56,211.66,No,Debit Card,Paid,Delivered
ORD100766,2026-03-03,CUST1042,T-Shirt,Fashion,South,Bengaluru,1,880.54,880.54,15.0,700.0,394.39,No,Cash,Paid,Cancelled
ORD104481,2025-05-03,CUST1285,Blender,Home Appliances,West,Pune,2,3070.66,6141.32,15.0,1735.59,133.42,No,Debit Card,Paid,Delivered
ORD104327,2026-01-28,CUST1150,Microwave,Home Appliances,North,Delhi,3,11933.83,35801.49,10.0,7085.12,482.51,Yes,Credit Card,Paid,Returned
ORD101027,2025-02-24,CUST1195,Smartwatch,Electronics,North,Lucknow,1,7702.39,7702.39,5.0,6282.48,145.84,No,Net Banking,Paid,Cancelled
ORD103797,2026-06-06,CUST1379,Tablet,Electronics,East,Patna,2,21681.4,43362.8,10.0,17843.23,373.88,Yes,UPI,Paid,Returned
ORD104104,2025-04-15,CUST1313,Backpack,Accessories,Central,Bhopal,3,1536.35,4609.05,20.0,1280.83,302.36,Yes,Debit Card,Paid,Returned
ORD100851,2025-07-15,CUST1760,Desk,Furniture,South,Chennai,1,13061.27,13061.27,15.0,9274.12,180.57,No,Net Banking,Paid,Delivered
ORD101034,2025-03-28,CUST1579,Headphones,Electronics,North,Jaipur,2,3548.85,7097.7,10.0,2320.52,64.08,No,Debit Card,Paid,Delivered
ORD102930,2025-04-22,CUST1628,Smartphone,Electronics,Central,Nagpur,1,25745.11,25745.11,10.0,15724.36,320.63,No,Cash,Pending,Cancelled
ORD103144,2026-04-02,CUST1753,Smartwatch,Electronics,North,Lucknow,4,7472.14,29888.56,10.0,4608.67,57.31,Yes,Cash,Pending,Returned
ORD105696,2026-05-24,CUST1142,Office Chair,Furniture,East,Kolkata,4,8907.49,35629.96,20.0,7042.09,182.1,No,Debit Card,Pending,Delivered
ORD104492,2026-04-10,CUST1421,Bookshelf,Furniture,South,Bengaluru,2,6499.24,12998.48,25.0,4341.39,119.06,No,Net Banking,Paid,Delivered
ORD104303,2025-04-01,CUST1436,Desk,Furniture,West,Mumbai,1,11480.65,11480.65,25.0,10008.27,416.46,No,UPI,Paid,Cancelled
ORD101308,2025-12-13,CUST1025,Office Chair,Furniture,West,Pune,1,7686.3,7686.3,5.0,4272.61,242.46,No,UPI,Paid,Delivered
ORD105073,2025-09-24,CUST1239,Jacket,Fashion,West,Ahmedabad,3,4489.52,13468.56,15.0,3086.5,124.13,No,Net Banking,Paid,Delivered
ORD104123,2025-12-07,CUST1022,Coffee Maker,Home Appliances,Central,Bhopal,5,5806.47,29032.35,0.0,4242.51,313.4,No,Net Banking,Paid,Delivered
ORD104425,2025-03-10,CUST1308,Mixer,Home Appliances,South,Hyderabad,3,4668.55,14005.65,10.0,3738.4,93.89,no,Debit Card,Paid,Returned
ORD103155,2025-12-15,CUST1030,Tablet,Electronics,East,Kolkata,2,19496.67,38993.34,30.0,15518.51,276.55,Yes,Credit Card,Failed,Returned
ORD102146,2025-09-12,CUST1456,Bookshelf,Furniture,West,Ahmedabad,5,6157.24,30786.2,20.0,5269.33,400.7,No,UPI,Failed,Cancelled
ORD102508,2026-06-06,CUST1374,Tablet,Electronics,South,Hyderabad,4,24291.61,97166.44,25.0,15108.43,423.31,Yes,Credit Card,Paid,Returned
ORD103450,2026-04-14,CUST1321,Office Chair,Furniture,East,Patna,4,10131.58,40526.32,15.0,6675.21,148.54,No,Credit Card,Failed,Cancelled
ORD105361,2025-09-21,CUST1287,Microwave,Home Appliances,Central,Indore,4,11181.43,44725.72,10.0,8781.02,N/A,No,Cash,Paid,Cancelled
ORD105087,2025-07-29,CUST1432,Bookshelf,Furniture,Central,Nagpur,5,6434.31,32171.55,20.0,4900.25,458.07,No,Credit Card,Pending,Delivered
ORD105273,2025-09-27,CUST1572,T-Shirt,Fashion,Central,Nagpur,4,984.11,3936.44,0.0,669.91,112.38,No,Debit Card,Paid,Delivered
ORD102883,2025-09-08,CUST1403,Office Chair,Furniture,South,Chennai,1,9249.98,9249.98,5.0,8020.81,54.59,No,UPI,Paid,Delivered
ORD104430,2025-09-02,CUST1441,Tablet,Electronics,North,Lucknow,1,20756.62,20756.62,20.0,15666.58,434.1,Yes,Debit Card,Paid,Returned
ORD104757,2026-04-20,CUST1692,Smartphone,Electronics,West,Pune,2,24050.74,48101.48,0.0,21124.11,341.27,No,Debit Card,Paid,Cancelled
ORD105860,2025-04-09,CUST1414,Headphones,Electronics,Central,Bhopal,1,3046.12,3046.12,25.0,2173.53,353.28,No,Credit Card,Failed,Delivered
ORD100114,2026-06-22,CUST1482,Mixer,Home Appliances,West,Pune,4,3652.69,14610.76,0.0,2399.06,264.78,No,Credit Card,Failed,Delivered
ORD100832,2026-06-29,CUST1788,Backpack,Accessories,South,Bengaluru,2,1889.97,3779.94,30.0,1290.18,429.04,No,Cash,Paid,Delivered
ORD104113,2026-02-12,CUST1727,Blender,Home Appliances,South,Bengaluru,4,3130.62,12522.48,5.0,2508.82,81.92,No,Credit Card,Failed,Cancelled
ORD103776,2025-06-19,CUST1610,Tablet,Electronics,East,Bhubaneswar,1,22594.96,22594.96,5.0,17500.49,,Yes,Credit Card,Failed,Returned
ORD100384,2025-12-02,CUST1162,Blender,Home Appliances,Central,Bhopal,3,2667.88,8003.64,25.0,1574.75,362.64,Yes,UPI,Paid,Returned
ORD104511,2026-06-30,CUST1180,Microwave,Home Appliances,West,Pune,1,12104.73,12104.73,25.0,7673.2,201.08,No,Cash,Paid,Delivered
ORD104263,2026-06-17,CUST1024,Office Chair,Furniture,East,Patna,4,7732.34,30929.36,25.0,5120.52,329.62,No,Net Banking,Paid,Delivered
ORD100731,11/08/2025,CUST1632,Shoes,Fashion,East,Patna,1,3358.66,3358.66,25.0,2027.39,350.13,Yes,upi,Paid,Returned
ORD105713,2025-09-11,CUST1765,Shoes,Fashion,South,Chennai,2,3127.03,6254.06,0.0,2693.12,212.34,No,Debit Card,Failed,Cancelled
ORD104637,2026-06-24,CUST1405,Laptop,Electronics,East,Bhubaneswar,3,58649.82,175949.46,15.0,49466.05,443.33,No,Cash,Paid,Delivered
ORD103616,2026-06-28,CUST1005,Microwave,Home Appliances,West,Pune,1,9609.2,9609.2,0.0,5850.43,243.22,No,UPI,Paid,Delivered
ORD103873,2026-02-06,CUST1628,Coffee Maker,Home Appliances,West,Ahmedabad,4,6199.61,24798.44,5.0,4790.95,227.7,No,Net Banking,Pending,Delivered
ORD101909,2025-01-27,CUST1576,Headphones,Electronics,Central,Indore,5,3612.35,18061.75,25.0,2318.47,225.82,No,UPI,Paid,Delivered
ORD103206,2025-05-09,CUST1626,Laptop,Electronics,West,,5,62791.16,313955.8,25.0,42349.08,252.81,Yes,Net Banking,Pending,Returned
ORD103150,2026-02-23,CUST1224,Smartphone,Electronics,East,Bhubaneswar,4,31929.84,127719.36,5.0,21367.61,77.05,No,Cash,Paid,Delivered
ORD104408,2026-01-07,CUST1099,Microwave,Home Appliances,West,Pune,2,11349.86,22699.72,10.0,6363.56,53.41,No,Net Banking,Failed,Cancelled
ORD105182,2025-12-31,CUST1106,Coffee Maker,Home Appliances,South,Bengaluru,1,5279.26,5279.26,0.0,2909.38,49.08,No,Debit Card,Failed,Delivered
ORD103139,2026-06-25,CUST1179,Bookshelf,Furniture,Central,Bhopal,2,5597.79,11195.58,20.0,3438.01,,No,UPI,Paid,Cancelled
ORD100037,2025-12-08,CUST1397,Laptop,Electronics,Central,Indore,4,59199.96,236799.84,0.0,39939.28,285.79,No,Debit Card,Paid,Delivered
ORD104643,2025-01-24,CUST1354,T-Shirt,Fashion,Central,Nagpur,2,949.29,1898.58,25.0,614.36,61.48,No,Cash,Paid,Cancelled
ORD105896,2025-03-10,CUST1294,T-Shirt,Fashion,North,Lucknow,2,959.81,1919.62,10.0,833.54,433.38,No,Credit Card,Paid,Delivered
ORD103752,2025-10-28,CUST1165,Smartphone,Electronics,East,Kolkata,2,24382.09,48764.18,25.0,15130.04,93.83,Yes,Debit Card,Paid,Delivered
ORD100148,2026-03-15,CUST1242,Tablet,Electronics,West,Mumbai,1,23530.92,23530.92,15.0,16232.42,347.07,Yes,UPI,Paid,Returned
ORD105890,2026-01-29,CUST1691,Headphones,Electronics,North,Lucknow,2,3126.59,6253.18,5.0,2680.82,360.01,Yes,upi,Pending,Returned
ORD105462,2025-07-21,CUST1664,T-Shirt,Fashion,West,Mumbai,5,963.52,4817.6,20.0,780.22,383.91,No,Net Banking,Paid,Delivered
ORD105596,2026-07-13,CUST1223,Microwave,Home Appliances,North,Lucknow,2,10898.18,21796.36,15.0,6253.95,129.14,No,Cash,Paid,Delivered
ORD105852,2025-11-26,CUST1645,Headphones,Electronics,South,Chennai,1,2976.73,2976.73,10.0,1713.92,123.59,No,Credit Card,Paid,Delivered
ORD103891,2025-06-10,CUST1248,T-Shirt,Fashion,East,Patna,5,888.34,4441.7,0.0,651.92,381.51,Yes,Cash,Pending,Returned
ORD103462,04/05/2026,CUST1246,Microwave,Home Appliances,Central,Indore,2,12030.7,24061.4,20.0,9589.55,55.66,No,Cash,Paid,Delivered
ORD101821,2025-12-07,CUST1279,Bookshelf,Furniture,West,Mumbai,1,6846.0,6846.0,20.0,3834.3,81.97,Yes,Credit Card,Pending,Returned
ORD101835,2025-04-11,CUST1730,Bookshelf,Furniture,East,Patna,5,7343.09,36715.45,0.0,5397.36,459.85,No,Credit Card,Failed,Delivered
ORD101426,2025-05-16,CUST1414,Headphones,Electronics, WEST ,Mumbai,1,3689.58,3689.58,0.0,2524.8,238.31,No,UPI,Failed,Delivered
ORD103699,2026-03-21,CUST1503,Headphones,Electronics,Central,Bhopal,3,3382.28,10146.84,20.0,1938.45,313.75,No,UPI,Paid,Delivered
ORD101545,2026-02-10,CUST1103,T-Shirt,Fashion,North,Jaipur,1,976.43,976.43,5.0,796.72,159.56,No,Net Banking,Pending,Delivered
ORD100179,2025-01-12,CUST1209,Jacket,Fashion,South,Chennai,1,4331.6,4331.6,0.0,3174.61,42.41,No,UPI,Paid,Delivered
ORD101881,2025-08-18,CUST1421,T-Shirt,Fashion,South,Bengaluru,4,844.8,3379.2,5.0,559.31,451.96,No,Net Banking,Pending,Delivered
ORD104807,2025-08-09,CUST1566,Headphones,Electronics,South,Hyderabad,1,4018.01,4018.01,0.0,3147.77,114.28,No,UPI,Failed,Delivered
ORD105265,2025-04-15,CUST1179,Laptop,Electronics,Central,Bhopal,2,46898.56,93797.12,30.0,39332.53,220.52,No,Credit Card,Failed,Delivered
ORD101668,2025-05-14,CUST1690,Blender,Home Appliances,North,Jaipur,3,2858.72,8576.16,15.0,2213.27,247.55,No,Debit Card,Paid,Cancelled
ORD101630,2026-05-25,CUST1073,Headphones,Electronics,South,Bengaluru,1,2989.69,2989.69,0.0,2253.95,359.42,No,Debit Card,Paid,Delivered
ORD102871,2025-12-30,CUST1073,Backpack,Accessories,East,Patna,2,1951.31,3902.62,5.0,unknown,325.83,No,Cash,Pending,Cancelled
ORD101207,2025-06-21,CUST1698,Office Chair,Furniture,East,Bhubaneswar,1,8046.49,8046.49,30.0,4992.48,174.06,No,Credit Card,Pending,Delivered
ORD102611,2026-02-19,CUST1450,T-Shirt,Fashion,West,Pune,3,798.56,2395.68,0.0,500.91,167.37,No,UPI,Paid,Cancelled
ORD104929,2025-09-08,CUST1454,Blender,Home Appliances,West,Mumbai,5,3236.19,16180.95,25.0,2160.16,368.57,No,Net Banking,Paid,Cancelled
ORD104666,2025-07-02,CUST1260,Bookshelf,Furniture,East,Patna,1,5838.46,unknown,25.0,3495.8,471.47,No,Debit Card,Pending,Delivered
ORD100478,2026-07-17,CUST1266,Office Chair,Furniture,West,Mumbai,1,10135.45,10135.45,5.0,5740.6,326.82,Yes,Net Banking,Paid,Returned
ORD105262,2025-05-28,CUST1800,Tablet,Electronics,West,,1,24783.45,24783.45,10.0,17009.81,330.36,No,UPI,Paid,Delivered
ORD105033,2025-02-18,CUST1359,Coffee Maker,Home Appliances,Central,Bhopal,5,4887.41,24437.05,10.0,2689.8,237.39,No,Credit Card,Paid,Delivered
ORD105237,2025-06-25,CUST1272,Laptop,Electronics,West,Mumbai,5,49726.13,248630.65,5.0,38253.63,71.34,No,Credit Card,Paid,Cancelled
ORD103705,2026-06-23,CUST1282,Blender,Home Appliances,Central,Indore,1,3162.46,3162.46,15.0,2116.11,323.69,No,Net Banking,Failed,Delivered
ORD103883,2025-07-27,CUST1510,T-Shirt,Fashion,West,Pune,1,840.24,840.24,0.0,507.29,214.33,No,Debit Card,Pending,Cancelled
ORD101197,2026-07-07,CUST1069,Office Chair,Furniture,North,Delhi,1,7845.24,7845.24,0.0,5674.24,78.35,No,UPI,Paid,Delivered
ORD105680,2025-05-22,CUST1791,Smartwatch,Electronics,North,Delhi,2,7399.83,14799.66,0.0,6423.46,408.88,No,Debit Card,Failed,Delivered
ORD104676,2025-02-15,CUST1577,Smartwatch,Electronics,Central,Indore,1,7497.15,7497.15,30.0,6128.99,89.65,No,Cash,Paid,Delivered
ORD101390,2025-03-18,CUST1371,Shoes,Fashion,West,Mumbai,3,3658.91,10976.73,0.0,2332.55,47.77,No,UPI,Paid,Cancelled
ORD103198,2026-06-08,CUST1562,Jacket,Fashion,West,Ahmedabad,5,4854.27,24271.35,,3108.55,359.27,No,Cash,Pending,Delivered
ORD100645,2025-04-24,CUST1147,Laptop,Electronics,Central,Indore,5,62120.48,310602.4,20.0,,188.67,No,Debit Card,Paid,Delivered
ORD102841,2025-12-31,CUST1417,Mixer,Home Appliances,West,Mumbai,5,3664.23,18321.15,10.0,2979.13,259.49,No,Cash,Failed,Cancelled
ORD105838,2026-05-05,CUST1274,Jacket,Fashion,East,Bhubaneswar,2,4264.11,8528.22,0.0,3400.29,359.38,No,UPI,Paid,Cancelled
ORD100038,2026-05-21,CUST1367,Smartwatch,Electronics,West,Mumbai,2,7851.3,15702.6,15.0,5237.75,480.13,No,Net Banking,Paid,Cancelled
ORD104240,2026-01-29,CUST1532,Shoes,Fashion,West,Mumbai,1,2775.11,2775.11,10.0,1848.74,265.75,No,Net Banking,Failed,Delivered
ORD101305,2026-03-03,CUST1709,Shoes,Fashion,North,Lucknow,2,3296.81,6593.62,0.0,2759.17,73.25,No,Net Banking,Paid,Delivered
ORD102285,2025-08-16,CUST1748,T-Shirt,Fashion,North,Jaipur,4,891.44,3565.76,10.0,567.2,470.0,No,Credit Card,Paid,Delivered
ORD104969,2025-08-28,CUST1004,Microwave,Home Appliances,Central,Bhopal,5,9633.02,48165.1,25.0,7031.86,101.21,Yes,Credit Card,Paid,Cancelled
ORD104339,2025-10-31,CUST1073,Microwave,Home Appliances,East,Kolkata,1,9991.33,9991.33,0.0,8251.04,446.14,No,Debit Card,Paid,Delivered
ORD105662,2025-01-12,CUST1113,Bookshelf,Furniture,East,Bhubaneswar,1,5861.04,5861.04,5.0,3684.92,461.84,No,Credit Card,Paid,Delivered
ORD104208,2025-08-08,CUST1173,Coffee Maker,Home Appliances,South,Chennai,1,4884.64,4884.64,25.0,2755.66,311.08,No,UPI,Pending,Cancelled
ORD103243,2025-01-21,CUST1546,Office Chair,Furniture,West,Ahmedabad,1,8109.56,8109.56,30.0,5936.86,455.94,Yes,UPI,Paid,Returned
ORD104826,2025-05-21,CUST1170,Headphones,Electronics,West,Mumbai,1,3639.02,3639.02,10.0,2384.65,293.88,No,Credit Card,Paid,Cancelled
ORD105193,2025-10-07,CUST1713,Tablet,Electronics,East,Bhubaneswar,2,19944.6,39889.2,0.0,12137.08,75.28,No, UPI ,Pending,Delivered
ORD105366,2025-10-11,CUST1680,Tablet,Electronics,Central,Indore,1,24906.42,24906.42,0.0,20133.8,118.46,No,Net Banking,Pending,Delivered
ORD101843,2026-03-11,CUST1046,Microwave,Home Appliances,East,Kolkata,1,10123.48,10123.48,5.0,6730.79,143.9,No,Debit Card,Pending,Delivered
ORD102005,2025-12-21,CUST1343,Jacket,Fashion,North,Delhi,2,4615.94,9231.88,10.0,2958.64,191.92,No,Credit Card,Paid,Cancelled
ORD102228,2026-01-04,CUST1800,Microwave,Home Appliances,East,Kolkata,1,11805.34,11805.34,5.0,9976.13,123.39,No,Net Banking,Paid,Cancelled
ORD103697,2025-09-21,CUST1318,Desk,Furniture,North,Jaipur,1,12425.9,12425.9,25.0,8120.03,391.61,No,Cash,Pending,Delivered
ORD104574,2025-03-21,CUST1137,Smartwatch,Electronics,Central,Nagpur,4,7043.05,unknown,20.0,4581.76,159.69,Yes,Credit Card,Paid,Returned
ORD104719,2025-10-05,CUST1411,Mixer,Home Appliances,South,Hyderabad,4,4022.87,16091.48,25.0,2540.48,258.99,No,Debit Card,Failed,Delivered
ORD104224,2026-02-07,CUST1589,Mixer,Home Appliances,Central,Bhopal,5,4358.83,21794.15,30.0,2589.22,308.05,No,Debit Card,Pending,Delivered
ORD101692,2025-01-12,CUST1488,Jacket,Fashion,South,Bengaluru,1,4807.56,4807.56,30.0,4130.25,149.16,No,Net Banking,Paid,Cancelled
ORD101119,2025-05-29,CUST1188,Smartwatch,Electronics,West,Mumbai,1,7126.8,7126.8,5.0,"5,330.15",201.02,No,Debit Card,Pending,Delivered
ORD100162,2025-09-10,CUST1056,T-Shirt,Fashion,East,Patna,4,781.56,3126.24,10.0,479.32,137.41,No,UPI,Paid,Delivered
ORD102784,2026-01-04,CUST1037,Blender,Home Appliances,Central,Nagpur,1,2992.95,2992.95,20.0,2218.36,343.2,No,Debit Card,Paid,Delivered
ORD103043,2026-07-05,CUST1595,Blender,Home Appliances,West,Ahmedabad,3,2701.27,8103.81,15.0,2094.09,188.36,No,Net Banking,Failed,Cancelled
ORD103826,2026-01-16,CUST1184,Smartwatch,Electronics,East,Patna,4,6685.2,26740.8,30.0,5401.2,411.86,No,UPI,Pending,Delivered
ORD105463,04/07/2026,CUST1771,Jacket,Fashion,Central,Indore,4,3934.04,15736.16,0.0,2981.44,304.94,Yes,Credit Card,Paid,Returned
ORD102539,2025-07-31,CUST1750,Coffee Maker,Home Appliances,West,Ahmedabad,5,5647.12,28235.6,15.0,4708.21,116.75,No,Credit Card,Paid,Cancelled
ORD102792,2026-02-02,CUST1314,Headphones,Electronics,East,Bhubaneswar,1,3768.52,3768.52,10.0,3142.37,229.95,No,Credit Card,Paid,Delivered
ORD102282,2025-12-11,CUST1031,Office Chair,Furniture,East,Patna,1,7848.88,7848.88,10.0,5925.71,,No,Credit Card,Paid,Delivered
ORD104983,2025-12-24,CUST1105,Tablet,Electronics,North,Delhi,2,21372.43,42744.86,30.0,13316.54,420.0,No,Debit Card,Pending,Delivered
ORD101711,2025-04-11,CUST1107,Backpack,Accessories,Central,Nagpur,1,1892.17,1892.17,10.0,1121.6,91.35,No,UPI,Paid,Delivered
ORD101813,2025-08-16,CUST1346,Laptop,Electronics,North,Lucknow,2,3556.27,7112.54,20.0,2159.4,106.92,No,Cash,Failed,Cancelled
ORD103408,2026-03-01,CUST1787,Blender,Home Appliances,Central,Indore,2,3271.09,6542.18,15.0,1803.56,234.74,no,Debit Card,Paid,Cancelled
ORD103620,2025-01-11,CUST1498,Blender,Home Appliances,North,Lucknow,1,2609.17,2609.17,0.0,1621.15,429.67,No,Net Banking,Paid,Cancelled
ORD102532,2026-06-09,CUST1401,Tablet,Electronics,North,Delhi,2,19205.43,38410.86,5.0,15660.43,103.99,No,Credit Card,Paid,Delivered
ORD101309,2025-08-04,CUST1413,Desk,Furniture,East,Kolkata,5,11182.88,55914.4,5.0,6604.04,157.25,No,Cash,Paid,Delivered
ORD100898,2026-01-24,CUST1215,Mixer,Home Appliances,East,Patna,2,4005.9,unknown,30.0,3243.01,113.32,Yes,Credit Card,Paid,Returned
ORD103040,2025-04-30,CUST1542,Tablet,Electronics,North,Lucknow,4,24421.92,97687.68,5.0,17542.2,249.57,No,Cash,Paid,Cancelled
ORD100207,2026-06-26,CUST1507,Jacket,Fashion,East,Kolkata,1,4351.18,4351.18,25.0,3054.17,437.7,No,UPI,Paid,Delivered
ORD103849,2025-06-21,CUST1405,Microwave,Home Appliances,East,Bhubaneswar,5,10973.29,54866.45,20.0,6890.88,125.31,No,UPI,Paid,Cancelled
ORD101658,2026-06-15,CUST1293,Coffee Maker,Home Appliances,North,Lucknow,2,5516.93,11033.86,5.0,3857.56,81.76,Yes,Net Banking,Failed,Returned
ORD105748,2025-05-07,CUST1645,Desk,Furniture,South,Bengaluru,3,12115.1,36345.3,15.0,8231.71,124.28,Yes,Debit Card,Pending,Returned
ORD103684,2026-01-24,CUST1537,Desk,Furniture,West,Pune,2,11731.7,23463.4,20.0,6662.26,330.95,No,Credit Card,Failed,Delivered
ORD105083,2026-05-25,CUST1595,Backpack,Accessories,South,Bengaluru,1,1967.76,1967.76,25.0,1538.53,427.33,Yes,Credit Card,Paid,Returned
ORD104515,2025-02-05,CUST1749,Office Chair,Furniture,Central,Indore,1,9844.99,"9,844.99",10.0,8650.81,479.76,Yes,Debit Card,Paid,Returned
ORD105183,2026-01-23,CUST1764,Smartwatch,Electronics,West,Mumbai,3,7686.91,23060.73,30.0,5886.1,403.49,No,UPI,Paid,Delivered
ORD105746,2025-06-28,CUST1496,laptop,Electronics,North,Delhi,1,48591.43,48591.43,30.0,26934.74,196.25,No,Credit Card,Paid,Delivered
ORD102320,2025-08-30,CUST1541,Mixer,Home Appliances,South,Hyderabad,5,4204.07,21020.35,25.0,,433.22,No,Debit Card,Failed,Cancelled
ORD100520,2026-07-11,CUST1395,Office Chair,Furniture,North,Jaipur,4,9011.16,36044.64,0.0,5112.91,245.24,No,Net Banking,Paid,Delivered
ORD102336,2026-05-24,CUST1627,Smartwatch,Electronics,East,Patna,5,6430.12,32150.6,25.0,5089.1,256.36,No,UPI,Paid,Delivered
ORD100440,2026-05-03,CUST1352,Blender,Home Appliances,South,Bengaluru,2,2759.77,5519.54,30.0,1744.45,473.35, YES ,Cash,Paid,Cancelled
ORD105434,2026-03-07,CUST1592,Desk,Furniture,West,Ahmedabad,5,11740.37,58701.85,30.0,7316.1,164.44,No,Credit Card,Paid,Delivered
ORD100057,2025-03-19,CUST1730,Shoes,Fashion,Central,Nagpur,3,2805.15,8415.45,0.0,2037.55,203.76,No,Debit Card,Paid,Delivered
ORD101334,2025-11-09,CUST1293,Blender,Home Appliances,West,Mumbai,5,2898.22,14491.1,10.0,1660.57,268.33,No,Cash,Pending,Delivered
ORD102690,2025-04-13,CUST1436,Smartwatch,Electronics,South,Chennai,1,6814.84,6814.84,25.0,5949.2,N/A,Yes,Debit Card,Failed,Returned
ORD100732,2025-09-12,CUST1476,Smartphone,Electronics,North,Jaipur,2,30029.76,unknown,5.0,25647.47,99.17,No,UPI,Paid,Cancelled
ORD103318,03/06/2025,CUST1154,Backpack,Accessories,Central,Bhopal,4,1728.21,6912.84,15.0,993.43,233.38,Yes,Debit Card,Paid,Returned
ORD102777,2025-01-18,CUST1077,Desk,Furniture,South,Bengaluru,4,11784.62,47138.48,5.0,8135.24,239.64,No,Cash,Paid,Cancelled
ORD104077,2025-02-12,CUST1194,Microwave,Home Appliances,North,Delhi,3,12380.75,37142.25,0.0,10299.98,425.34,No,Cash,Paid,Delivered
ORD105346,2025-05-18,CUST1510,T-Shirt,Fashion,Central,Indore,4,1018.78,4075.12,20.0,,193.47,No,Cash,Pending,Delivered
ORD100728,2025-01-09,CUST1053,Desk,Furniture,West,Mumbai,4,10311.8,41247.2,30.0,5693.7,260.58,Yes,Cash,Paid,Returned
ORD103808,2025-03-14,CUST1518,Blender,Home Appliances,North,Delhi,5,2945.66,14728.3,30.0,2191.83,316.07,No,Debit Card,Pending,Delivered
ORD102674,2026-02-27,CUST1775,Desk,Furniture,West,Ahmedabad,1,12982.57,12982.57,0.0,8203.99,128.25,Yes,Cash,Pending,Returned
ORD105879,2025-03-27,CUST1488,Desk,Furniture,South,Hyderabad,5,12371.63,61858.15,30.0,10098.42,407.52,No,Debit Card,Paid,Delivered
ORD103340,2026-02-02,CUST1105,Bookshelf,Furniture,South,Chennai,3,5724.01,17172.03,30.0,3400.94,249.53,No,Cash,Pending,Delivered
ORD104762,15/07/2026,CUST1755,laptop,Furniture,West,Pune,2,6339.74,12679.48,20.0,4101.81,123.04,Yes,Debit Card,Pending,Returned
ORD105631,2026-07-05,CUST1010,T-Shirt,Fashion,West,Ahmedabad,2,917.66,1835.32,0.0,524.22,158.27,No,UPI,Pending,Delivered
ORD103160,2026-01-09,CUST1259,Blender,Home Appliances,East,Kolkata,1,3374.94,3374.94,5.0,2345.93,280.9,No,UPI,Paid,Delivered
ORD103512,2026-01-28,CUST1064,Shoes,Fashion,Central,Indore,1,3210.53,3210.53,0.0,2221.48,63.86,No,Debit Card,Paid,Delivered
ORD105353,2026-03-17,CUST1214,Tablet,Electronics,North,Lucknow,2,22432.23,44864.46,5.0,12808.43,423.42,No,Net Banking,Failed,Cancelled
ORD102816,2026-04-07,CUST1449,Headphones,Electronics,East,Kolkata,1,3413.16,3413.16,10.0,1958.58,363.59,No,Net Banking,Failed,Delivered
ORD105787,2026-04-26,CUST1345,T-Shirt,Fashion,South,Hyderabad,1,859.89,859.89,30.0,553.64,90.61,No,Debit Card,Paid,Delivered
ORD100929,2025-10-15,CUST1706,Microwave,Home Appliances,Central,Nagpur,5,9463.86,47319.3,20.0,5750.36,171.59,No,UPI,Pending,Delivered
ORD101236,2025-06-11,CUST1130,Microwave,Home Appliances,West,Mumbai,1,12210.4,12210.4,30.0,10442.47,429.97,No,UPI,Pending,Cancelled
ORD102954,2026-05-04,CUST1234,Desk,Furniture,Central,Bhopal,1,12415.54,12415.54,30.0,9956.69,413.5,Yes,Net Banking,Paid,Returned
ORD100206,2025-07-26,CUST1210,Headphones,Electronics,North,Lucknow,2,3403.72,6807.44,15.0,2925.98,,no,UPI,Paid,Delivered
ORD100633,2026-03-28,CUST1105,Backpack,Accessories,South,Chennai,3,1971.7,5915.1,0.0,1258.27,152.49,No,Credit Card,Pending,Delivered
ORD100648,2025-05-24,CUST1585,Bookshelf,Furniture,North,Delhi,1,7113.4,7113.4,5.0,5162.04,179.55,No,Debit Card,Paid,Delivered
ORD105390,2025-11-25,CUST1764,Mixer,Home Appliances,South,Bengaluru,5,4117.28,20586.4,0.0,2710.08,398.79,No,UPI,Paid,Delivered
ORD100780,2025-07-30,CUST1447,Bookshelf,Furniture,North,Jaipur,5,7072.4,35362.0,25.0,4317.99,388.87,Yes,Cash,Pending,Returned
ORD105290,2026-02-07,CUST1516,Tablet,Electronics,West,Mumbai,4,19433.85,77735.4,30.0,15190.15,290.65,No,Net Banking,Paid,Delivered
ORD105719,2026-04-12,CUST1430,Shoes,Fashion,Central,Indore,4,2971.06,11884.24,20.0,1846.28,154.78,No,Net Banking,Pending,Cancelled
ORD104343,28/08/2025,CUST1240,Desk,Furniture,East,Kolkata,3,11381.61,34144.83,15.0,6879.2,324.86,No,Cash,Paid,Delivered
ORD100840,2025-03-19,CUST1542,Desk,Furniture,West,Mumbai,1,10769.26,10769.26,25.0,8696.95,387.5,No,Cash,Paid,Delivered
ORD103900,2025-11-18,CUST1336,Coffee Maker,Home Appliances,South,Bengaluru,2,5445.17,10890.34,20.0,4393.85,478.49,Yes,UPI,Paid,Returned
ORD105323,2025-10-05,CUST1147,Backpack,Accessories,Central,Nagpur,2,1669.31,3338.62,30.0,1171.07,311.09,No,Credit Card,Paid,Delivered
ORD105743,2025-12-23,CUST1206,Mixer,Home Appliances,East,Kolkata,1,3754.02,3754.02,20.0,3169.96,109.93,No,Debit Card,Pending,Cancelled
ORD102064,2026-06-23,CUST1672,Jacket,Fashion,South,Bengaluru,2,4153.28,8306.56,10.0,3040.64,467.94,No,Debit Card,Paid,Delivered
ORD100146,2026-01-20,CUST1172,Shoes,Fashion,Central,Nagpur,4,3400.68,13602.72,0.0,2507.03,158.02,No,Credit Card,Paid,Cancelled
ORD104426,2025-02-23,CUST1731,Tablet,Electronics,South,Hyderabad,3,19846.99,59540.97,20.0,11436.45,174.61,No,Cash,Pending,Delivered
ORD105920,2025-08-04,CUST1326,Smartphone,Electronics,Central,Nagpur,4,25580.22,102320.88,25.0,15774.47,229.48,No,Cash,Paid,Cancelled
ORD101043,2026-02-12,CUST1518,Bookshelf,Furniture,West,Ahmedabad,3,7136.22,21408.66,25.0,4065.54,496.72,Yes,UPI,Paid,Returned
ORD103694,2025-04-10,CUST1247,Mixer,Home Appliances,East,Kolkata,1,3803.86,3803.86,5.0,3008.33,401.53,Yes,Debit Card,Paid,Returned
ORD105384,2026-03-19,CUST1747,Coffee Maker,Home Appliances,East,Patna,1,4914.74,4914.74,20.0,3939.59,462.6,No,Debit Card,Paid,Cancelled
ORD100907,2025-10-07,CUST1344,Jacket,Fashion,Central,Nagpur,4,4197.0,16788.0,20.0,3605.21,48.52,No,Credit Card,Paid,Delivered
ORD100757,2026-06-27,CUST1502,Smartphone,Electronics,North,Jaipur,3,27564.64,82693.92,20.0,18788.36,280.18,,Cash,Failed,Cancelled
ORD104547,2025-07-07,CUST1129,Smartwatch,Electronics,West,Mumbai,1,5969.01,5969.01,10.0,4234.41,488.4,No,UPI,Failed,Delivered
ORD101187,2026-04-02,CUST1444,Bookshelf,Furniture,North,Jaipur,2,7298.25,14596.5,20.0,5271.29,420.15,No,Credit Card,Paid,Cancelled
ORD101770,2026-03-22,CUST1470,Shoes,Fashion,South,Bengaluru,2,3641.31,7282.62,30.0,3080.59,445.76,No,Cash,Paid,Cancelled
ORD105379,2025-08-16,CUST1763,Smartwatch,Electronics,East,Kolkata,2,6603.16,13206.32,10.0,5214.32,59.89,No,Cash,Paid,Delivered
ORD103186,2025-12-25,CUST1690,Jacket,Fashion,Central,Bhopal,2,4227.58,8455.16,0.0,2830.6,377.84,No,Credit Card,Failed,Delivered
ORD105351,2025-12-02,CUST1496,Microwave,Home Appliances, WEST ,Indore,1,10468.39,10468.39,15.0,8352.94,199.11,No,Debit Card,Paid,Delivered
ORD105075,2025-07-31,CUST1739,Jacket,Fashion,West,Mumbai,3,4881.83,14645.49,30.0,3983.48,496.08,No,Debit Card,Paid,Cancelled
ORD104893,2025-07-30,CUST1499,Headphones,Electronics,West,Mumbai,1,3407.69,3407.69,0.0,2251.16,96.47,No,Net Banking,Paid,Delivered
ORD101246,2026-04-02,CUST1701,Smartphone,Electronics,South,Hyderabad,1,29902.36,29902.36,10.0,23110.24,468.95,No,UPI,Paid,Delivered
ORD101070,2025-02-27,CUST1565,T-Shirt,Fashion,West,Mumbai,1,818.82,818.82,5.0,535.04,unknown,Yes,Net Banking,Pending,Returned
ORD103487,2026-07-17,CUST1356,Smartphone,Electronics,East,Kolkata,5,27357.19,136785.95,,17762.75,165.3,No,Cash,Pending,Delivered
ORD104736,2025-08-29,CUST1175,Coffee Maker,Home Appliances,Central,Bhopal,5,5319.66,26598.3,25.0,3761.55,294.77,Yes,UPI,Paid,Returned
ORD105486,2026-02-20,CUST1219,Microwave,Home Appliances,North,Delhi,2,11735.25,23470.5,30.0,6493.72,377.05,Yes,Credit Card,Pending,Returned
ORD104718,2025-09-11,CUST1553,Blender,Elec,East,Kolkata,4,2929.14,11716.56,10.0,2241.94,271.86,No,UPI,Paid,Delivered
ORD101951,2026-01-03,CUST1340,Office Chair,Furniture, WEST ,Chennai,2,10308.8,20617.6,15.0,8289.2,295.52,No,UPI,Pending,Delivered
ORD100427,2025-01-15,CUST1516,Desk,Furniture,South,Hyderabad,1,12065.08,12065.08,15.0,8940.98,46.72,No,UPI,Failed,Delivered
ORD101974,2025-07-16,CUST1773,Backpack,Accessories,East,Kolkata,2,2055.06,4110.12,25.0,1414.85,105.03,No,UPI,Failed,Delivered
ORD101060,2026-06-03,CUST1242,Coffee Maker,Home Appliances,West,Pune,4,4862.71,19450.84,30.0,4065.42,240.69,Yes,Credit Card,Paid,Returned
ORD100636,2026-06-29,CUST1570,Shoes,Fashion,West,Ahmedabad,2,3260.64,6521.28,0.0,1984.75,448.73,No,upi, PAID ,Cancelled
ORD101134,2025-05-18,CUST1457,Microwave,Home Appliances,East,Bhubaneswar,3,9665.27,28995.81,15.0,8484.34,352.24,No,Debit Card,Pending,Delivered
ORD105067,2026-05-19,CUST1736,Tablet,Electronics,Central,Bhopal,1,20847.35,20847.35,0.0,12193.94,92.09,No,Cash,Failed,Cancelled
ORD103772,2025-12-07,CUST1272,Microwave,Home Appliances,West,Ahmedabad,2,9848.82,19697.64,20.0,6215.28,485.79,No,Debit Card,Pending,Delivered
ORD100700,2025-09-14,CUST1533,Smartwatch,Electronics,East,Patna,2,6990.95,13981.9,30.0,4009.24,81.18,No,Net Banking,Pending,Delivered
ORD100105,2026-06-25,CUST1649,Bookshelf,Furniture,Central,Indore,4,5592.99,22371.96,15.0,4146.8,82.08,No,UPI,Paid,Delivered
ORD103535,2026-05-07,CUST1074,Blender,Home Appliances,South,Hyderabad,2,2552.57,5105.14,30.0,1609.86,330.38,No,Debit Card,Paid,Delivered
ORD100772,2025-01-08,CUST1563,Mixer,Home Appliances,East,Patna,1,4598.2,4598.2,5.0,2830.81,150.54,No,Net Banking,Paid,Delivered
ORD102981,2025-12-25,CUST1378,Office Chair,Furniture,Central,Nagpur,2,10210.22,20420.44,25.0,6617.45,160.44,No,UPI,Paid,Delivered
ORD100356,2026-05-29,CUST1449,Mixer,Home Appliances,Central,Indore,4,4025.54,16102.16,10.0,3516.66,138.76,Yes,Debit Card,Pending,Returned
ORD102905,2025-11-21,CUST1056,T-Shirt,Fashion,West,Mumbai,1,812.18,812.18,20.0,449.94,367.12,No,Credit Card,Paid,Delivered
ORD101297,2025-07-19,CUST1544,Mixer,Home Appliances,North,Lucknow,2,4696.17,9392.34,10.0,3827.32,444.49,No,UPI,Paid,Delivered
ORD104633,2025-11-27,CUST1204,Office Chair,Furniture,Central,Nagpur,2,8472.35,16944.7,10.0,5348.58,296.25,No,Credit Card,Paid,Delivered
ORD103574,2025-09-16,,Backpack,Accessories,Central,Indore,3,1872.58,5617.74,10.0,1473.7,91.02,No,UPI,Paid,Delivered
ORD103649,2026-03-17,CUST1133,Jacket,Fashion,Central,Nagpur,1,5115.11,5115.11,10.0,4397.58,298.51,No,UPI,Pending,Cancelled
ORD104080,2025-03-05,CUST1212,Smartphone,Electronics,South,Bengaluru,1,30091.13,30091.13,0.0,21585.43,381.54,No,Cash,Paid,Delivered
ORD103047,2025-07-12,CUST1654,Microwave,Home Appliances,East,Patna,3,10364.24,31092.72,0.0,7305.85,497.25,No,UPI,Paid,Delivered
ORD104853,2025-06-24,CUST1470,Blender,Home Appliances,West,Ahmedabad,2,2644.19,5288.38,0.0,1828.87,454.24,No,Credit Card,Failed,Cancelled
ORD105916,2025-09-25,CUST1271,Jacket,Fashion,Central,Bhopal,1,4529.73,4529.73,20.0,2898.21,333.76,No,Debit Card,Paid,Delivered
ORD103111,2025-12-21,CUST1297,Backpack,Accessories,East,Bhubaneswar,1,1762.69,1762.69,30.0,1098.17,325.46,No,Credit Card,Paid,Cancelled
ORD103405,2026-03-11,CUST1618,Office Chair,Furniture,West,Pune,1,8528.67,8528.67,15.0,6691.42,317.52,No,Credit Card,Paid,Delivered
ORD103065,2026-01-17,CUST1297,Shoes,Fashion,East,Kolkata,4,3030.02,12120.08,30.0,2645.04,291.1,No,Cash,Paid,Delivered
ORD102404,06/05/2025,CUST1038,Backpack,Accessories,South,Bengaluru,2,1648.14,3296.28,10.0,1007.33,480.75,No,UPI,Paid,Delivered
ORD101628,08/01/2025,CUST1462,T-Shirt,Fashion,East,Patna,3,873.39,2620.17,5.0,484.58,327.4,Yes,UPI,Paid,Returned
ORD104794,2026-03-31,CUST1288,T-Shirt, Electronics ,North,Delhi,2,964.13,1928.26,0.0,624.44,284.74,No,Net Banking,Pending,Cancelled
ORD104079,2026-07-27,CUST1122,T-Shirt,Fashion,East,Patna,1,871.09,871.09,25.0,591.63,264.38,No,Debit Card,Paid,Delivered
ORD101774,2025-08-25,CUST1212,Blender,Home Appliances,West,Mumbai,1,3264.38,3264.38,25.0,1968.43,489.0,No,Cash,Paid,Cancelled
ORD102164,2025-09-19,CUST1749,T-Shirt,Fashion,West,Ahmedabad,2,991.98,1983.96,5.0,777.87,391.11,No,Credit Card,Paid,Delivered
ORD105103,2026-07-15,CUST1089,Tablet,Electronics,East,Bhubaneswar,2,24012.87,48025.74,25.0,14641.72,163.76,No,Debit Card,Paid,Delivered
ORD100153,2026-04-16,CUST1798,Mixer,Home Appliances,South,Chennai,1,3809.81,3809.81,5.0,3345.26,344.45,No,Cash,Paid,Delivered
ORD103548,2026-02-01,CUST1750,Bookshelf,Furniture,West,Ahmedabad,1,6689.53,6689.53,110.0,3683.46,494.41,No,Cash,Pending,Delivered
ORD104524,2025-06-08,CUST1509,Laptop,Electronics,East,Patna,1,47695.06,47695.06,5.0,31786.49,72.46,No,Debit Card,Paid,Delivered
ORD101815,2025-10-30,CUST1244,Blender,Home Appliances,West,Ahmedabad,1,3343.76,3343.76,10.0,2500.25,332.4,No,Debit Card,Failed,Delivered
ORD104774,2026-04-08,CUST1258,Laptop,Home appliance,West,Mumbai,2,58909.72,117819.44,20.0,48907.08,466.82,No,Cash,Paid,Delivered
ORD105698,2025-08-19,CUST1434,Headphones,Electronics,West,Pune,3,3843.85,11531.55,25.0,2264.58,335.47,No,Net Banking,Paid,Delivered
ORD100709,2026-05-27,CUST1474,Smartphone,Electronics,Central,Nagpur,1,26120.41,26120.41,25.0,19165.85,475.33,No,UPI,Pending,Delivered
ORD100413,2026-05-09,CUST1368,Laptop,Electronics,South,Chennai,1,56472.04,56472.04,0.0,32498.07,118.15,Yes,UPI,Pending,Returned
ORD102896,2026-01-25,CUST1120,Smartphone,Electronics,North,Jaipur,3,25170.61,75511.83,30.0,14900.2,395.52,No,Credit Card,Paid,Delivered
ORD104054,2026-06-06,CUST1578,Laptop,Electronics,West,Pune,2,49050.83,98101.66,30.0,34108.97,146.25,No,Net Banking,Paid,Cancelled
ORD101432,2025-11-12,CUST1340,Shoes,Fashion,West,Pune,2,3333.47,6666.94,0.0,2925.45,481.23,Yes,Net Banking,Paid,Returned
ORD105741,2026-03-19,CUST1181,Shoes,Fashion,South,Bengaluru,1,3171.35,3171.35,15.0,2577.18,191.32,No,Credit Card,Pending,Delivered
ORD102507,2025-05-08,CUST1152,T-Shirt,Fashion,West,Pune,2,933.36,1866.72,30.0,543.91,130.16,No,Debit Card,Paid,Delivered
ORD100320,2025-09-21,CUST1331,Bookshelf,Furniture,East,Kolkata,5,6159.32,30796.6,20.0,4274.68,346.72,Yes,Net Banking,Paid,Returned
ORD103836,2026-07-11,CUST1720,Laptop,Electronics,Central,Bhopal,2,49240.34,98480.68,30.0,41591.51,434.86,No,Debit Card,Pending,Delivered
ORD104311,2025-05-13,CUST1497,Blender,Home Appliances,Central,Indore,2,3316.02,6632.04,5.0,2884.81,95.12,No,Cash,Pending,Delivered
ORD101141,2025-01-21,CUST1190,Mixer,Home Appliances,South,Bengaluru,5,4518.69,22593.45,5.0,3661.74,389.6,No,Debit Card,Paid,Delivered
ORD102729,2026-06-16,CUST1182,Microwave,Home Appliances,North,Jaipur,1,11376.06,11376.06,20.0,8792.0,272.99,Yes,UPI,Pending,Returned
ORD104546,2026-01-01,CUST1302,Coffee Maker,Home Appliances,East,Patna,2,4989.79,9979.58,5.0,2995.1,95.19,No,Net Banking,Paid,Delivered
ORD100833,2025-07-17,CUST1216,Desk,Furniture,Central,Nagpur,5,13774.09,68870.45,30.0,11569.07,178.84,No,Net Banking,Paid,Delivered
ORD104777,2026-06-21,CUST1027,Laptop,Electronics, WEST ,Patna,2,47619.24,95238.48,10.0,36798.4,163.9,No,Cash,Pending,Cancelled
ORD103514,2025-07-20,CUST1618,Tablet,Electronics,South,Hyderabad,1,19160.09,19160.09,20.0,14887.69,489.04,No,Cash,Pending,Delivered
ORD103741,2025-09-22,CUST1249,Bookshelf,Furniture,South,Hyderabad,3,7097.75,21293.25,30.0,5732.99,101.89,No,UPI,Paid,Delivered
ORD100171,2025-12-16,CUST1352,Jacket,Fashion,West,Pune,4,5097.13,20388.52,10.0,3114.93,120.09,Yes,Cash,Paid,Returned
ORD104525,2025-09-24,CUST1241,Smartwatch,Electronics,Central,Nagpur,2,7854.12,15708.24,15.0,4462.12,360.74,No,UPI,Pending,Delivered
ORD100134,2025-04-29,CUST1035,Mixer,Home Appliances,West,Pune,1,4813.23,4813.23,0.0,3490.97,470.84,Yes,Net Banking,Failed,Returned
ORD104741,2026-06-01,CUST1495,Tablet,Electronics,North,Jaipur,1,20616.73,20616.73,15.0,13299.62,81.46,No,Credit Card,Pending,Cancelled
ORD101423,2025-04-13,CUST1161,Office Chair,Furniture,East,Patna,2,8840.79,17681.58,25.0,5420.52,165.73,No,UPI,Paid,Delivered
ORD100439,2025-02-19,CUST1502,Smartwatch,Electronics,East,Bhubaneswar,2,6934.46,13868.92,20.0,5924.27,105.32,No,Credit Card,Paid,Cancelled
ORD103004,2025-01-18,CUST1556,Microwave,Home Appliances,East,Patna,2,10218.03,20436.06,5.0,6805.7,372.82,No,Net Banking,Failed,Delivered
ORD100034,2025-02-04,CUST1727,Bookshelf,Furniture,South,Bengaluru,1,5906.79,5906.79,20.0,3667.02,N/A,Yes,Credit Card,Failed,Returned
ORD104813,2025-07-23,CUST1633,Office Chair,Furniture,Central,Nagpur,4,9871.59,39486.36,30.0,7693.07,271.07,No,Net Banking,Paid,Delivered
ORD103136,2025-08-13,CUST1508,Microwave, Electronics ,East,Kolkata,2,10796.73,21593.46,15.0,8786.04,438.83,No,Credit Card,Paid,Delivered
ORD105227,2026-07-15,CUST1416,Smartwatch,Electronics,West,Ahmedabad,2,7918.62,15837.24,10.0,5048.4,75.5,No,Debit Card,Pending,Delivered
ORD100502,12/07/2025,CUST1237,Office Chair,Furniture,North,Lucknow,2,8359.35,16718.7,20.0,6197.15,169.97,No,Credit Card,Failed,Cancelled
ORD101567,2025-05-24,CUST1104,Laptop,Electronics,South,Chennai,3,59706.06,179118.18,15.0,44943.49,234.7,No,UPI,Pending,Delivered
ORD102140,2025-11-27,CUST1292,Bookshelf,Furniture,North,Delhi,4,7364.19,29456.76,15.0,4280.9,218.69,No,Credit Card,Paid,Delivered
ORD101081,2025-11-03,CUST1161,Shoes,Fashion,Central,Bhopal,2,3001.93,6003.86,5.0,2442.45,,No,Net Banking,Paid,Delivered
ORD105599,2025-05-23,CUST1649,Tablet,Electronics,South,Hyderabad,2,20773.57,41547.14,25.0,17777.21,90.86,No,Debit Card,Paid,Cancelled
ORD103470,2025-05-09,CUST1524,Laptop,Electronics,North,Delhi,2,56949.88,113899.76,25.0,35384.63,305.06,Yes,Credit Card,Pending,Returned
ORD103017,2026-06-27,CUST1156,Microwave,Home Appliances,Central,Nagpur,1,11837.03,11837.03,15.0,7818.7,145.04,No,Debit Card,Failed,Cancelled
ORD105275,2025-07-03,CUST1267,T-Shirt,Fashion,West,Pune,5,780.04,"3,900.20",,468.2,132.43,Yes,UPI,Paid,Returned
ORD102724,2025-05-15,CUST1328,Smartwatch,Electronics,South,Hyderabad,2,6786.54,13573.08,30.0,4721.46,411.13,No,Debit Card,Pending,Delivered
ORD100338,2026-05-01,CUST1191,T-Shirt,Fashion,South,Chennai,3,939.08,2817.24,15.0,817.17,468.87,No,Cash,Failed,Delivered
ORD100516,2025-08-29,CUST1355,Blender,Home Appliances,West,Mumbai,1,3249.96,3249.96,15.0,2588.2,45.79,No,UPI,Paid,Cancelled
ORD103687,2026-01-18,CUST1535,Desk,Furniture,East,Patna,1,10492.01,10492.01,20.0,8625.18,67.84,No,Debit Card,Paid,Delivered
ORD102356,2025-10-20,CUST1716,Tablet,Electronics,West,Mumbai,5,23515.63,117578.15,5.0,13271.97,456.25,No,UPI,Paid,Delivered
 ORD104447 ,2026-02-19,CUST1372,Smartwatch,Electronics,North,Lucknow,1,7599.15,7599.15,30.0,4353.34,264.0,No,Cash,Pending,Cancelled
ORD103366,2025-08-26,CUST1261,Mixer,Home Appliances,North,Delhi,4,3694.07,14776.28,0.0,2994.47,425.52,No,Credit Card,Paid,Delivered
ORD100547,2025-04-22,CUST1313,Headphones,Electronics,South,Chennai,3,3157.66,9472.98,25.0,1754.34,458.4,No,Net Banking,Pending,Delivered
ORD100482,2025-02-11,CUST1210,Shoes,Fashion,West,Mumbai,1,3647.62,3647.62,5.0,2685.86,277.65,No,Debit Card,Paid,Delivered
ORD104216,2026-05-05,CUST1671,Backpack,Accessories,Central,Nagpur,4,2068.84,8275.36,20.0,1288.11,215.66,No,UPI,Failed,Delivered
ORD101727,2025-02-09,CUST1165,Shoes,Fashion,East,Patna,3,3340.13,10020.39,20.0,2392.49,111.64,Yes,Cash,Paid,Returned
ORD101608,2025-07-29,CUST1256,Microwave,Home Appliances,East,Patna,5,12361.59,61807.95,5.0,10179.39,383.14,No,UPI,Paid,Delivered
ORD104667,2025-05-23,CUST1761,Tablet,Electronics,North,Lucknow,2,23008.43,46016.86,5.0,16151.07,280.39,No,UPI,Paid,Cancelled
ORD102631,2025-02-23,CUST1728,Desk,Furniture,West,Pune,2,13477.21,26954.42,25.0,7919.56,302.0,No,Net Banking,Pending,Delivered
ORD100094,2026-05-12,CUST1012,Headphones,Electronics,South,Chennai,2,3354.02,6708.04,15.0,2738.4,482.57,No,Debit Card,Failed,Delivered
ORD105736,2025-06-16,CUST1607,Coffee Maker,Home Appliances,Central,Indore,3,5147.41,15442.23,20.0,4495.66,90.55,No,UPI,Pending,Delivered
ORD103508,2026-02-11,CUST1581,Mixer,Home Appliances,South,Chennai,1,4204.62,4204.62,0.0,2683.89,210.9,No,Net Banking,Failed,Delivered
ORD102748,2025-05-28,CUST1207,Blender,Home Appliances,East,Patna,2,3302.03,6604.06,0.0,2716.42,135.84,No,Debit Card,Paid,Cancelled
ORD101983,2025-04-06,CUST1452,Office Chair,Furniture,West,Pune,5,8599.91,42999.55,10.0,6465.7,101.12,No,Credit Card,Failed,Cancelled
ORD100942,2026-01-29,CUST1410,Bookshelf,Furniture,East,Patna,1,6506.26,6506.26,10.0,4473.41,297.7,No,Cash,Paid,Delivered
ORD100717,2025-12-05,CUST1438,Mixer,Home Appliances,South,Bengaluru,2,4227.55,8455.1,0.0,2945.06,,Yes,Debit Card,Paid,Returned
ORD105043,2025-06-10,CUST1702,Headphones,Electronics,North,Delhi,2,3264.4,6528.8,5.0,2648.71,151.16,Yes,Credit Card,Paid,Returned
ORD105657,2025-07-24,CUST1597,Office Chair,Furniture,South,Chennai,5,10112.25,50561.25,10.0,6311.66,48.38,No,UPI,Paid,Delivered
ORD104258,2025-02-14,CUST1451,Bookshelf,Furniture,Central,Bhopal,4,5540.9,22163.6,20.0,4548.44,282.3,No,UPI,Paid,Delivered
ORD100394,2025-07-30,CUST1200,Jacket,Fashion,Central,Bhopal,2,3859.68,7719.36,25.0,2514.52,266.35,No,Credit Card,Paid,Delivered
ORD100048,2025-01-05,CUST1119,Mixer,Home Appliances,South,Bengaluru,1,4484.41,4484.41,30.0,3826.67,78.06,No,UPI,Paid,Delivered
ORD102681,2025-01-11,CUST1112,T-Shirt,Fashion,Central,Bhopal,2,834.37,1668.74,25.0,608.14,202.31,No,Cash,Paid,Delivered
ORD102699,2025-03-13,CUST1756,Smartwatch,Electronics,South,Hyderabad,5,6652.32,33261.6,30.0,4824.97,261.06,No,Cash,Paid,Delivered
ORD103345,2025-07-17,CUST1464,Office Chair,Furniture,East,Kolkata,1,8433.84,8433.84,25.0,6082.26,363.35,No,Cash,Pending,Delivered
ORD104751,2026-04-26,CUST1671,Desk,Furniture,West,Ahmedabad,1,11027.88,11027.88,30.0,6745.01,230.8,Yes,UPI,Paid,Returned
ORD104011,2025-03-07,CUST1131,Headphones,Electronics,East,Patna,4,3024.62,12098.48,25.0,1725.48,180.33,No,Net Banking,Pending,Delivered
ORD102714,2025-07-22,CUST1021,T-Shirt,Fashion,North,Jaipur,4,991.17,3964.68,10.0,782.09,404.85,No,Net Banking,Failed,Delivered
ORD100581,2025-03-19,CUST1412,Microwave,Home Appliances,South,Hyderabad,1,12628.81,12628.81,10.0,N/A,288.5,Yes,UPI,Failed,Returned
ORD105338,2025-02-27,CUST1474,T-Shirt,Fashion,North,Delhi,1,823.91,823.91,25.0,478.55,179.23,Yes,UPI,Failed,Returned
ORD103362,2025-09-18,CUST1055,Coffee Maker,Home Appliances,Central,Bhopal,5,4677.05,23385.25,5.0,3281.49,375.29,No,Cash,paid,Delivered
ORD105209,2025-08-20,CUST1764,Smartphone,Electronics,North,Lucknow,4,24751.08,99004.32,10.0,21582.5,390.88,No,Net Banking,Failed,Delivered
ORD101493,2025-09-27,CUST1017,Bookshelf,Furniture,North,Delhi,2,5960.57,11921.14,0.0,4846.74,215.54,No,Net Banking,Paid,Cancelled
ORD105817,2025-11-18,CUST1068,Jacket,Fashion,South,Bengaluru,3,4367.02,13101.06,25.0,2885.96,160.39,No,Cash,Pending,Delivered
ORD100706,2025-04-22,CUST1558,T-Shirt,Fashion,East,Kolkata,3,953.51,2860.53,0.0,781.79,57.65,No,Net Banking,Pending,Delivered
ORD105709,2025-05-04,CUST1551,Coffee Maker,Home Appliances,West,Ahmedabad,3,5733.7,17201.1,10.0,4612.38,349.76,No,UPI,Failed,Delivered
ORD102763,2026-05-01,CUST1736,Blender,Home Appliances,North,Delhi,2,2902.08,5804.16,15.0,1657.95,326.01,No,Debit Card,Paid,Delivered
ORD103070,2025-12-07,CUST1769,Mixer,Home Appliances,Central,Bhopal,2,4052.25,8104.5,10.0,3443.76,439.03,Yes,Cash,Paid,Returned
ORD101854,2025-10-19,CUST1658,Jacket,Fashion,Central,Nagpur,5,4169.52,20847.6,25.0,2471.37,305.67,No,Cash,Failed,Delivered
ORD102842,2025-08-28,CUST1079,Office Chair,Furniture,Central,Nagpur,5,10186.14,50930.7,0.0,8591.5,62.84,No,Net Banking,Paid,Delivered
ORD105622,2025-03-27,CUST1460,Mixer,Home Appliances,East,Kolkata,1,3639.59,3639.59,10.0,2826.83,390.68,Yes,Credit Card,Paid,Returned
ORD100349,2025-12-21,,Mixer,Home Appliances,West,Ahmedabad,1,4472.22,4472.22,0.0,2971.67,240.4,No,Cash,Paid,Cancelled
ORD104256,2026-01-31,CUST1389,Smartwatch,Electronics,West,Pune,4,7839.42,31357.68,30.0,5389.35,47.39,Yes,Net Banking,Pending,Returned
ORD104611,2025-08-01,CUST1585,Coffee Maker,Home Appliances,North,Jaipur,1,4700.25,4700.25,25.0,3452.39,59.87,No,Cash,Paid,Delivered
ORD103299,2025-02-16,CUST1664,Desk,Furniture,East,Kolkata,4,12470.27,49881.08,15.0,9855.78,438.35,No, UPI ,Paid,Delivered
ORD105907,2025-05-11,CUST1498,Laptop,Electronics,North,Lucknow,1,52718.91,52718.91,0.0,29526.46,337.6,No,Net Banking,Failed,Delivered
ORD100399,2025-12-14,CUST1273,Jacket,Fashion,North,Lucknow,1,4926.29,4926.29,20.0,3261.06,272.73,Yes,Cash,Failed,Returned
ORD105204,2025-10-14,CUST1596,Coffee Maker,Home Appliances,North,Lucknow,2,6052.66,12105.32,5.0,3866.8,217.01,No,Cash,Paid,Delivered
ORD102774,2025-07-17,CUST1377,Shoes,Fashion,North,Jaipur,4,2880.17,11520.68,25.0,2014.56,41.35,No,Net Banking,Paid,Delivered
ORD105960,2026-07-30,CUST1417,Shoes,Fashion,South,Bengaluru,1,3121.69,3121.69,10.0,2700.48,482.92,No,Cash,Pending,Delivered
ORD102766,2025-04-06,CUST1710,Shoes,Fashion,South,Hyderabad,4,2828.84,11315.36,0.0,2121.73,207.07,No,Net Banking,Paid,Delivered
ORD104360,2025-07-04,CUST1377,Backpack,Accessories,West,Ahmedabad,2,1645.12,3290.24,15.0,1258.42,447.48,No,Credit Card,Pending,Delivered
ORD105859,2025-04-10,CUST1477,Shoes,Fashion,North,Delhi,1,3371.37,3371.37,20.0,1856.14,467.67,No,Net Banking,Paid,Cancelled
ORD100111,2026-04-12,CUST1414,Backpack,Accessories,North,Lucknow,5,1670.29,8351.45,15.0,923.66,416.59,Yes,Credit Card,Paid,Returned
ORD101375,2026-04-09,CUST1702,Smartphone,Electronics,West,Mumbai,2,25645.01,51290.02,15.0,21596.32,,No,Net Banking,Paid,Cancelled
ORD104419,2026-01-26,CUST1055,Backpack,Accessories,West,Ahmedabad,1,1785.3,1785.3,20.0,1523.63,297.28,No,Credit Card,Pending,Cancelled
ORD101062,2026-07-20,CUST1065,Bookshelf,Furniture,Central,Bhopal,1,7188.63,7188.63,20.0,3980.31,250.71,Yes,Cash,Pending,Returned
ORD103547,2026-01-05,CUST1764,Blender,Home Appliances,Central,Nagpur,1,2739.25,2739.25,15.0,1570.38,229.8,No,Net Banking,Paid,Delivered
ORD103982,2025-12-24,CUST1495,smartphone,Accessories,Central,Nagpur,5,1575.03,7875.15,10.0,1146.22,68.25,Yes,Cash,Paid,Returned
ORD103122,2025-07-14,CUST1528,Blender,Home Appliances,West,Mumbai,3,2596.64,7789.92,20.0,2073.56,357.58,No,UPI,Paid,Delivered
ORD102485,2025-10-31,CUST1005,Shoes,Fashion,West,Ahmedabad,-1,2878.89,8636.67,15.0,1987.02,387.08, YES ,Cash,Paid,Delivered
ORD102081,2025-02-17,CUST1737,Backpack,Accessories,Central,Bhopal,1,1707.55,1707.55,20.0,1452.22,266.15,No,UPI,Pending,Delivered
ORD104579,2025-10-17,CUST1500,Backpack,Accessories,South,Bengaluru,1,1747.98,1747.98,0.0,1324.72,207.02,No,UPI,Pending,Cancelled
ORD102955,2026-07-16,CUST1736,Office Chair, Electronics ,West,Mumbai,1,8918.15,8918.15,0.0,5537.68,68.82,No,Debit Card,Paid,Delivered
ORD105173,2026-03-15,CUST1164,Smartphone,Electronics,West,Ahmedabad,3,30458.8,91376.4,15.0,16838.25,342.07,No,UPI,Paid,Delivered
ORD102934,2025-09-03,CUST1782,Laptop,Electronics,East,Bhubaneswar,3,59988.84,179966.52,25.0,44322.75,179.0,No,Credit Card,Paid,Delivered
ORD100316,2025-10-27,CUST1395,Shoes,Fashion,Central,Indore,2,3404.27,6808.54,10.0,2080.6,315.89,No,UPI,Paid,Delivered
ORD103003,2026-03-14,CUST1761,Coffee Maker,Home Appliances,North,Jaipur,1,5169.92,5169.92,15.0,3836.7,469.04,No,UPI,Paid,Delivered
ORD104306,2026-05-17,CUST1307,Laptop,Electronics,West,Mumbai,5,55217.34,276086.7,15.0,48061.38,443.81,No,Debit Card,Paid,Delivered
ORD102415,2026-02-15,CUST1052,Coffee Maker,Home Appliances,North,Lucknow,1,5897.15,5897.15,15.0,3620.77,274.74,No,Cash,Paid,Cancelled
ORD103019,2025-10-15,CUST1425,Mixer,Home Appliances,West,Pune,1,4181.26,4181.26,30.0,3424.59,348.06,No,Debit Card,Pending,Delivered
ORD102942,2026-05-21,CUST1302,Backpack,Accessories,South,Bengaluru,2,1638.69,3277.38,5.0,1371.69,151.77,No,Credit Card,Failed,Cancelled
ORD104766,2026-06-11,CUST1341,Bookshelf,Furniture,Central,Indore,1,5535.08,5535.08,30.0,4267.74,278.31,No,UPI,Paid,Delivered
ORD103478,2025-03-26,CUST1372,Office Chair,Furniture,South,Hyderabad,4,9151.74,36606.96,25.0,5649.05,131.77,No,Cash,Failed,Delivered
ORD100983,2025-11-29,CUST1413,Office Chair,Furniture,South,Chennai,2,10221.73,20443.46,20.0,8592.19,190.54,No,UPI,Failed,Delivered
ORD103242,2026-01-17,CUST1798,Shoes,Fashion,West,Ahmedabad,2,3512.0,7024.0,15.0,3071.18,211.09,No,Debit Card,Paid,Delivered
ORD104674,2025-09-27,CUST1274,Smartphone,Electronics,Central,Nagpur,2,26326.5,52653.0,20.0,20881.25,162.44,No,Cash,Paid,Cancelled
ORD104111,2026-03-09,CUST1762,Headphones,Electronics,North,Jaipur,2,4019.64,8039.28,30.0,3306.95,380.02,No,Debit Card,Paid,Delivered
ORD101540,2026-07-25,CUST1696,Jacket,Fashion,Central,Bhopal,1,4539.49,4539.49,20.0,3139.37,96.17,No,Cash,Paid,Delivered
ORD101903,2025-07-14,CUST1258,Coffee Maker,Home Appliances,East,Bhubaneswar,5,4975.48,24877.4,25.0,4025.2,489.08,No,Cash,Pending,Delivered
ORD102956,2025-09-10,CUST1236,Mixer,Home Appliances,East,Kolkata,2,3768.33,7536.66,5.0,2683.41,331.15,Yes,Credit Card,Paid,Returned
ORD103297,2026-05-14,CUST1390,Laptop,Electronics,West,Pune,2,54291.22,108582.44,10.0,36099.73,238.26,No,Net Banking,Failed,Delivered
ORD102531,2026-06-21,CUST1218,Desk,Furniture,North,Jaipur,1,11263.86,11263.86,20.0,8664.38,392.04,No,Cash,Paid,Delivered
ORD102134,2025-12-05,CUST1704,Shoes,Fashion,Central,Indore,2,3622.41,7244.82,0.0,2556.77,277.71,No,Credit Card,Paid,Delivered
ORD103905,2026-03-28,CUST1158,Coffee Maker,Home Appliances,East,Bhubaneswar,2,5661.11,11322.22,0.0,3203.71,254.51,No,UPI,Pending,Delivered
ORD100000,2026-04-04,CUST1088,Desk,Furniture,West,Mumbai,2,10860.37,21720.74,20.0,8112.27,245.08,Yes,Cash,Paid,Returned
ORD103589,2025-02-10,CUST1498,Smartwatch,Electronics,Central,Indore,3,6729.85,20189.55,25.0,5728.75,415.49,No,Cash,Pending,Delivered
ORD104617,2025-06-01,CUST1577,Microwave,Home Appliances,West,Pune,2,11733.06,23466.12,0.0,8909.88,279.8,No,Credit Card,Paid,Delivered
ORD100500,2026-04-29,CUST1306,Tablet,Electronics,South,Bengaluru,1,19946.04,19946.04,15.0,14958.45,237.04,Yes,Net Banking,Paid,Returned
ORD100336,2026-03-04,CUST1038,Laptop,Electronics,North,Lucknow,5,52879.21,264396.05,10.0,38205.8,256.6,No,Cash,Paid,Cancelled
ORD102652,2025-06-29,CUST1529,Tablet,Electronics,East,Bhubaneswar,1,23517.56,23517.56,20.0,16639.39,498.63,No,Cash,Pending,Delivered
ORD103515,2025-12-06,CUST1688,Backpack,Accessories,North,Lucknow,2,2020.93,4041.86,20.0,1599.15,343.84,No,upi,Failed,Delivered
ORD105581,2025-04-21,CUST1268,Jacket,Fashion,South,Bengaluru,2,4332.3,8664.6,5.0,3360.13,259.96,No,Net Banking,Pending,Delivered
ORD103187,2025-07-13,CUST1117,Laptop,Electronics,Central,Indore,4,63233.0,252932.0,0.0,55564.94,199.8,Yes,Cash,Pending,Returned
ORD104852,2026-02-01,CUST1025,Smartwatch,Electronics,West,Ahmedabad,1,6927.26,6927.26,5.0,5082.13,202.35,No,Debit Card,Paid,Delivered
ORD100530,2026-03-14,CUST1155,Coffee Maker,Home Appliances,Central,Bhopal,1,6110.0,6110.0,30.0,5321.94,492.21,No,Credit Card,Paid,Delivered
ORD105185,2025-01-25,CUST1177,Jacket,Fashion,West,Ahmedabad,2,4135.22,8270.44,25.0,2581.32,,No,Net Banking,Pending,Delivered
ORD101840,2026-06-07,CUST1650,Jacket,Fashion,East,Patna,5,4331.51,21657.55,,3254.94,233.26,No,Net Banking,Paid,Delivered
ORD102991,2025-09-15,CUST1796,Bookshelf,Furniture,Central,Indore,3,5904.17,17712.51,20.0,5169.81,154.92,No,Net Banking,Paid,Delivered
ORD101304,2025-02-17,CUST1435,T-Shirt,Furn,East,Kolkata,4,840.35,3361.4,30.0,580.41,100.27,No,Net Banking,Paid,Delivered
ORD101718,2025-12-01,CUST1582,Office Chair,Furniture,Central,Nagpur,1,9165.39,9165.39,15.0,7914.24,435.52,Yes,Debit Card,Paid,Returned
ORD100264,2025-01-08,CUST1478,Mixer,Home Appliances,South,Hyderabad,1,4779.77,4779.77,20.0,4131.9,484.84,No,UPI,Paid,Delivered
ORD105356,2025-11-02,CUST1488,Blender,Home Appliances,West,Ahmedabad,5,2752.88,13764.4,10.0,2115.86,85.0,No,Net Banking,Failed,Delivered
ORD105152,2026-05-02,CUST1717,Backpack,Accessories,Central,Indore,5,1540.41,7702.05,30.0,1159.36,275.35,No,Cash,Failed,Delivered
ORD103330,2026-01-13,CUST1743,Office Chair,Furniture,North,Lucknow,4,8515.38,34061.52,5.0,7166.14,47.28,Yes,UPI,Paid,Returned
ORD101832,2026-01-12,CUST1705,Mixer,Home Appliances,West,Mumbai,1,3685.41,3685.41,5.0,2856.51,323.92,No,Net Banking,Failed,Delivered
ORD104921,2025-10-24,CUST1449,Coffee Maker,Home Appliances,West,Ahmedabad,1,6284.46,6284.46,5.0,4245.07,355.59,Yes,Debit Card,Paid,Returned
ORD102393,2025-12-08,CUST1338,Shoes,Fashion,Central,Bhopal,2,3641.02,7282.04,15.0,2619.44,336.60,Yes,Credit Card,Paid,Returned
ORD103336,2025-08-23,CUST1584,Bookshelf,Furniture,West,Mumbai,2,7010.12,14020.24,15.0,5680.26,211.89,No,Cash,Paid,Cancelled
ORD102364,2025-03-18,CUST1792,Tablet,Electronics,East,Kolkata,4,22412.31,89649.24,30.0,14956.93,135.76,No,UPI,Paid,Delivered
ORD101683,2025-05-03,CUST1653,Blender,Home Appliances,South,Chennai,1,2601.31,2601.31,15.0,2045.62,,Yes,UPI,Paid,Returned
ORD103806,2026-04-06,CUST1367,Blender,Home Appliances,North,Delhi,2,2906.77,5813.54,0.0,2225.38,330.37,No,Net Banking,Paid,Delivered
ORD102350,2025-02-17,CUST1095,Jacket,Fashion,South,Bengaluru,1,5055.18,5055.18,30.0,3082.55,459.74,Yes,UPI,Pending,Returned
ORD103232,2026-05-25,CUST1130,Headphones,Electronics,Central,Nagpur,1,3906.22,3906.22,10.0,3214.37,241.34,No,UPI,Paid,Delivered
ORD100358,2026-01-20,CUST1761,Bookshelf,Furniture,South,Hyderabad,4,5750.62,23002.48,0.0,4476.07,250.65,No,Credit Card,Paid,Delivered
ORD102929,2026-06-14,CUST1221,Blender,Home Appliances,Central,Indore,1,3243.75,3243.75,10.0,2376.58,126.92,No,Debit Card,Paid,Delivered
ORD103521,2025-06-07,CUST1610,Blender,Home Appliances,North,Delhi,2,3327.02,6654.04,5.0,2334.41,349.16,No,UPI,Failed,Delivered
ORD105241,2026-07-03,CUST1049,Bookshelf,Furniture,East,Kolkata,3,5691.81,17075.43,25.0,3213.46,438.24,No,Debit Card,Paid,Delivered
ORD105199,2025-06-10,CUST1073,Bookshelf,Furniture,West,Pune,2,5749.06,11498.12,0.0,4001.7,235.7,Yes,Debit Card,Paid,Returned
ORD101174,2025-04-05,CUST1786,Office Chair,Furniture,North,Delhi,1,8532.11,8532.11,15.0,,364.53,No,Debit Card,Pending,Delivered
ORD101090,2026-05-24,CUST1292,Shoes,Fashion,South,Hyderabad,4,3061.24,12244.96,20.0,2329.77,345.33,No,Net Banking,Failed,Delivered
ORD102049,2025-04-12,CUST1338,Office Chair,Furniture,South,Hyderabad,1,8444.46,8444.46,0.0,4779.14,297.37,No,UPI,Paid,Delivered
ORD105010,2026-02-05,CUST1234,Coffee Maker,Home Appliances,Central,Nagpur,5,4746.12,23730.6,20.0,3438.5,420.43,No,UPI,Paid,Delivered
ORD100796,2026-02-13,CUST1032,Smartwatch,Electronics,East,Bhubaneswar,1,8020.3,8020.3,0.0,4491.57,367.87,Yes,Net Banking,Paid,Returned
ORD102731,2025-11-25,CUST1496,Smartphone,Electronics,East,Kolkata,4,29852.84,119411.36,20.0,20081.19,403.44,No,Net Banking,Pending,Cancelled
ORD100539,2025-09-16,CUST1716,Mixer,Home Appliances,South,Hyderabad,1,3938.23,3938.23,30.0,3343.66,65.5,No,UPI,Paid,Delivered
ORD103540,2025-04-15,CUST1690,Shoes,Fashion,East,Patna,2,3440.86,6881.72,25.0,2385.57,76.95,No,Cash,Paid,Delivered
ORD105520,2026-01-07,CUST1026,Bookshelf,Furniture,West,Ahmedabad,1,6196.36,6196.36,25.0,3957.16,382.13,No,Cash,Failed,Delivered
ORD105878,2026-04-23,CUST1353,Desk,electronics,East,Patna,2,11359.7,22719.4,0.0,8204.33,381.46,No, UPI ,Paid,Delivered
ORD101871,2026-06-14,CUST1719,Blender,Home Appliances,South,Bengaluru,2,2879.75,5759.5,5.0,2486.63,368.45,Yes,Credit Card,Paid,Returned
ORD103079,2025-01-06,CUST1669,Mixer,Home Appliances,North,Jaipur,1,3907.72,3907.72,15.0,3328.48,59.9,No,UPI,Failed,Delivered
ORD104565,2025-06-21,CUST1526,T-Shirt,Fashion,North,Delhi,5,949.66,4748.3,0.0,621.59,445.95,No,Cash,Paid,Delivered
ORD105409,2025-04-21,CUST1539,Coffee Maker,Home Appliances,South,Hyderabad,3,5341.05,16023.15,20.0,4461.32,184.6,No,Cash,Paid,Delivered
ORD100692,2026-01-17,CUST1601,Office Chair,Furniture,Central,Nagpur,5,7756.09,38780.45,25.0,4572.79,187.54,No,Debit Card,Paid,Cancelled
ORD101647,2026-01-30,CUST1091,Microwave,Home Appliances,West,Mumbai,3,11317.13,33951.39,25.0,7473.88,359.73,No,Credit Card,Paid,Delivered
ORD101617,2025-10-04,CUST1257,Mixer,Home Appliances,West,,1,4097.33,4097.33,15.0,3106.39,480.47,No,UPI,Failed,Delivered
ORD102376,2026-04-03,CUST1528,Desk,Furniture,South,Hyderabad,1,11339.14,11339.14,25.0,9774.67,181.45,yes,Net Banking,Paid,Delivered
ORD101285,2026-03-22,CUST1002,Tablet,Electronics,East,Patna,2,19389.19,38778.38,25.0,14791.67,296.44,No,Credit Card,Paid,Cancelled
ORD105841,2026-02-23,CUST1034,Coffee Maker,Home Appliances,South,Bengaluru,1,5216.07,5216.07,25.0,3043.95,148.68,Yes,Cash,Paid,Returned
ORD100658,2025-09-28,CUST1746,Blender,Home Appliances,South,Chennai,4,2929.65,11718.6,30.0,2425.88,206.6,No,UPI,Pending,Delivered
ORD104499,2025-09-14,CUST1575,Shoes,Fashion,West,Ahmedabad,1,3452.36,3452.36,15.0,2056.62,211.85,No,UPI,Failed,Delivered
ORD102392,2025-09-02,CUST1477,laptop,Electronics,West,Ahmedabad,1,3707.09,3707.09,5.0,2351.89,364.28,No,Debit Card,Pending,Cancelled
ORD101364,2026-01-28,CUST1261,Backpack,Accessories,North,Delhi,1,1643.26,1643.26,20.0,1375.6,383.28,No,Credit Card,Paid,Delivered
ORD103683,2025-05-21,CUST1749,Microwave,Home Appliances,West,Ahmedabad,1,10943.6,10943.6,10.0,9377.34,83.6,Yes,UPI,Paid,Returned
ORD101698,2025-02-09,CUST1766,Office Chair,Furniture,East,Kolkata,2,9154.65,18309.3,30.0,6372.95,77.85,No,Net Banking,Paid,Delivered
ORD105130,2025-10-25,CUST1740,Desk,Furniture,South,Hyderabad,4,11279.02,45116.08,5.0,7999.9,128.63,No,Net Banking,Failed,Delivered
ORD103592,2026-07-21,CUST1373,Laptop,Electronics,West,Pune,1,61469.89,61469.89,30.0,34506.69,372.73,Yes,Credit Card,Pending,Returned
ORD102137,2025-10-07,CUST1424,Coffee Maker,Home Appliances,West,Ahmedabad,1,4931.29,4931.29,20.0,4105.06,386.77,No,Net Banking,Paid,Delivered
ORD101317,2026-06-27,CUST1135,Office Chair,Furniture,North,Lucknow,2,7674.86,15349.72,30.0,4473.4,222.51,Yes,UPI,Failed,Returned
ORD105126,2026-06-26,CUST1714,Tablet,Electronics,North,Jaipur,2,24385.92,48771.84,25.0,20098.44,51.04,No,Credit Card,Paid,Delivered
ORD101065,2025-04-22,CUST1413,Backpack,Accessories,North,Delhi,1,1699.42,1699.42,,1017.88,392.42,Yes,UPI,Paid,Returned
ORD104802,2025-09-21,CUST1450,Headphones,Electronics,West,Mumbai,1,3591.33,3591.33,20.0,2179.12,169.02,Yes,Debit Card,Failed,Returned
ORD104661,2026-07-11,CUST1687,Desk,Furniture,South,Bengaluru,4,12291.3,49165.2,10.0,10679.6,160.13,No,Net Banking,Paid,Delivered
ORD100047,2026-04-06,CUST1732,T-Shirt,Fashion,West,Mumbai,2,1028.09,2056.18,10.0,802.31,286.6,No,Net Banking,Paid,Cancelled
 ORD101551 ,2025-06-22,CUST1004,Headphones,Electronics, WEST ,Indore,1,3162.87,3162.87,5.0,2664.79,178.94,No,Cash,Paid,Cancelled
ORD104273,2025-12-22,CUST1144,Blender,Home Appliances,East,Patna,5,2974.87,14874.35,30.0,2256.58,256.3,No,UPI,Paid,Delivered
ORD105166,2026-01-11,CUST1412,Office Chair,Furniture,North,Jaipur,1,9988.41,9988.41,30.0,6426.07,416.83,No,Debit Card,Paid,Delivered
ORD105827,2025-04-28,CUST1558,Tablet,Electronics,Central,Nagpur,4,21500.1,86000.4,20.0,15467.6,321.96,No,UPI,Paid,Delivered
ORD105952,2025-12-25,CUST1573,Coffee Maker,Home Appliances,East,Patna,2,5005.72,10011.44,0.0,4392.52,359.07,No,Credit Card,Paid,Delivered
ORD102549,2025-03-14,CUST1718,Jacket,Fashion,North,Delhi,5,4117.8,20589.0,5.0,2558.36,178.12,No,Credit Card,Paid,Delivered
ORD103652,2025-09-05,CUST1154,Smartwatch,Electronics,East,Bhubaneswar,2,7153.26,14306.52,10.0,5776.34,106.85,No,Debit Card,Failed,Cancelled
ORD103287,2025-04-02,CUST1667,Bookshelf,Furniture,Central,Bhopal,1,5713.94,5713.94,30.0,3809.63,271.81,No,Debit Card,Paid,Cancelled
ORD104415,2025-05-20,CUST1122,Mixer,Home Appliances,North,Lucknow,5,4121.96,20609.8,5.0,2438.9,381.67,No,Debit Card,Paid,Delivered
ORD105567,2025-04-16,CUST1434,Microwave,Home Appliances,North,Lucknow,4,9697.34,38789.36,30.0,7278.99,442.59,No,UPI,Paid,Cancelled
ORD100965,2025-12-21,CUST1236,Desk,Furniture,East,Patna,1,12653.49,12653.49,30.0,9107.71,368.19,No,Net Banking,Paid,Cancelled
ORD105031,2025-08-11,CUST1343,Desk,Furniture,North,Jaipur,2,11820.22,23640.44,25.0,10286.7,155.54,No,Cash,Paid,Delivered
ORD105228,2026-03-01,CUST1585,Smartwatch,Electronics,Central,Indore,3,6403.5,19210.5,15.0,5583.18,56.49,No,UPI,Paid,Delivered
ORD100130,2025-05-10,CUST1743,Tablet,Electronics,Central,Bhopal,1,20331.73,20331.73,15.0,13899.93,312.74,No,UPI,Paid,Cancelled
ORD100090,2025-12-29,CUST1705,Desk,Furniture,South,,2,13217.19,26434.38,20.0,8940.58,278.7,Yes,Net Banking,Pending,Returned
ORD103301,2025-02-19,CUST1798,Bookshelf,Furniture,East,Bhubaneswar,3,5692.43,17077.29,15.0,3154.43,171.05,Yes,UPI,Pending,Returned
ORD102316,2025-02-27,CUST1425,T-Shirt,Fashion,South,Hyderabad,2,790.24,1580.48,20.0,684.16,172.56,Yes,Cash,Failed,Returned
ORD103555,2026-04-07,CUST1625,Office Chair,Furniture,East,Kolkata,2,7905.89,15811.78,30.0,6404.24,183.85,No,Debit Card,Paid,Delivered
ORD102437,20/04/2026,CUST1174,Mixer,Home Appliances,Central,Indore,2,3654.13,7308.26,5.0,2304.62,110.09,Yes,Cash,Pending,Returned
ORD102695,2025-11-19,CUST1180,T-Shirt,Fashion,West,Pune,4,865.64,3462.56,25.0,542.5,448.97,No,Net Banking,Paid,Delivered
ORD102913,2026-02-25,CUST1557,Shoes,Fashion,North,Jaipur,2,3300.38,6600.76,25.0,2056.27,499.41,No, UPI ,Paid,Delivered
ORD100756,2025-09-06,CUST1279,Desk,Furniture,North,Delhi,1,10576.13,10576.13,25.0,6876.11,,No,Credit Card,Paid,Cancelled
ORD100518,2025-02-09,CUST1336,Smartwatch,Electronics,Central,Nagpur,1,6169.27,6169.27,20.0,4634.32,460.95,Yes,Debit Card,Paid,Returned
ORD103853,2025-06-11,CUST1297,Coffee Maker,Home Appliances,North,Delhi,3,5574.52,16723.56,25.0,3335.0,387.58,No,UPI,Paid,Delivered
ORD101381,2025-12-10,CUST1714,laptop,Fashion,South,Chennai,2,3108.92,6217.84,30.0,2124.88,59.3,No,Debit Card,Pending,Delivered
ORD100236,2026-05-09,CUST1701,Mixer,Home Appliances,North,Lucknow,1,4637.18,4637.18,10.0,3027.74,157.78,Yes,Credit Card,paid,Returned
ORD101785,2025-12-09,CUST1347,Mixer,Home Appliances,East,Patna,2,4245.83,8491.66,15.0,3720.3,390.27,Yes,UPI,Paid,Returned
ORD102035,2025-03-07,CUST1144,Smartphone,Electronics,South,Bengaluru,1,29911.69,29911.69,0.0,20254.26,298.63,No,Net Banking,Failed,Delivered
ORD105317,2025-12-29,CUST1443,Desk,Furniture,North,Lucknow,1,11984.58,11984.58,0.0,7566.21,405.7,No,Net Banking,Paid,Delivered
ORD103720,2025-07-05,CUST1241,Smartwatch,Electronics,East,Patna,2,7635.55,15271.1,15.0,5603.18,47.96,No,Net Banking,Failed,Delivered
ORD102379,2025-07-20,CUST1012,Bookshelf,Furniture,West,Mumbai,2,5968.75,11937.5,5.0,4406.49,444.28,No,Cash,Paid,Delivered
ORD105976,2026-03-01,CUST1384,Office Chair,Furniture,South,Hyderabad,1,10232.91,10232.91,25.0,8288.93,486.0,Yes,UPI,Failed,Returned
ORD105834,2026-02-21,CUST1428,Coffee Maker,Home Appliances,North,Jaipur,2,5680.37,11360.74,15.0,3211.15,163.68,No,Cash,Paid,Delivered
ORD100961,2025-01-02,CUST1233,Laptop,Home Appliances,South,Bengaluru,4,4425.47,17701.88,10.0,2782.01,442.56,No,Debit Card,Paid,Delivered
ORD105019,2025-03-10,CUST1083,Laptop,Electronics,South,Chennai,3,53149.45,159448.35,30.0,44654.06,198.87,No,Debit Card,Pending,Cancelled
ORD102698,2025-05-04,CUST1582,Desk,Furniture,Central,Bhopal,1,12154.31,12154.31,15.0,9917.43,167.02,No,Debit Card,Paid,Cancelled
ORD105299,2025-03-06,CUST1109,Blender,Home Appliances,East,Bhubaneswar,3,3350.27,10050.81,5.0,2872.5,381.47,No,Debit Card,Failed,Cancelled
ORD103006,2025-04-16,CUST1724,Headphones,Electronics,North,Delhi,1,3162.64,3162.64,0.0,2631.15,109.9,Yes,Net Banking,Failed,Returned
ORD101403,2025-07-04,CUST1205,Blender,Home Appliances,South,Chennai,2,2843.25,5686.5,15.0,1674.81,399.16,No,Net Banking,Pending,Delivered
 ORD103419 ,2026-03-08,CUST1579,Blender,Home Appliances,East,Kolkata,3,3310.59,9931.77,5.0,2292.83,299.65,No,UPI,Pending,Delivered
ORD105382,2026-02-08,CUST1389,Headphones,Electronics,West,Ahmedabad,4,3066.16,12264.64,5.0,1736.84,121.28,No,upi,Failed,Delivered
ORD101919,2026-06-12,CUST1064,Tablet,Electronics,East,Patna,5,23520.01,117600.05,15.0,15049.12,436.52,Yes,Cash,Pending,Returned
ORD105321,2025-08-24,CUST1137,Microwave,Home Appliances,West,Mumbai,1,12325.15,12325.15,10.0,9130.6,187.56,No,Cash,Pending,Delivered
ORD101040,2026-03-26,CUST1219,Office Chair,Furniture,Central,Nagpur,3,7781.09,23343.27,30.0,4513.48,62.6,No,Net Banking,Pending,Delivered
ORD102560,2026-04-18,CUST1108,Jacket,Fashion,East,Patna,3,5016.09,15048.27,5.0,3993.11,95.14,No,Cash,Failed,Delivered
ORD104990,2025-08-16,CUST1067,Smartwatch,Electronics,South,Chennai,1,7592.64,7592.64,30.0,6283.45,148.72,No,Net Banking,Paid,Delivered
ORD102571,2026-05-04,CUST1496,Shoes,Fashion,East,Patna,1,3013.91,3013.91,15.0,1976.14,342.67,No,Credit Card,Paid,Delivered
ORD101156,2026-01-03,CUST1051,Tablet,Electronics,West,Pune,4,20876.1,83504.4,25.0,16585.37,316.68,No,Debit Card,Pending,Delivered
ORD103100,2026-07-25,CUST1009,T-Shirt,Fashion,West,Ahmedabad,4,1008.44,4033.76,25.0,633.85,194.4,,Net Banking,Failed,Delivered
ORD102641,2025-11-19,CUST1591,Coffee Maker,Home Appliances,Central,Nagpur,2,5907.99,11815.98,30.0,4087.16,493.9,No,Debit Card,Pending,Delivered
ORD103815,2025-08-05,CUST1759,Shoes,Fashion,South,Chennai,2,2983.41,5966.82,20.0,2465.91,436.39,No,Debit Card,Pending,Delivered
ORD100776,2025-11-13,CUST1570,T-Shirt,Fashion,West,Mumbai,1,864.09,864.09,5.0,635.74,184.15,No,Credit Card,Failed,Delivered
ORD103013,2025-09-27,CUST1081,Smartphone,Electronics,West,,1,27101.99,27101.99,30.0,18730.35,390.06,No,Credit Card,Pending,Cancelled
ORD104482,2026-03-16,CUST1200,Bookshelf,Furniture,West,Ahmedabad,2,6335.0,12670.0,15.0,4245.75,65.42,No,Net Banking,Failed,Delivered
ORD100376,2025-01-30,CUST1045,Mixer,Home Appliances,West,Ahmedabad,1,3907.9,3907.9,15.0,2675.14,97.76,Yes,Credit Card,Failed,Returned
ORD102534,2025-04-15,CUST1488,Coffee Maker,Home Appliances,South,Chennai,1,5772.89,5772.89,15.0,4820.25,247.77,No,Credit Card,Paid,Delivered
ORD102589,2026-05-10,CUST1115,Blender,Home Appliances,North,Delhi,4,3328.15,13312.6,30.0,,179.26,No,Net Banking,Paid,Delivered
ORD104629,2026-03-09,CUST1407,Smartwatch,Electronics,North,Lucknow,5,6997.33,34986.65,5.0,5809.5,106.44,No,UPI,Failed,Delivered
ORD103901,2025-08-06,CUST1655,T-Shirt,Fashion,North,Delhi,5,880.05,4400.25,20.0,713.98,486.33,No,Credit Card,Failed,Delivered
ORD103631,2025-05-24,CUST1110,Office Chair,Furniture,East,Bhubaneswar,5,8608.41,43042.05,20.0,4993.99,128.5,No,Credit Card,Paid,Delivered
ORD105349,2025-02-27,CUST1721,Microwave,Home Appliances,South,Chennai,2,11215.38,22430.76,0.0,6349.85,141.24,No,UPI,Failed,Delivered
ORD101353,2025-02-01,CUST1493,Coffee Maker,Home Appliances,East,Bhubaneswar,4,6262.42,25049.68,30.0,5409.62,471.6,Yes,Debit Card,Paid,Returned
ORD101418,2025-02-03,CUST1088,Desk,Furniture,West,Pune,2,11011.81,22023.62,15.0,6158.26,468.62,No,UPI,Failed,Cancelled
ORD104117,2025-12-12,CUST1351,Laptop,Electronics,West,Pune,1,54586.18,54586.18,25.0,37316.8,480.56,No,Credit Card,Paid,Delivered
ORD102854,2026-02-16,CUST1178,Headphones,Electronics,North,Delhi,4,3223.36,12893.44,20.0,2265.12,479.02,Yes,Credit Card,Paid,Returned
ORD104041,2025-02-10,CUST1384,Microwave,Home Appliances,East,Bhubaneswar,5,10945.14,54725.7,25.0,8896.45,389.85,No,Debit Card,Pending,Delivered
ORD100750,2025-08-28,CUST1266,Bookshelf,Furniture,North,Jaipur,4,5745.62,22982.48,20.0,4269.78,205.3,No,UPI,Paid,Delivered
ORD100418,2025-09-10,CUST1126,Jacket,Fashion,East,Kolkata,1,4919.13,4919.13,15.0,3387.33,306.05,No,Net Banking,Paid,Delivered
ORD103156,2025-05-12,CUST1781,Office Chair,Furniture,South,Chennai,2,8794.8,17589.6,5.0,5106.59,365.18,Yes,Credit Card,Paid,Returned
ORD102100,2026-01-07,CUST1036,Office Chair,Furniture,East,Patna,1,8952.75,8952.75,20.0,7406.24,419.19,No,UPI,Paid,Delivered
ORD100275,2026-06-26,CUST1702,T-Shirt,Fashion,West,Mumbai,3,962.57,2887.71,15.0,765.08,430.28,No,UPI,Paid,Delivered
ORD104627,2025-01-14,CUST1376,Smartwatch,Electronics,West,Pune,1,7012.45,7012.45,20.0,5214.31,331.44,No,Cash,Paid,Delivered
ORD104978,2025-09-22,CUST1322,Bookshelf,Furniture,West,Pune,4,5583.44,22333.76,5.0,3761.22,335.03,No,Cash,Pending,Delivered
ORD104946,2025-12-27,CUST1370,Backpack,Accessories,Central,Indore,5,1793.43,8967.15,5.0,1056.04,366.25,No,Debit Card,Paid,Cancelled
ORD101590,2025-08-28,CUST1337,Jacket,Fashion,South,Chennai,5,4272.51,21362.55,10.0,3509.66,344.33,Yes,Credit Card,Pending,Returned
ORD103583,2026-06-24,CUST1045,Office Chair,Furniture,North,Delhi,2,9677.7,19355.4,0.0,8242.03,256.79,No,UPI,Paid,Delivered
ORD101563,2025-08-15,CUST1054,Bookshelf,Furniture,North,Delhi,3,6629.98,19889.94,10.0,4631.49,145.02,No,UPI,Paid,Delivered
ORD104600,2025-08-24,CUST1269,Office Chair,Furniture,West,Ahmedabad,2,8825.92,17651.84,5.0,7654.98,279.16,Yes,Debit Card,Paid,Returned
ORD102075,2025-12-22,CUST1538,Shoes,Fashion,East,Kolkata,3,2988.04,8964.12,10.0,2164.84,406.7,No,Debit Card,Failed,Cancelled
ORD100463,2026-06-13,CUST1073,Desk,Furniture,Central,Bhopal,5,10491.43,52457.15,0.0,6447.0,116.47,No,UPI,Failed,Delivered
ORD100328,2025-05-30,CUST1660,T-Shirt,Fashion,South,Bengaluru,3,1003.04,3009.12,5.0,741.21,167.43,No,Credit Card,Paid,Delivered
ORD104243,2026-03-11,CUST1077,Office Chair,Furniture,South,Hyderabad,3,9183.73,27551.19,15.0,7056.83,453.51,No,Net Banking,Paid,Delivered
ORD105194,2026-02-17,CUST1329,Smartwatch,Electronics,West,,3,6968.02,20904.06,30.0,3921.01,493.89,No,Net Banking,Failed,Delivered
ORD101424,2026-04-27,CUST1189,Bookshelf,Furniture,East,Patna,1,6794.51,6794.51,25.0,3798.61,165.9,No,UPI,Paid,Delivered
ORD103436,2025-05-18,CUST1556,Blender,Home Appliances,Central,Bhopal,4,2780.94,11123.76,25.0,2234.2,418.14,Yes,UPI,Paid,Returned
ORD104776,2025-07-29,CUST1639,Jacket,Fashion,Central,Bhopal,1,3954.35,3954.35,15.0,2712.15,122.22,No,Debit Card,Failed,Cancelled
ORD101526,2025-03-11,CUST1201,Shoes,Fashion,West,Ahmedabad,1,3509.72,3509.72,5.0,3047.45,319.83,No,Credit Card,Pending,Cancelled
ORD103983,2026-01-14,CUST1038,Jacket,Fashion,Central,Indore,4,4742.82,18971.28,5.0,3187.27,105.82,No,Credit Card,Pending,Delivered
ORD105271,2025-06-27,CUST1384,Microwave,Home Appliances,Central,Indore,2,9975.92,19951.84,0.0,8737.48,107.83,No,Cash,Paid,Cancelled
ORD105471,2025-06-17,CUST1236,Jacket,Fashion,Central,Bhopal,4,4269.85,"17,079.40",10.0,3250.35,319.74,No,Net Banking,Failed,Cancelled
ORD102545,2026-04-12,CUST1091,Microwave,Home Appliances,East,Bhubaneswar,2,12211.44,24422.88,10.0,8848.38,203.31,No,Net Banking,Pending,Delivered
ORD100362,2025-05-02,CUST1432,Desk,Furniture,West,Mumbai,4,12044.28,48177.12,30.0,10354.46,344.42,Yes,Net Banking,Paid,Returned
ORD100579,2025-12-30,CUST1130,Microwave,Home Appliances,East,Patna,2,11290.82,22581.64,10.0,7610.81,387.9,No,Cash,Pending,Delivered
ORD105571,2026-02-13,CUST1732,smartphone,Fashion,East,Kolkata,1,984.26,984.26,15.0,586.92,290.09,No,Credit Card,Paid,Delivered
ORD104088,2025-02-16,CUST1489,Smartwatch,Electronics,South,Chennai,1,7586.77,7586.77,0.0,5641.37,233.95,Yes,Credit Card,Failed,Returned
ORD104693,2025-12-19,CUST1303,Coffee Maker,Home Appliances,East,Bhubaneswar,1,6200.0,6200.0,30.0,3873.97,181.42,No,Debit Card,Pending,Cancelled
ORD102471,2025-01-26,CUST1187,Office Chair,Furniture,East,Bhubaneswar,5,8579.83,42899.15,30.0,6553.93,67.1,No,Net Banking,Pending,Delivered
ORD105151,2025-10-02,CUST1406,Mixer,Home Appliances,East,Bhubaneswar,1,4790.93,4790.93,30.0,3899.94,429.27,No,UPI,Paid,Cancelled
ORD104304,2025-10-21,CUST1345,Microwave,Home Appliances,North,Delhi,3,10979.82,32939.46,25.0,9281.9,372.88,No,Credit Card,Paid,Delivered
ORD101491,2025-02-09,CUST1625,Tablet,Electronics,North,Jaipur,5,25269.3,126346.5,25.0,18022.4,78.89,No,Cash,Pending,Delivered
ORD104629,2026-03-09,CUST1407,Smartwatch,Electronics,North,Lucknow,5,6997.33,34986.65,5.0,5809.5,106.44,No,UPI,Failed,Delivered
ORD105094,2025-01-25,CUST1052,Desk,Furniture,Central,Indore,4,10622.34,42489.36,15.0,6172.76,89.04,No,Debit Card,Paid,Delivered
ORD103914,2025-12-08,CUST1589,Microwave,Home Appliances,West,Pune,3,11162.66,33487.98,0.0,6586.36,350.03,No,Debit Card,Paid,Delivered
ORD100247,2025-08-23,CUST1013,Shoes,Fashion,South,Bengaluru,2,3092.14,6184.28,10.0,2562.15,350.89,Yes,UPI,Pending,Returned
ORD103374,2025-07-16,CUST1190,Jacket,Fashion,Central,Indore,3,3999.81,11999.43,0.0,2641.29,329.79,No,Cash,Paid,Delivered
ORD105964,2026-03-14,CUST1234,Headphones,Electronics,East,Bhubaneswar,1,3336.18,3336.18,15.0,2847.26,298.97,No,Credit Card,Pending,Delivered
ORD101447,2025-01-09,CUST1715,Tablet,Electronics,South,Chennai,1,20137.42,20137.42,10.0,16982.55,188.21,Yes,Debit Card,Paid,Returned
ORD104165,2025-02-03,CUST1098,Backpack,Accessories,Central,Bhopal,3,2005.01,6015.03,10.0,1174.19,467.59,No,Cash,Paid,Delivered
ORD104279,2025-07-02,CUST1059,Bookshelf,Furniture,East,Kolkata,5,5933.49,29667.45,10.0,4845.65,396.32,No,Cash,Paid,Delivered
ORD102263,2025-05-24,CUST1792,T-Shirt,Fashion,West,Ahmedabad,1,981.34,981.34,0.0,613.72,133.72,No,Cash,Paid,Cancelled
ORD103341,2025-08-10,CUST1580,Desk,Furniture,West,Pune,5,11985.04,59925.2,25.0,9138.02,154.68,No,Credit Card,Paid,Cancelled
ORD104239,2025-07-05,CUST1115,Office Chair,Furniture,Central,Indore,1,9316.3,9316.3,10.0,7078.01,94.43,No,Net Banking,Paid,Delivered
ORD105876,2025-01-25,CUST1031,Headphones,Electronics,East,Patna,1,3091.27,3091.27,20.0,1986.15,455.52,Yes,Credit Card,Paid,Returned
ORD103312,2026-02-15,CUST1528,Desk,Furniture,West,Indore,1,12930.69,12930.69,0.0,9593.0,174.0,No,Credit Card,Paid,Delivered
ORD104939,2025-10-12,CUST1067,Mixer,Home Appliances,Central,,1,3663.45,3663.45,30.0,2189.57,286.62,No,Debit Card,Paid,Delivered
ORD103263,2025-04-23,CUST1283,Tablet,Electronics,West,Pune,1,19663.33,19663.33,25.0,11769.57,360.81,No,UPI,Pending,Delivered
ORD100710,2025-01-12,CUST1746,Coffee Maker,Home Appliances,Central,Nagpur,2,4712.24,9424.48,30.0,3788.56,264.62,No,Debit Card,Pending,Delivered
ORD105998,2025-05-27,CUST1264,Headphones,Electronics,South,Hyderabad,4,3159.04,12636.16,5.0,2420.64,145.7,No,Net Banking,Paid,Delivered
ORD102718,2025-10-28,CUST1021,Jacket,Fashion,Central,Indore,2,4236.28,8472.56,25.0,2772.06,247.3,No,Cash,Paid,Delivered
ORD101626,2026-03-04,CUST1476,Smartwatch,Electronics,South,Chennai,1,6219.34,6219.34,0.0,4309.97,291.79,Yes,Net Banking,Paid,Returned
ORD101007,2025-03-23,CUST1762,smartphone,Furniture,South,Bengaluru,1,10074.29,10074.29,25.0,6714.87,477.08,No,Credit Card,Failed,Delivered
ORD102390,2025-03-22,CUST1018,T-Shirt,Fashion,South,Bengaluru,1,868.18,868.18,10.0,718.28,191.46,No,Cash,Paid,Delivered
ORD101045,2026-06-17,CUST1060,Bookshelf,Furniture,West,Ahmedabad,1,6556.17,6556.17,20.0,4556.34,383.2,No,Net Banking,Paid,Delivered
ORD104889,2025-07-19,CUST1225,T-Shirt,Fashion,West,Mumbai,1,972.88,972.88,25.0,749.07,449.89,Yes,Credit Card,Paid,Returned
ORD104004,2025-08-24,CUST1168,Office Chair,Furniture,North,Lucknow,5,7757.8,38789.0,25.0,5861.99,209.06,No,Cash,Failed,Delivered
ORD102273,2026-07-24,CUST1043,Office Chair,Furniture,North,Delhi,1,8219.31,8219.31,15.0,5582.51,417.78, YES ,Debit Card,Paid,Delivered
ORD102617,2026-04-18,CUST1077,Office Chair,Furniture,South,Chennai,1,7661.71,7661.71,15.0,6307.36,266.1,No,Net Banking,Paid,Delivered
ORD101036,2025-07-12,CUST1591,Blender,Home Appliances,South,Bengaluru,4,2587.81,10351.24,15.0,1484.51,364.86,Yes,UPI,Paid,Returned
ORD100414,2025-11-11,CUST1444,Backpack,Accessories,East,Patna,3,1899.53,5698.59,10.0,1074.19,466.9,Yes,UPI,Pending,Returned
ORD105636,2026-04-04,,T-Shirt,Fashion,West,Pune,2,816.36,1632.72,10.0,648.64,43.37,Yes,Debit Card,Pending,Returned
ORD103636,2026-06-01,CUST1180,Headphones,electronics,West,Mumbai,2,3728.66,7457.32,20.0,2271.5,259.16,No,UPI,Pending,Delivered
ORD105524,2025-12-16,CUST1351,T-Shirt,Fashion,North,Jaipur,2,986.71,1973.42,20.0,618.75,42.84,No,Debit Card,Paid,Delivered
ORD105314,2025-04-16,CUST1477,Mixer,Home Appliances,North,Delhi,1,3927.62,3927.62,10.0,3258.6,59.71,No,Credit Card,Paid,Delivered
ORD100703,2026-01-23,CUST1241,Laptop,Electronics,west,Bhubaneswar,1,50226.66,50226.66,20.0,27714.89,56.18,No,Credit Card,Paid,Delivered
ORD100088,2025-12-22,CUST1041,Shoes,Fashion,Central,Bhopal,2,3383.57,6767.14,20.0,1881.5,460.58,Yes,Credit Card,Paid,Returned
ORD101967,2025-03-30,CUST1607,Microwave,Home Appliances,West,Ahmedabad,2,9699.38,unknown,10.0,8175.25,292.6,No,UPI,Paid,Delivered
ORD102431,2025-11-23,CUST1476,Smartwatch,Electronics,West,Ahmedabad,2,6994.93,13989.86,25.0,4400.82,143.24,No,Debit Card,Paid,Cancelled
ORD105877,2025-12-11,CUST1559,Blender,Home Appliances,East,Bhubaneswar,1,2797.34,2797.34,0.0,1827.94,484.42,Yes,Cash,Failed,Returned
ORD101856,07/07/2026,CUST1203,Shoes,Fashion,South,Chennai,5,2986.84,14934.2,25.0,2047.51,437.46,No,Cash,paid,Delivered
ORD102787,2025-05-17,CUST1381,Headphones,Electronics,South,Hyderabad,1,3106.28,3106.28,20.0,2228.96,176.74,No,Cash,Paid,Delivered
ORD101807,2025-09-19,CUST1798,Headphones,Electronics,Central,Indore,3,3459.93,10379.79,10.0,1928.33,195.01,No,Net Banking,Pending,Delivered
ORD105256,2025-05-20,CUST1634,Jacket,Fashion,West,Mumbai,2,4508.24,9016.48,30.0,3917.92,,No,Debit Card,Failed,Delivered
ORD103249,2025-03-11,CUST1119,Coffee Maker,Home Appliances,West,Ahmedabad,5,4871.7,24358.5,15.0,2807.27,167.11,No,Debit Card,Pending,Delivered
ORD103825,2025-07-01,CUST1753,Backpack,Electronics,North,Delhi,5,1557.74,7788.7,25.0,917.26,184.95,No,Debit Card,Paid,Cancelled
ORD102494,2026-02-22,CUST1448,Smartphone,Electronics,West,Pune,4,26074.27,104297.08,5.0,20791.86,144.83,No,Cash,Paid,Cancelled
ORD105884,2025-09-21,CUST1602,Blender,Home Appliances,East,Bhubaneswar,4,3444.57,13778.28,0.0,2520.67,318.57,No,Debit Card,Failed,Delivered
ORD105265,2025-04-15,CUST1179,Laptop,Electronics,Central,Bhopal,2,46898.56,93797.12,30.0,39332.53,220.52,No,Credit Card,Failed,Delivered
ORD100932,2025-02-25,CUST1791,Blender,Home Appliances,East,Kolkata,2,3052.55,6105.1,0.0,2024.96,483.2,No,Debit Card,Paid,Cancelled
ORD105504,2025-12-04,CUST1111,Desk,Furniture,East,Kolkata,4,12457.6,49830.4,5.0,7670.79,471.91,No,Debit Card,Failed,Delivered
ORD101869,2025-05-18,CUST1028,Microwave,Home Appliances,North,Lucknow,1,9376.57,9376.57,5.0,7020.98,N/A,Yes,,Failed,Returned
ORD100778,2025-07-03,CUST1792,Coffee Maker,Home Appliances,Central,Bhopal,1,6175.23,6175.23,25.0,4678.41,,No,Net Banking,Failed,Delivered
ORD105926,2025-06-15,CUST1628,Mixer,Home Appliances,North,Delhi,4,3864.56,15458.24,30.0,2311.89,221.12,No,Net Banking,Paid,Cancelled
ORD101338,2025-04-21,CUST1358,Smartphone,Electronics,West,Pune,1,31063.29,31063.29,20.0,24279.45,57.85,No,Debit Card,Paid,Cancelled
ORD102902,2026-05-08,CUST1276,Bookshelf,Furniture,East,Kolkata,4,5533.41,22133.64,20.0,3302.54,365.57,No,Debit Card,Failed,Delivered
ORD102047,2025-05-19,CUST1272,Tablet,Electronics,West,Ahmedabad,2,23369.85,46739.7,25.0,"20,375.60",392.42,No,Net Banking,Pending,Delivered
ORD104053,2026-07-22,CUST1545,Backpack,Accessories,East,Bhubaneswar,5,1774.06,"8,870.30",25.0,1367.24,192.86,No,Cash,Failed,Cancelled
ORD104249,2025-09-28,CUST1550,Laptop,Electronics,West,Mumbai,3,49778.81,149336.43,0.0,34315.82,496.17,No,Net Banking,Paid,Delivered
ORD104860,2025-03-13,CUST1154,T-Shirt,Fashion,West,Ahmedabad,1,997.55,997.55,15.0,590.07,162.42,No,Cash,Pending,Delivered
ORD101653,2025-05-15,CUST1411,Microwave,Home Appliances,South,Bengaluru,1,12132.58,12132.58,20.0,9606.81,322.96,No,Net Banking,Paid,Delivered
ORD100945,13/06/2025,CUST1290,Desk,Furniture,West,Pune,1,13746.75,13746.75,20.0,9648.41,455.73,No,Net Banking,Paid,Cancelled
ORD105451,2025-07-16,CUST1514,Laptop,Electronics,East,Patna,1,56601.1,56601.1,10.0,36783.38,421.71,No,Credit Card,Paid,Delivered
ORD105027,2025-09-02,CUST1393,Jacket,Fashion,West,Ahmedabad,4,4398.56,17594.24,15.0,2992.15,112.34,No,Credit Card,Paid,Cancelled
ORD103085,2025-07-09,CUST1413,Tablet,Electronics,East,Kolkata,1,21169.07,21169.07,15.0,18111.34,498.44,No,Cash,Pending,Delivered
ORD101245,2026-07-08,CUST1396,Bookshelf,Furniture,South,Chennai,1,7223.12,7223.12,0.0,5018.56,147.68,No,Cash,Failed,Delivered
ORD104237,08/10/2025,CUST1405,Desk,Furniture,North,Jaipur,1,11680.65,11680.65,25.0,9412.06,384.12,No,Debit Card,Failed,Delivered
ORD105500,2025-07-22,CUST1671,Smartphone,Electronics,North,Jaipur,2,24373.72,48747.44,25.0,14335.11,308.19,No,Debit Card,Paid,Delivered
ORD100913,2026-01-08,CUST1628,laptop,Fashion,East,Patna,1,2941.7,2941.7,15.0,1729.09,224.39,No,Debit Card,Failed,Delivered
ORD102420,2026-04-28,CUST1367,Bookshelf,Furniture,East,Kolkata,1,7461.11,7461.11,10.0,4229.12,211.71,No,Net Banking,paid,Delivered
ORD101984,2025-11-25,CUST1618,Bookshelf,Furniture,North,Lucknow,2,7426.6,14853.2,20.0,5154.97,460.03,No,Debit Card,Failed,Delivered
ORD104047,2025-03-15,CUST1322,Coffee Maker,Home Appliances,East,Kolkata,4,5360.56,21442.24,30.0,4419.05,273.3,Yes,Net Banking,Paid,Returned
ORD105740,2026-02-01,CUST1789,T-Shirt,Fashion,North,Jaipur,2,931.82,1863.64,10.0,629.2,160.01,No,Cash,Paid,Delivered
ORD104850,2025-09-23,CUST1287,T-Shirt,Fashion,North,Delhi,2,1002.19,2004.38,30.0,737.06,475.94,No,UPI,Paid,Delivered
ORD102671,2026-05-05,CUST1376,Smartphone,Electronics,East,Patna,2,31545.71,63091.42,25.0,21307.11,69.66,No,UPI,Paid,Delivered
ORD101078,2025-03-21,CUST1646,Coffee Maker,Home Appliances,North,Lucknow,5,5230.01,26150.05,5.0,4484.03,354.33,No,Credit Card,Pending,Delivered
ORD101757,2025-08-01,CUST1350,Jacket,Fashion,North,Lucknow,1,4507.87,4507.87,20.0,3614.02,242.28,No,Debit Card,Failed,Delivered
ORD101290,2026-07-09,CUST1454,Jacket,Fashion,North,,2,4130.73,"8,261.46",30.0,3302.26,73.57,No,Credit Card,Paid,Delivered
ORD100765,2025-11-28,CUST1398,Microwave,Home Appliances,Central,Nagpur,3,9793.82,29381.46,20.0,8338.82,228.24,No,Debit Card,Pending,Delivered
ORD102152,2025-03-02,CUST1536,Backpack,Accessories,Central,Indore,2,1546.28,3092.56,5.0,1261.94,119.93,Yes,Debit Card,Paid,Returned
ORD100881,2025-01-25,CUST1664,Shoes,Fashion,West,Ahmedabad,2,3476.59,6953.18,15.0,2584.31,122.62,No,Credit Card,Paid,Delivered
ORD102457,2026-04-25,CUST1213,Jacket,Fashion,Central,Bhopal,1,3866.04,3866.04,10.0,3218.09,301.24,Yes,Credit Card,Paid,Returned
ORD105266,2025-12-23,CUST1637,T-Shirt,Fashion,South,Bengaluru,2,964.68,1929.36,30.0,595.08,388.54,No,UPI,Failed,Delivered
ORD105030,2025-05-29,CUST1183,Blender,Home Appliances,North,Delhi,1,3057.3,3057.3,30.0,2344.27,429.18,No,Credit Card,Paid,Delivered
ORD105555,2026-05-17,CUST1123,Jacket,Fashion,Central,Nagpur,1,4589.6,4589.6,15.0,3811.04,121.94,No,Credit Card,Paid,Delivered
ORD102897,2025-12-03,CUST1108,Coffee Maker,Home Appliances,North,Jaipur,1,5970.0,5970.0,10.0,4411.82,142.12,No,Net Banking,Paid,Delivered
ORD103865,2025-05-22,CUST1376,Smartphone,Home Appliances,South,Hyderabad,1,10248.36,10248.36,25.0,8868.28,133.2,No,Credit Card,Paid,Cancelled
ORD103389,2025-02-18,CUST1168,Desk,Furniture,South,Chennai,1,12142.18,12142.18,25.0,8555.22,328.38,No,Net Banking,Paid,Delivered
ORD101913,2025-04-10,CUST1265,Office Chair,Furniture,North,Jaipur,2,9008.22,"18,016.44",5.0,7626.02,152.22,No,UPI,Failed,Cancelled
ORD100071,2025-06-06,CUST1550,Bookshelf,Furniture,South,Bengaluru,5,5850.12,29250.6,30.0,4414.64,285.39,No,UPI,Failed,Cancelled
ORD105510,2025-05-04,CUST1762,Backpack,Accessories,West,Ahmedabad,1,1967.95,1967.95,0.0,1310.63,42.67,No,Debit Card,Paid,Delivered
ORD100124,2026-05-30,CUST1127,Microwave,Home Appliances,East,Kolkata,4,9614.38,38457.52,15.0,7042.44,314.84,No,Cash,Paid,Delivered
ORD102058,2026-04-24,CUST1167,Headphones,Electronics,North,Jaipur,5,3412.71,17063.55,20.0,2770.44,363.78,No,Net Banking,Pending,Delivered
ORD102449,2025-12-01,CUST1630,Jacket,Fashion,East,Patna,5,4303.13,21515.65,15.0,3051.95,285.83,No,Credit Card,paid,Cancelled
ORD105426,2025-10-27,CUST1454,Backpack,Accessories,Central,Indore,5,1767.57,8837.85,25.0,1496.1,464.7,Yes,Credit Card,Paid,Returned
ORD105923,2026-03-10,CUST1386,Coffee Maker,Home Appliances,South,Chennai,4,5156.51,20626.04,20.0,3066.95,129.61,,UPI,Failed,Cancelled
 ORD100085 ,2026-01-21,CUST1707,Headphones,Electronics,Central,Indore,1,3587.19,3587.19,15.0,2806.27,458.89,No,Cash,Pending,Delivered
ORD105191,2026-03-16,CUST1541,Desk,Furniture,South,Bengaluru,1,12940.98,12940.98,25.0,7903.41,293.77,No,Cash,Failed,Delivered
ORD104503,2025-06-08,CUST1272,Smartphone,Electronics,West,Mumbai,5,26642.7,133213.5,30.0,20562.16,498.72,No,Net Banking,Paid,Delivered
ORD102034,2025-09-27,,T-Shirt,Fashion,West,Mumbai,1,791.47,791.47,25.0,580.01,341.42,No,Cash,Paid,Cancelled
ORD100075,2025-05-07,CUST1106,Mixer,Home Appliances,South,Bengaluru,1,3892.58,3892.58,15.0,2902.61,87.02,No,Cash,Paid,Delivered
ORD105339,2026-02-16,CUST1687,Desk,Furniture,West,Mumbai,1,11129.36,11129.36,30.0,6264.29,399.9,No,Net Banking,Pending,Cancelled
ORD104181,2025-07-17,CUST1179,Headphones,Electronics,North,Lucknow,2,2992.18,5984.36,0.0,1931.51,312.08,No,,Pending,Cancelled
ORD103168,2026-01-13,CUST1685,Smartwatch,Electronics,Central,Nagpur,1,8037.84,8037.84,0.0,6687.54,107.54,No,Credit Card,Paid,Delivered
ORD104397,2026-05-18,CUST1025,Shoes,Fashion,Central,Nagpur,1,3325.78,3325.78,15.0,2120.5,85.56,No,Debit Card,Paid,Delivered
ORD100544,2026-01-23,CUST1140,Headphones,Electronics,South,Bengaluru,4,3113.4,12453.6,10.0,2532.82,89.23,No,Cash,Paid,Delivered
ORD102928,2025-02-19,CUST1249,Bookshelf,Furniture,South,Chennai,5,6109.65,30548.25,15.0,4637.84,357.29,No,Debit Card,Paid,Delivered
ORD100258,2025-09-24,CUST1461,Laptop,Electronics,East,Kolkata,1,49981.25,49981.25,5.0,42269.38,429.71,No,Cash,Pending,Delivered
ORD105811,2025-06-08,CUST1244,Smartwatch,Electronics,North,Delhi,2,7117.25,14234.5,25.0,4077.84,107.55,No,Debit Card,paid,Delivered
ORD104130,2025-01-24,CUST1377,Bookshelf,Furniture,South,Hyderabad,5,5671.94,28359.7,5.0,3285.3,380.8,No,Cash,Failed,Cancelled
ORD101933,2025-11-11,CUST1307,Microwave,Home Appliances,Central,Indore,1,10303.55,10303.55,10.0,8947.23,50.41,No,UPI,Paid,Delivered
ORD104372,2025-10-04,CUST1041,Microwave,Home Appliances,Central,Indore,4,10536.11,42144.44,20.0,7217.61,75.59,Yes,UPI,Failed,Returned
ORD105098,02/03/2026,CUST1178,Desk,Furniture,Central,Bhopal,1,11002.45,11002.45,25.0,9308.56,97.62,No,Net Banking,Paid,Delivered
ORD101471,29/07/2025,CUST1774,Laptop,Electronics,West,Ahmedabad,5,57692.73,288463.65,15.0,37222.84,154.55,No,Net Banking,Pending,Delivered
ORD102125,2025-05-08,CUST1358,Office Chair, Electronics ,East,Bhubaneswar,1,10006.8,10006.8,20.0,7584.94,240.82,No,Net Banking,Paid,Delivered
ORD105938,2025-06-04,CUST1007,Laptop,Electronics,West,Ahmedabad,2,46950.96,93901.92,5.0,40076.24,165.01,No,Net Banking,Paid,Delivered
ORD103087,2025-06-14,CUST1258,Shoes,Fashion,Central,Bhopal,2,3268.1,6536.2,20.0,2860.35,222.9,No,UPI,Paid,Delivered
ORD101652,2026-04-07,CUST1778,Smartphone,Electronics,West,Pune,1,31338.69,31338.69,0.0,23247.77,90.09,No,Credit Card,Paid,Cancelled
ORD100182,2026-06-20,CUST1162,Desk,Furniture,West,Pune,2,12512.37,25024.74,20.0,9276.6,298.28,No,Credit Card,Paid,Delivered
ORD100917,2026-05-26,CUST1383,Microwave,Home Appliances,West,Mumbai,2,12161.23,24322.46,0.0,10026.96,343.31,No,UPI,Pending,Delivered
ORD104658,2025-03-02,CUST1094,Tablet,Electronics,West,Mumbai,3,19162.26,57486.78,25.0,13129.21,123.31,Yes,Cash,Failed,Returned
ORD102160,2026-07-13,CUST1194,Shoes,Fashion,West,Ahmedabad,1,2783.78,2783.78,20.0,1915.58,223.36,No,Net Banking,Pending,Delivered
ORD100259,2026-05-04,CUST1686,Jacket,Fashion,East,Bhubaneswar,1,4291.01,4291.01,15.0,2837.74,373.49,No,Credit Card,Paid,Delivered
ORD100680,2026-05-18,CUST1708,Laptop,Electronics,South,Bengaluru,5,55988.19,279940.95,0.0,44787.77,388.47,No,Net Banking,Paid,Delivered
ORD102200,2025-11-03,CUST1036,Office Chair,Furniture,Central,Nagpur,2,8200.7,16401.4,0.0,N/A,374.47,Yes,UPI,Paid,Returned
ORD103580,2025-12-21,CUST1762,Mixer,Home Appliances,East,Patna,1,3817.91,"3,817.91",5.0,2654.62,155.07,Yes,Credit Card,Failed,Returned
ORD105134,2025-02-08,CUST1108,Smartphone,Electronics,Central,Indore,1,29995.69,29995.69,30.0,25884.42,366.79,No,Net Banking,Pending,Delivered
ORD102294,2026-02-03,CUST1422,Smartwatch,Electronics,Central,Indore,2,6045.12,12090.24,20.0,3897.56,394.35,No,Net Banking,Paid,Cancelled
ORD103275,2026-07-14,CUST1322,Mixer,Home Appliances,North,Delhi,2,4632.65,9265.3,5.0,3320.06,109.06,No,Credit Card,Paid,Delivered
ORD103740,2025-11-18,CUST1115,laptop,Fashion,North,Bengaluru,4,993.09,3972.36,20.0,666.43,145.68,No,Cash,Failed,Delivered
ORD105609,2025-06-20,CUST1698,Tablet,Electronics,South,Chennai,2,21012.97,42025.94,25.0,12407.47,61.1,No,Credit Card,Paid,Delivered
ORD102442,2025-05-11,CUST1600,Tablet,Electronics,East,Bhubaneswar,2,22254.34,44508.68,10.0,14180.45,255.79,Yes,Credit Card,Paid,Returned
ORD102771,2025-05-17,CUST1590,Coffee Maker,Home Appliances,North,Lucknow,3,4744.86,14234.58,5.0,2791.51,453.9,No,Debit Card,Failed,Delivered
ORD102515,2026-04-23,CUST1183,Backpack,Accessories,South,Chennai,2,1575.75,3151.5,25.0,992.29,373.43,No,Cash,Pending,Delivered
ORD105790,2026-05-30,CUST1124,Shoes,Fashion,West,Mumbai,2,3378.18,6756.36,,2385.51,458.79,No,UPI,Pending,Delivered
ORD103633,2025-03-27,CUST1231,Smartwatch,Electronics,North,Lucknow,2,6228.55,12457.1,10.0,5319.54,71.74,No,Credit Card,Failed,Delivered
ORD100081,2026-05-17,CUST1113,Mixer,Home Appliances,Central,Bhopal,3,4624.07,13872.21,10.0,2643.51,396.74,No,Debit Card,Pending,Delivered
ORD105210,2025-10-08,CUST1006,Jacket,Fashion,North,Lucknow,1,5111.36,5111.36,20.0,3026.62,80.57,Yes,Net Banking,Paid,Returned
ORD100565,2025-04-25,CUST1220,Tablet,Electronics,East,Patna,2,19029.08,38058.16,0.0,12833.45,483.87,No,Debit Card,Paid,Delivered
ORD103798,2026-05-27,CUST1335,Coffee Maker,Home Appliances,Central,Nagpur,5,6309.62,31548.1,20.0,4807.0,353.74,No,Cash,Failed,Delivered
ORD100504,2026-07-08,CUST1042,Mixer,Home Appliances,North,Lucknow,4,4570.67,18282.68,20.0,3736.64,476.25,Yes,Cash,Paid,Returned
ORD101298,2025-03-30,CUST1411,Headphones,Electronics,East,Kolkata,3,2989.36,8968.08,25.0,1937.16,393.53,No,Net Banking,Paid,Delivered
ORD101481,2026-07-17,,Jacket,Fashion,North,,5,4343.62,21718.1,25.0,2608.51,493.46,No,UPI,Paid,Delivered
ORD104848,2025-11-04,CUST1398,Shoes,Fashion,North,Jaipur,2,2950.66,5901.32,30.0,1769.13,43.29,Yes,Credit Card,Failed,Returned
ORD105135,2025-04-20,CUST1633,Desk,Furniture,North,Delhi,4,11774.83,47099.32,10.0,8183.74,41.11,No,Cash,Failed,Delivered
ORD102396,2025-11-22,CUST1509,Bookshelf,Furniture,Central,Indore,1,7434.02,7434.02,10.0,5075.67,51.75,No,Debit Card,Failed,Delivered
ORD103695,2026-06-28,CUST1690,Backpack,Accessories,North,Lucknow,4,1966.72,7866.88,30.0,1266.58,62.37,No,Debit Card,Pending,Delivered
ORD103333,2026-06-18,CUST1481,T-Shirt,Fashion,South,Hyderabad,1,935.91,935.91,0.0,547.92,308.22,No,Credit Card,Failed,Delivered
ORD103786,2025-07-05,CUST1070,Smartphone,Electronics,Central,Indore,2,29895.85,59791.7,10.0,20274.23,382.49,No,Net Banking,Failed,Delivered
ORD103724,2026-06-21,CUST1382,T-Shirt,Fashion,West,Mumbai,4,943.95,3775.8,15.0,751.2,97.48,Yes,UPI,Paid,Returned
ORD102888,2025-02-10,CUST1370,T-Shirt,Fashion,North,Delhi,4,905.38,3621.52,10.0,555.26,308.84,Yes,UPI,Pending,Returned
ORD100887,2026-03-20,CUST1427,Mixer,Home Appliances,North,Delhi,2,4828.23,9656.46,20.0,4000.62,238.9,No,UPI,Paid,Delivered
ORD103834,2025-10-05,CUST1163,Office Chair,Furniture,North,Jaipur,1,8598.29,8598.29,30.0,6170.11,60.61,No,Credit Card,Paid,Delivered
ORD102281,2025-04-02,CUST1368,Laptop,Electronics,South,Hyderabad,1,58332.48,58332.48,10.0,50422.97,404.57,Yes,Credit Card,Pending,Returned
ORD102289,2025-09-01,CUST1590,Desk,Furniture,South,Hyderabad,1,12207.86,12207.86,10.0,8391.87,406.86,Yes,Net Banking,Failed,Returned
ORD105388,2025-10-26,CUST1559,Microwave,Home Appliances,East,Patna,3,9668.91,29006.73,5.0,7788.51,207.74,No,Net Banking,Paid,Delivered
ORD103745,2026-05-16,CUST1789,Microwave,Home Appliances,West,Ahmedabad,4,11311.27,45245.08,30.0,7323.0,396.89,No,UPI,Pending,Delivered
ORD102523,2025-07-06,CUST1525,Bookshelf,Furniture,Central,Indore,4,5648.72,22594.88,15.0,3402.37,306.65,No,UPI,Paid,Delivered
ORD102036,2026-03-10,CUST1446,Desk,Furniture,North,Lucknow,1,12757.75,12757.75,0.0,10355.39,185.15,No,Debit Card,Paid,Delivered
ORD102317,2026-05-16,CUST1560,Shoes,Fashion,South,Chennai,2,3445.98,6891.96,5.0,2844.66,228.36,No,Cash,Paid,Cancelled
ORD103984,2025-07-23,CUST1379,Laptop,Electronics,Central,Bhopal,1,54220.76,54220.76,15.0,46356.31,132.92,No,Debit Card,Pending,Delivered
ORD101161,2025-04-25,CUST1348,Microwave,Home Appliances,Central,Nagpur,2,11372.83,22745.66,15.0,6737.65,82.05,Yes,Credit Card,Paid,Returned
ORD103409,2026-07-21,CUST1408,T-Shirt,Fashion,South,Hyderabad,1,837.71,837.71,10.0,521.23,234.75,No,Net Banking,Paid,Delivered
ORD104153,2026-04-01,CUST1276,Jacket,Fashion,East,Patna,2,5093.9,10187.8,15.0,3076.31,384.54,No,Net Banking,Paid,Delivered
ORD105422,2025-01-04,CUST1341,Blender,Home Appliances,South,Chennai,3,3062.66,9187.98,20.0,2576.66,311.97,No,Net Banking,Paid,Cancelled
ORD104198,2026-03-13,CUST1040,Bookshelf,Furniture,East,Bhubaneswar,-1,6574.56,6574.56,10.0,4038.9,212.96,No,UPI,Paid,Cancelled
ORD103288,2025-10-07,CUST1542,Smartphone,Electronics,Central,Bhopal,1,24520.81,24520.81,0.0,17448.76,441.5,No,Debit Card,Pending,Delivered
ORD101272,2026-02-27,CUST1556,Bookshelf,Furniture,East,Bhubaneswar,2,6786.51,13573.02,25.0,5815.33,293.81,No,Credit Card,Pending,Delivered
ORD100309,2026-05-20,CUST1598,Tablet,Electronics,East,Kolkata,5,23416.63,117083.15,0.0,18530.39,360.75,No,Debit Card,Pending,Delivered
ORD103052,2025-10-10,CUST1207,Smartphone,Electronics,West,Ahmedabad,2,26166.68,52333.36,5.0,15824.91,81.9,No,Debit Card,Paid,Cancelled
ORD103504,2025-03-19,CUST1660,Coffee Maker,Home Appliances,East,Bhubaneswar,4,4840.88,19363.52,5.0,3234.53,244.68,No,Cash,Paid,Delivered
ORD102552,2026-06-13,CUST1371,Microwave,Home Appliances,East,Kolkata,4,11849.92,47399.68,25.0,9659.81,243.97,No,UPI,Paid,Cancelled
ORD100558,2025-09-08,CUST1521,Headphones,Electronics,East,Patna,4,3454.33,13817.32,5.0,2959.94,251.0,No,Cash,Paid,Delivered
ORD102716,2026-05-08,CUST1006,Blender,Home Appliances,Central,Nagpur,5,3333.57,16667.85,25.0,2910.03,60.84,No,UPI,Paid,Delivered
ORD103739,2025-12-01,CUST1474,Smartphone,Electronics,East,Kolkata,1,30472.39,30472.39,30.0,18014.82,394.38,no,UPI,Paid,Returned
ORD100269,2025-07-12,CUST1401,Shoes,Fashion,South,Chennai,2,3655.4,7310.8,30.0,2620.8,141.59,Yes,Credit Card,Failed,Returned
ORD104052,2026-01-13,CUST1316,Office Chair,Furniture,East,Bhubaneswar,1,9171.84,9171.84,15.0,6062.68,72.63,No,Debit Card,Paid,Delivered
ORD100511,2025-06-27,CUST1358,Mixer,Home Appliances,West,Ahmedabad,4,4056.72,16226.88,0.0,3231.62,62.04,No,Credit Card,Paid,Cancelled
ORD104583,2026-05-18,CUST1659,Desk,Furniture,South,Hyderabad,2,12207.68,24415.36,30.0,10201.68,,No,Cash,Paid,Delivered
ORD103968,2026-03-28,CUST1215,Office Chair,Furniture,North,Jaipur,1,9314.11,"9,314.11",25.0,6746.08,171.31,Yes,Net Banking,Paid,Returned
ORD100484,2026-04-30,CUST1258,Mixer,Home Appliances,East,Patna,1,4219.28,4219.28,5.0,3037.31,,yes,Net Banking,Paid,Returned
ORD102492,2026-06-01,CUST1527,Mixer,Home Appliances,North,Delhi,2,3815.47,7630.94,25.0,2934.4,155.1,Yes,Net Banking,Pending,Returned
ORD102456,2025-11-17,CUST1689,Bookshelf,Furniture,East,Patna,4,5974.99,23899.96,15.0,5035.57,327.1,No,Net Banking,Paid,Delivered
ORD105728,2025-09-24,CUST1711,Smartwatch,Electronics,West,Ahmedabad,3,6361.77,19085.31,30.0,4367.9,342.96,Yes,Net Banking,Paid,Returned
ORD103731,2025-07-14,CUST1466,Laptop,Electronics,South,Chennai,5,46961.02,234805.1,15.0,34888.42,278.81,No,Credit Card,Paid,Delivered
ORD100370,2025-11-10,CUST1606,Coffee Maker,Home Appliances,North,Lucknow,2,4890.33,9780.66,30.0,3911.79,453.06,Yes,UPI,Paid,Returned
ORD103014,2025-04-14,CUST1664,Bookshelf,Furniture,North,Jaipur,1,5649.69,5649.69,15.0,3508.79,245.73,No,Cash,Pending,Delivered
ORD103856,2026-04-25,CUST1306,laptop,Fashion,Central,Bhopal,2,2849.62,5699.24,10.0,2336.39,266.71,No,Debit Card,Paid,Delivered
ORD102966,2025-04-20,CUST1219,Backpack,Accessories,West,Ahmedabad,5,1696.57,8482.85,5.0,953.5,268.17,No,Cash,Paid,Delivered
ORD103562,2025-10-20,CUST1579,Laptop,Electronics,Central,Bhopal,5,54686.52,273432.6,10.0,39875.27,362.98,No,Credit Card,Paid,Delivered
ORD102085,2025-10-02,CUST1067,Smartwatch,Electronics,Central,Bhopal,2,6866.24,13732.48,10.0,4677.92,426.37,Yes,Debit Card,Paid,Returned
ORD105929,2025-08-09,CUST1782,Headphones,Electronics,Central,Indore,1,3549.71,3549.71,0.0,2114.62,65.98,No,Cash,Paid,Delivered
ORD101302,2025-04-28,CUST1412,Smartwatch,Electronics,Central,Indore,5,6784.02,33920.1,30.0,4271.96,265.61,Yes,Cash,Paid,Returned
ORD101661,2026-03-05,CUST1753,Blender,Home Appliances,North,Lucknow,5,3034.22,15171.1,0.0,2198.67,276.65,No,Net Banking,Paid,Delivered
ORD100116,2026-03-29,CUST1387,Jacket,Fashion,East,Patna,1,5125.37,5125.37,15.0,4055.8,458.38,No,UPI,Paid,Cancelled
ORD104991,2025-05-25,CUST1609,Smartphone,Electronics,South,Chennai,3,31441.24,94323.72,15.0,21171.04,193.52,No,UPI,Paid,Delivered
ORD105480,2026-03-27,CUST1284,Smartphone,Electronics,West,Ahmedabad,1,28269.24,28269.24,15.0,18865.39,113.37,No,Debit Card,Pending,Delivered
ORD105532,2025-11-02,CUST1746,Jacket,Fashion,Central,Indore,2,5077.79,10155.58,15.0,2995.51,394.19,No,Cash,Failed,Cancelled
ORD101126,2025-06-26,CUST1565,Jacket,Fashion,North,Jaipur,2,5037.46,10074.92,20.0,3523.68,443.77,Yes,UPI,Paid,Returned
ORD101904,2026-02-11,CUST1330,Bookshelf,Furniture,West,Ahmedabad,1,5661.57,5661.57,10.0,3450.52,217.79,No,Debit Card,Paid,Delivered
ORD104359,2026-03-20,CUST1133,Headphones,Electronics,Central,Indore,1,3075.2,3075.2,25.0,2669.12,482.25,No,UPI,Paid,Delivered
ORD103096,2025-02-08,CUST1162,Tablet,Electronics,East,Kolkata,1,23952.88,23952.88,20.0,15806.42,237.45,No,Credit Card,Failed,Delivered
ORD100140,2025-12-10,CUST1455,Mixer,Home Appliances,West,Mumbai,3,4122.1,12366.3,5.0,3304.09,406.99,No,Net Banking,Paid,Delivered
ORD100922,2025-01-01,CUST1761,Laptop,Electronics,North,Delhi,1,59339.48,59339.48,5.0,33383.15,264.52,No,Debit Card,Pending,Cancelled
ORD102639,2025-06-03,CUST1506,Tablet,Electronics,South,Bengaluru,2,24047.58,48095.16,15.0,15066.24,414.78,No,Credit Card,Paid,Delivered
ORD100408,2025-01-25,CUST1503,Jacket,Fashion,South,Bengaluru,2,4301.69,8603.38,20.0,2462.61,140.36,No,Net Banking,Paid,Delivered
ORD103577,2025-10-12,CUST1259,Tablet,Electronics,Central,Nagpur,5,20126.61,100633.05,5.0,15156.74,211.19,Yes,Net Banking,Paid,Returned
ORD102782,2025-03-03,CUST1305,Shoes,Fashion,South,Hyderabad,3,3493.93,10481.79,25.0,2738.47,-50,Yes,Cash,Pending,Returned
ORD105259,2026-01-18,CUST1264,Headphones,Electronics,West,Pune,4,3472.03,13888.12,30.0,2873.77,296.23,No,UPI,Paid,Delivered
ORD100224,2025-04-28,CUST1612,Smartphone,Electronics,East,Kolkata,1,31003.52,31003.52,30.0,24820.98,85.48,No,Credit Card,Pending,Cancelled
ORD102983,2025-04-07,CUST1772,Desk,Furniture,Central,Bhopal,1,13486.45,13486.45,10.0,11376.88,90.64,No,Cash,Paid,Delivered
ORD104114,2025-04-19,CUST1376,smartphone,Electronics,Central,Bhopal,3,3637.0,10911.0,20.0,2532.65,154.23,No,Debit Card,Paid,Delivered
ORD102608,2025-06-04,CUST1123,T-Shirt,Fashion,East,Patna,1,829.05,829.05,20.0,510.23,78.83,No,Credit Card,Paid,Delivered
ORD101028,2025-11-27,CUST1689,Tablet,Electronics,West,Pune,5,18870.33,94351.65,20.0,14253.97,344.37,No,Debit Card,Paid,Delivered
ORD104628,2026-05-21,CUST1566,Tablet,Electronics,East,Bhubaneswar,1,24113.25,24113.25,10.0,18721.99,356.0,No,Cash,Paid,Delivered
ORD105634,2026-03-10,CUST1407,Smartphone,Electronics,North,Lucknow,2,25926.16,51852.32,30.0,20754.92,481.48,Yes,Net Banking,Paid,Returned
ORD101160,2025-08-12,CUST1584,Desk,Furniture,Central,Bhopal,1,10229.9,10229.9,30.0,8644.43,484.4,No,Debit Card,Paid,Delivered
ORD100032,2026-03-18,CUST1608,Microwave,Home Appliances,Central,Nagpur,4,9508.59,38034.36,25.0,7222.54,60.84,No,Net Banking,Failed,Delivered
ORD101146,2026-05-14,CUST1218,Backpack,Accessories,South,Hyderabad,3,1570.59,4711.77,30.0,884.16,494.47,No,UPI,Pending,Delivered
ORD102935,2025-03-12,CUST1545,Smartwatch,Electronics,East,Bhubaneswar,5,7378.06,36890.3,25.0,5499.12,373.73,Yes,Net Banking,Paid,Returned
ORD103290,2026-04-25,CUST1795,Smartwatch,Electronics,South,Hyderabad,1,7334.29,7334.29,5.0,6085.9,425.66,No,Credit Card,Failed,Cancelled
ORD103622,2026-03-23,CUST1279,Microwave,Home Appliances, WEST ,Hyderabad,2,10159.16,20318.32,25.0,7409.15,,No,Cash,Paid,Delivered
ORD100632,2025-04-16,CUST1130,Blender,Home Appliances,South,Bengaluru,3,2805.49,8416.47,5.0,2228.94,344.46,No,Cash,Paid,Delivered
ORD101723,2025-12-24,CUST1483,T-Shirt,Fashion,West,Mumbai,5,871.64,4358.2,25.0,766.74,359.67,Yes,Cash,Failed,Returned
ORD101092,2025-05-29,CUST1390,Smartphone,Electronics,East,Bhubaneswar,2,31286.61,62573.22,0.0,20836.12,116.87,Yes,Net Banking,Paid,Returned
ORD105871,2025-12-26,CUST1772,Tablet,Electronics,North,Jaipur,2,25229.36,50458.72,5.0,13907.49,466.61,No,UPI,Failed,Delivered
ORD100719,2026-07-30,CUST1345,Tablet,Electronics,North,Delhi,5,21321.43,106607.15,10.0,12001.75,333.73,Yes,Net Banking,Pending,Returned
ORD104763,2026-01-22,CUST1462,Jacket,Fashion,Central,Nagpur,2,3885.0,7770.0,10.0,3205.01,138.45,Yes,Cash,Paid,Returned
ORD105921,2025-06-11,CUST1739,Microwave,Home Appliances,East,Patna,1,11445.36,11445.36,10.0,9337.59,71.39,No,Cash,Paid,Delivered
ORD105954,2026-05-27,CUST1412,Laptop,Electronics,West,Mumbai,2,52278.64,104557.28,20.0,40578.63,401.58,Yes,Net Banking,Paid,Returned
ORD102334,2026-03-16,CUST1058,Headphones,Electronics,Central,Bhopal,5,3410.52,17052.6,5.0,2456.12,109.34,Yes,Credit Card,Failed,Returned
ORD105823,2026-03-06,CUST1676,Headphones,Electronics,South,Chennai,5,3748.49,18742.45,10.0,2273.89,132.07,Yes,Debit Card,Paid,Returned
ORD102768,2025-06-20,CUST1394,Smartphone,Electronics,West,Pune,2,26032.04,52064.08,15.0,17810.8,383.22,No,Cash,Paid,Delivered
ORD101421,2025-04-23,CUST1651,Backpack,Accessories,East,Bhubaneswar,1,1968.53,1968.53,5.0,1656.18,72.17,No,Credit Card,Paid,Cancelled
ORD105735,2026-07-11,CUST1215,Smartphone,Electronics,Central,Nagpur,1,27922.82,27922.82,30.0,22522.91,463.24,No,Credit Card,Failed,Delivered
ORD103666,2025-12-15,CUST1790,Microwave,Home Appliances,Central,Bhopal,1,11344.98,11344.98,20.0,7273.2,333.05,No,Credit Card,Paid,Cancelled
ORD101850,2025-07-23,CUST1157,Desk,Furniture,Central,Indore,2,11522.61,23045.22,30.0,8043.75,436.99,No,Credit Card,Failed,Cancelled
ORD105310,2025-10-13,CUST1717,Microwave,Home Appliances,South,Hyderabad,4,10224.88,40899.52,0.0,6265.43,261.37,Yes,Debit Card,Paid,Delivered
ORD104168,2025-10-28,CUST1251,Coffee Maker,Home Appliances,South,Chennai,1,5291.62,5291.62,20.0,4370.17,329.42,No,Debit Card,Paid,Cancelled
ORD103641,2025-10-07,CUST1427,T-Shirt,Fashion,North,Lucknow,2,949.61,1899.22,20.0,672.16,434.73,Yes,UPI,Paid,Returned
ORD103571,2026-01-25,CUST1541,T-Shirt,Fashion,Central,Nagpur,2,890.53,1781.06,,771.29,227.44,No,Debit Card,Pending,Delivered
ORD105789,2026-02-28,CUST1188,Backpack,Accessories,East,Kolkata,1,1985.05,1985.05,0.0,1443.37,384.88,No,Credit Card,Failed,Delivered
ORD105693,2025-06-09,CUST1240,Tablet,Electronics,Central,Bhopal,5,23071.83,115359.15,15.0,18141.9,353.15,No,Cash,Paid,Delivered
ORD105082,2026-07-21,CUST1286,Laptop,Electronics,East,Bhubaneswar,3,60663.7,181991.1,25.0,52855.19,261.9,No,Cash,Pending,Delivered
ORD101525,2026-02-05,CUST1462,Office Chair,Furniture,North,Jaipur,4,9536.17,38144.68,25.0,7053.77,122.59,No,Credit Card,Paid,Delivered
ORD102663,2025-03-18,CUST1614,Shoes,Fashion,North,Jaipur,1,3550.65,3550.65,10.0,1966.55,304.17,No,UPI,Paid,Cancelled
ORD104144,2026-04-15,CUST1351,Desk,Furniture,South,Chennai,3,12972.52,38917.56,0.0,9736.58,57.31,No,UPI,Paid,Delivered
ORD103214,2026-04-02,CUST1790,Backpack,Accessories,South,Hyderabad,1,2043.96,2043.96,15.0,1155.52,363.83,No,Debit Card,Failed,Cancelled
ORD105526,2026-03-15,CUST1289,Jacket,Fashion,West,Pune,1,4760.14,4760.14,10.0,3724.98,64.93,yes,Debit Card,Paid,Returned
ORD100528,2025-02-18,CUST1495,Backpack,Accessories,South,Chennai,1,1783.27,1783.27,20.0,1538.02,166.58,No,UPI,Paid,Delivered
ORD100652,2026-05-14,CUST1521,Blender,Electronics,Central,Bhopal,1,3322.96,3322.96,30.0,2664.15,392.02,No,Net Banking,Pending,Cancelled
ORD103563,2025-07-29,CUST1704,Shoes,Fashion,Central,Nagpur,1,3427.43,3427.43,0.0,2329.79,307.48,No,Cash,Paid,Delivered
ORD103264,2025-11-13,CUST1438,Desk,Furniture,Central,Indore,3,10862.32,32586.96,10.0,8409.47,481.28,No,Credit Card,Paid,Cancelled
ORD103173,2025-03-10,CUST1582,Smartphone,Electronics,West,Mumbai,1,25748.49,25748.49,25.0,17966.7,173.96,No,Debit Card,Pending,Delivered
ORD101425,2025-06-18,CUST1170,Coffee Maker,Home Appliances,East,Kolkata,5,6324.11,31620.55,20.0,3551.69,67.43,No,Net Banking,Paid,Delivered
ORD104526,2025-04-17,CUST1521,Smartwatch,Electronics,Central,Indore,1,6154.43,6154.43,20.0,5098.27,449.11,Yes,Debit Card,Paid,Returned
ORD102076,2026-06-15,CUST1119,Laptop,Electronics,North,Jaipur,3,62449.82,187349.46,20.0,37676.16,216.72,No,Net Banking,Paid,Delivered
ORD100921,2025-02-19,CUST1105,T-Shirt,Fashion,East,Kolkata,2,863.62,1727.24,15.0,486.75,238.56,Yes,Debit Card,Paid,Returned
ORD105272,2026-07-06,CUST1082,Backpack,Accessories,Central,Bhopal,1,1998.46,1998.46,10.0,1459.56,210.83,Yes,UPI,Paid,Returned
ORD101764,2025-10-27,CUST1129,Tablet,Electronics,North,Jaipur,1,24716.58,24716.58,25.0,16564.93,117.56,No,Debit Card,Pending,Cancelled
ORD103194,2026-05-22,CUST1177,Office Chair,Furniture,West,Ahmedabad,1,9352.46,9352.46,,7143.2,331.64,Yes,Debit Card,Pending,Returned
ORD100950,2025-04-15,CUST1675,Desk,Furniture,South,Hyderabad,5,13733.1,68665.5,0.0,8510.73,261.95,No,Credit Card,Paid,Delivered
ORD103536,2026-03-12,CUST1381,Jacket,Fashion,South,Hyderabad,5,4475.23,22376.15,15.0,2657.16,130.66,Yes,Cash,Paid,Returned
ORD104833,2025-05-12,CUST1724,Laptop,Electronics,Central,Bhopal,1,55352.29,55352.29,15.0,33794.59,334.16,Yes,Debit Card,Paid,Returned
ORD104620,2025-07-06,CUST1384,Laptop,Electronics,North,Lucknow,4,52840.09,211360.36,30.0,39378.33,227.89,Yes,Credit Card,Paid,Returned
ORD105598,2025-04-18,CUST1065,T-Shirt,Fashion,East,Bhubaneswar,1,784.97,784.97,20.0,540.62,474.53,No,UPI,Pending,Cancelled
ORD101952,2025-07-17,CUST1023,Mixer,Home Appliances,South,Bengaluru,3,3589.11,10767.33,20.0,2683.32,391.29,No,Net Banking,Paid,Delivered
ORD104055,2025-01-17,CUST1659,Microwave,Home Appliances,South,Chennai,1,10141.5,10141.5,30.0,6630.2,42.48,No,Cash,Pending,Delivered
ORD105935,2025-04-21,CUST1788,Smartwatch,Electronics,East,Patna,1,6481.87,6481.87,25.0,4751.82,266.09,No,Cash,Pending,Delivered
ORD100596,2025-11-04,CUST1374,Laptop,Electronics,Central,Nagpur,1,46972.98,46972.98,5.0,33987.88,412.05,No,UPI,Paid,Delivered
ORD105548,2025-07-30,CUST1107,Backpack,Accessories,East,Patna,5,1741.44,8707.2,10.0,1146.67,106.46,No, UPI ,Failed,Delivered
ORD105932,2026-03-17,CUST1371,T-Shirt,Fashion,South,Hyderabad,2,969.31,1938.62,15.0,609.87,219.71,No,Net Banking,Failed,Delivered
ORD100936,2026-01-11,CUST1724,Smartwatch,Electronics,South,Hyderabad,2,6937.6,13875.2,0.0,4988.84,349.45,No,Credit Card,Paid,Cancelled
ORD103407,2025-12-28,CUST1659,Headphones,Electronics,Central,Indore,1,3717.19,3717.19,5.0,3177.72,330.72,No,Cash,Failed,Delivered
ORD102208,2025-07-21,CUST1093,Shoes,Fashion,East,Kolkata,2,3292.98,6585.96,0.0,2327.69,379.34,Yes,UPI,Paid,Returned
ORD101862,2025-07-05,CUST1524,Office Chair,Furniture,West,Mumbai,3,8801.74,26405.22,15.0,7450.96,247.09,No,Credit Card,Paid,Delivered
ORD105727,2026-05-21,CUST1682,Tablet,Electronics,Central,Nagpur,1,22183.77,22183.77,10.0,16169.57,333.34,No,Net Banking,Paid,Delivered
ORD103783,2025-03-05,CUST1271,Jacket,Fashion,South,Chennai,5,4549.71,22748.55,25.0,3039.24,204.44, YES ,Cash,Paid,Delivered
ORD101087,2025-12-18,CUST1623,Mixer,Furniture,West,Mumbai,3,4528.94,13586.82,0.0,3335.06,436.03,No,UPI,Paid,Cancelled
ORD103593,2025-10-04,CUST1550,Bookshelf,Furniture,South,Hyderabad,3,7252.61,"21,757.83",25.0,6238.31,262.69,No,Credit Card,Failed,Delivered
ORD101015,2026-06-08,CUST1243,Laptop,Fashion ,South,Chennai,2,60564.46,121128.92,10.0,52144.39,493.71,Yes,Debit Card,Paid,Returned
ORD105497,2025-12-08,CUST1014,Shoes,Fashion,North,Jaipur,3,3136.06,9408.18,15.0,2218.06,202.14,Yes,UPI,Paid,Returned
ORD101861,2025-02-01,CUST1670,Backpack,Accessories,South,Hyderabad,1,1740.34,1740.34,30.0,1350.98,456.31,No,Debit Card,Paid,Delivered
ORD103657,2025-08-09,CUST1199,Bookshelf,Furniture,North,Jaipur,5,6385.17,31925.85,0.0,4153.13,377.44,No,UPI,Paid,Delivered
ORD101016,2026-04-28,CUST1223,Smartwatch,Electronics,Central,Nagpur,1,7540.77,7540.77,10.0,4784.84,157.12,No,Net Banking,Pending,Cancelled
ORD101524,2026-01-27,CUST1492,Shoes,Fashion,East,Bhubaneswar,1,3381.71,3381.71,0.0,2521.92,290.85,No,Cash,Pending,Delivered
ORD100529,2025-09-18,CUST1766,Shoes,Fashion,Central,Indore,3,3504.21,10512.63,20.0,2693.11,369.05,No,Debit Card,Paid,Cancelled
ORD101741,2026-06-09,CUST1740,Smartwatch,Electronics,Central,Nagpur,4,7755.38,31021.52,30.0,6235.74,292.18,No,Net Banking,Paid,Delivered
ORD100572,2026-03-22,CUST1750,Jacket,Fashion,North,Delhi,1,4548.18,4548.18,15.0,3378.62,406.56,No,Credit Card,Paid,Delivered
ORD100122,2025-05-23,CUST1106,Mixer,Home Appliances,North,Lucknow,2,3669.01,7338.02,25.0,2407.94,489.63,No,Cash,Paid,Delivered
ORD105994,2026-01-31,CUST1563,Bookshelf,Furniture,North,Lucknow,1,7425.92,7425.92,15.0,6151.12,319.36,No,UPI,Paid,Delivered
ORD101486,2026-05-16,CUST1786,Backpack,Accessories,East,Kolkata,1,1544.78,1544.78,30.0,921.53,417.7,No,Cash,Pending,Delivered
ORD101167,2025-02-17,CUST1317,Backpack,Accessories,South,Bengaluru,2,1599.31,3198.62,20.0,1188.62,379.06,Yes,Debit Card,Paid,Returned
ORD104326,2025-11-18,CUST1405,Tablet,Electronics,North,Delhi,2,21453.15,42906.3,20.0,18438.93,303.27,No,UPI,Paid,Cancelled
ORD102324,2025-01-24,CUST1470,Shoes,Fashion,Central,Indore,3,3146.37,9439.11,20.0,2458.55,385.3,No,UPI,Failed,Delivered
ORD101586,2026-07-24,CUST1143,Desk,Furniture,Central,Nagpur,1,10452.58,10452.58,30.0,8857.24,47.34,No,Cash,Paid,Delivered
ORD103895,2026-07-15,CUST1364,Tablet,Electronics,West,Pune,4,19482.58,77930.32,10.0,13961.3,340.68,No,UPI,Paid,Delivered
ORD103068,2025-07-06,CUST1036,Office Chair,Furniture,Central,Bhopal,2,9065.95,18131.9,10.0,6361.87,391.17,Yes,upi,Paid,Returned
ORD104062,2025-06-03,CUST1170,Bookshelf,Furniture,West,Mumbai,5,7234.51,36172.55,10.0,5053.09,309.24,No,Credit Card,Paid,Delivered
ORD102386,2025-03-04,CUST1029,Headphones,Electronics,North,Lucknow,1,3472.61,3472.61,20.0,2014.3,105.88,No,Cash,Paid,Delivered
ORD105606,2025-10-30,CUST1102,Coffee Maker,Home Appliances,East,Kolkata,2,5249.77,10499.54,10.0,3550.53,292.62,No,UPI,Paid,Cancelled
ORD101020,2025-03-20,CUST1275,Backpack,Accessories,Central,Bhopal,1,1958.54,1958.54,20.0,1437.07,366.02,Yes,Credit Card,Paid,Returned
ORD102057,2025-01-07,CUST1419,Laptop,Electronics,West,Pune,2,57988.63,115977.26,25.0,37795.02,206.86,No,Cash,Pending,Delivered
ORD101470,2025-09-27,CUST1732,Mixer,Home Appliances,East,Bhubaneswar,2,4197.95,8395.9,20.0,2902.28,253.77,No,Credit Card,Paid,Delivered
ORD100084,2025-01-07,CUST1330,Coffee Maker,Home Appliances,East,Patna,5,5330.35,26651.75,20.0,3179.86,226.94,No,UPI,Failed,Delivered
ORD103234,2025-08-10,CUST1288,Bookshelf,Furniture,South,Bengaluru,1,5781.1,5781.1,0.0,4406.2,120.24,No,Cash,Paid,Delivered
ORD100749,2025-12-22,CUST1709,Laptop,Electronics,West,Ahmedabad,1,60830.22,60830.22,10.0,46074.0,83.72,Yes,Net Banking,Pending,Returned
ORD101733,2026-03-12,CUST1732,Laptop,Electronics,South,Bengaluru,3,56915.45,170746.35,15.0,35441.59,221.29,No,UPI,Failed,Delivered
ORD100187,2025-02-18,CUST1074,Mixer,Home Appliances,East,Kolkata,2,3640.73,7281.46,10.0,2518.61,441.46,No,Cash,Paid,Delivered
ORD103479,2025-03-19,CUST1229,T-Shirt,Fashion,West,Mumbai,1,1016.26,1016.26,30.0,599.86,258.55,No,Debit Card,Paid,Delivered
ORD105146,2025-06-13,CUST1451,Laptop,Electronics,North,Jaipur,5,59474.09,297370.45,5.0,44197.8,123.15,No,Debit Card,Failed,Cancelled
ORD102788,2026-05-08,CUST1759,Shoes,Fashion,East,Patna,4,3210.82,12843.28,25.0,2157.52,207.59,Yes,Debit Card,Paid,Returned
ORD105850,2025-03-30,CUST1318,Bookshelf,Furniture,East,Bhubaneswar,1,6989.75,6989.75,,5778.55,102.82,No,Cash,Failed,Delivered
ORD100343,2026-04-12,CUST1628,Coffee Maker,Home Appliances,South,Hyderabad,2,5843.4,11686.8,5.0,3543.05,54.01,No,UPI,Pending,Delivered
ORD105208,2026-03-14,CUST1414,Smartphone,Electronics,North,Lucknow,4,26528.32,106113.28,30.0,16931.95,403.89,Yes,UPI,Pending,Returned
ORD102828,2025-01-04,CUST1513,Jacket,Fashion,North,Jaipur,1,4936.22,4936.22,25.0,2966.74,319.55,No,Credit Card,Paid,Delivered
ORD105018,2025-03-30,CUST1522,Smartphone,Electronics,South,Hyderabad,1,25880.11,25880.11,5.0,19933.52,78.52,No,Debit Card,Failed,Cancelled
ORD101501,2025-08-02,CUST1098,Blender,Home Appliances,South,Chennai,1,2721.16,2721.16,20.0,2096.08,206.28,No,Net Banking,Pending,Cancelled
ORD105385,2026-06-19,CUST1499,Coffee Maker,Home Appliances,North,Jaipur,1,5818.85,5818.85,10.0,,145.67,No,Credit Card,Failed,Delivered
ORD100517,2025-08-15,CUST1444,Backpack,Accessories,Central,Bhopal,2,1651.95,3303.9,15.0,1286.56,392.47,No,Cash,Failed,Delivered
ORD101323,2026-06-19,CUST1421,Shoes,Fashion,North,Jaipur,3,2790.67,8372.01,25.0,1627.0,469.64,Yes,UPI,Failed,Returned
ORD100600,2025-08-19,CUST1574,Bookshelf,Furniture,North,Jaipur,1,6908.99,6908.99,10.0,4199.7,44.65,Yes,UPI,Paid,Returned
ORD102435,2025-01-25,CUST1773,Tablet,Electronics,West,Ahmedabad,3,19220.18,57660.54,30.0,16616.24,376.49,No,Net Banking,Pending,Delivered
ORD105837,2025-11-08,CUST1258,Smartphone,Electronics,North,Delhi,1,28278.77,28278.77,0.0,23167.99,235.91,No,Cash,Paid,Cancelled
ORD104524,08/06/2025,CUST1509,Laptop,Electronics,East,Patna,1,47695.06,47695.06,5.0,31786.49,72.46,No,Debit Card,Paid,Delivered
ORD103582,2025-03-23,CUST1340,Jacket,Fashion,West,Mumbai,4,5126.2,20504.8,15.0,3556.98,N/A,Yes,Credit Card,Paid,Returned
ORD104209,2025-10-31,CUST1744,Blender,Furniture,North,Jaipur,2,2960.98,5921.96,25.0,2318.71,231.16,No,UPI,Paid,Delivered
ORD104901,2025-02-20,CUST1641,Jacket,Fashion,East,Patna,1,4587.14,4587.14,5.0,3931.5,370.67,No,Cash,Paid,Cancelled
ORD103148,2025-03-01,CUST1368,Shoes,Fashion,Central,Indore,5,3367.02,16835.1,25.0,2612.76,160.76,No,Debit Card,Failed,Delivered
ORD102805,2025-01-14,CUST1387,Bookshelf,Furniture,West,Pune,2,6825.8,13651.6,15.0,4989.62,409.76,Yes,UPI,Paid,Returned
ORD105059,2025-03-22,CUST1449,Bookshelf,Furniture,West,Mumbai,1,6365.83,6365.83,25.0,4958.69,-50,No,UPI,Paid,Cancelled
ORD101895,2025-03-28,CUST1359,Blender,Home Appliances,North,Lucknow,1,2850.16,2850.16,25.0,1626.94,74.4,No,Net Banking,Pending,Delivered
ORD102279,2025-06-01,CUST1777,Coffee Maker,Home Appliances,East,Patna,2,5352.19,10704.38,30.0,3860.08,199.84,No,UPI,Paid,Delivered
ORD102191,2025-06-09,CUST1464,smartphone,Fashion,East,Bhubaneswar,1,3568.75,3568.75,10.0,2245.27,130.35,No,Credit Card,Pending,Delivered
ORD105477,2025-03-05,CUST1524,Microwave,Home Appliances,South,Hyderabad,1,11447.4,11447.4,5.0,10040.13,302.33,No,Net Banking,Failed,Cancelled
ORD104616,2026-07-06,CUST1336,Smartphone,Electronics,Central,Bhopal,5,27436.04,137180.2,25.0,15883.16,103.05,No,Credit Card,Paid,Delivered
ORD105873,2025-02-22,CUST1140,Mixer,Furn,North,Delhi,2,4375.16,8750.32,10.0,2862.08,374.35,No,Credit Card,Paid,Delivered
ORD102776,2025-11-02,CUST1725,T-Shirt,Fashion,South,Hyderabad,5,951.3,4756.5,0.0,829.76,138.83,No,Credit Card,Paid,Delivered
ORD103534,2025-12-15,CUST1043,Laptop,Electronics,North,Jaipur,2,58686.76,117373.52,30.0,49913.16,405.03,No,UPI,Pending,Delivered
ORD102826,2025-10-16,CUST1234,Jacket,Fashion,East,Kolkata,2,4674.23,9348.46,30.0,3342.27,418.94,No,Net Banking,Paid,Cancelled
ORD105512,2025-03-03,CUST1733,laptop,Electronics,Central,Nagpur,1,54753.73,54753.73,0.0,43916.09,391.52,No,UPI,Paid,Delivered
ORD100806,2026-05-01,CUST1798,Blender,Home Appliances,West,Ahmedabad,2,2806.83,5613.66,20.0,1979.8,443.93,No,Cash,Pending,Delivered
ORD102116,2025-09-02,CUST1277,Bookshelf,Furniture,West,Ahmedabad,1,7126.33,7126.33,30.0,5440.82,47.19,No,Debit Card,Paid,Delivered
ORD100711,2026-04-02,CUST1653,Headphones,Electronics,South,Chennai,1,3665.68,3665.68,5.0,2445.37,321.83,No,Net Banking,Paid,Cancelled
ORD104625,2025-02-21,CUST1529,T-Shirt,Fashion,Central,Indore,1,845.26,845.26,25.0,534.05,87.74,No,Debit Card,Paid,Delivered
ORD104999,2025-11-06,CUST1040,Smartphone,Electronics,Central,Indore,2,23996.85,47993.7,30.0,,370.16,Yes,Cash,Pending,Returned
ORD100801,2026-07-27,CUST1424,Jacket,Fashion,West,Mumbai,2,3948.5,7897.0,20.0,2195.18,469.76,Yes,Net Banking,Paid,Returned
ORD105594,2025-04-23,CUST1317,Smartphone,Electronics,West,Mumbai,1,24548.41,24548.41,15.0,17474.14,182.71,No,Debit Card,Pending,Delivered
ORD101522,2025-09-27,CUST1745,Tablet,Electronics,East,Bhubaneswar,1,24702.95,24702.95,30.0,20379.95,200.0,Yes,Debit Card,Paid,Returned
ORD103886,2026-07-24,CUST1451,Office Chair,Furniture,West,Chennai,2,9414.34,18828.68,15.0,6404.97,56.11,Yes,Cash,Paid,Returned
ORD105984,2025-01-29,CUST1671,Shoes,Fashion,West,Mumbai,5,3041.38,15206.9,5.0,2561.2,254.21,No,Credit Card,Failed,Delivered
ORD100885,2025-11-05,CUST1230,Headphones,Electronics,East,Kolkata,1,3562.89,3562.89,0.0,2326.58,45.79,Yes,UPI,Pending,Returned
ORD103603,2026-06-23,CUST1607,Shoes,Fashion,Central,Indore,3,3233.14,9699.42,0.0,2167.9,449.27,No,Debit Card,Paid,Cancelled
ORD102711,2025-07-18,CUST1191,Tablet,Electronics,West,Pune,5,21371.1,106855.5,5.0,12367.72,328.52,No,Credit Card,Paid,Cancelled
ORD103314,2025-04-28,CUST1267,Tablet,Electronics,South,Hyderabad,1,19601.07,19601.07,25.0,14994.46,129.75,No,Cash,Paid,Cancelled
ORD101170,2025-03-29,CUST1455,Coffee Maker,Home Appliances,East,Bhubaneswar,3,6048.17,18144.51,20.0,4437.05,278.1,No,Net Banking,Pending,Cancelled
ORD101804,2025-09-10,CUST1475,Smartwatch,Electronics,West,Mumbai,1,7291.64,7291.64,0.0,5916.4,379.14,No,Debit Card,Pending,Delivered
ORD102694,2025-02-09,,Backpack,Accessories,North,Lucknow,5,1862.86,9314.3,25.0,1527.02,139.42,No,Debit Card,Pending,Cancelled
ORD101841,2026-07-05,CUST1538,Mixer,Home Appliances,Central,Nagpur,2,4444.72,8889.44,25.0,3879.84,477.83,No,UPI,Paid,Delivered
ORD103411,2025-05-03,CUST1434,Smartphone,Electronics,Central,Bhopal,1,28297.8,28297.8,,21534.84,476.56,No,Debit Card,Paid,Delivered
ORD102544,2026-02-17,CUST1338,Smartphone,Electronics,Central,Indore,4,30032.99,120131.96,25.0,16661.46,75.62,No,,Failed,Delivered
ORD102811,2026-04-14,CUST1278,T-Shirt,Fashion,South,Chennai,2,991.84,1983.68,30.0,824.39,426.81,Yes,Debit Card,Failed,Returned
ORD100434,2025-06-04,CUST1522,Coffee Maker,Home Appliances,East,Bhubaneswar,5,4810.97,24054.85,15.0,3417.06,291.12,No,Cash,Paid,Delivered
ORD102162,2026-04-12,CUST1722,Laptop,Electronics,West,Mumbai,1,50857.03,50857.03,10.0,32741.22,68.56,No,Debit Card,Failed,Delivered
ORD104497,2025-12-20,CUST1725,Tablet,Electronics,North,Delhi,1,23813.25,23813.25,20.0,19695.79,363.55,No,Debit Card,Failed,Delivered
ORD102668,2025-04-15,CUST1381,Bookshelf,Furniture,West,Pune,2,6934.87,13869.74,5.0,5046.96,333.75,No,UPI,Paid,Delivered
ORD102944,2026-04-14,CUST1133,Tablet,Electronics,East,Patna,1,22491.31,22491.31,,18154.69,113.83,No,Cash,Paid,Delivered
ORD105448,2026-06-06,CUST1487,Desk,Furniture,Central,Bhopal,1,12082.67,12082.67,20.0,8859.18,446.63,No,Debit Card,Paid,Delivered
ORD100763,03/04/2025,CUST1697,Smartphone,Electronics,Central,Indore,4,30799.48,123197.92,25.0,22582.26,375.99,No,Debit Card,Paid,Delivered
ORD103812,2025-11-17,CUST1714,Shoes,Fashion,North,Delhi,4,3004.78,12019.12,10.0,1954.64,487.02,No,UPI,Paid,Delivered
ORD102653,2026-03-03,CUST1296,Microwave,Home Appliances,West,Mumbai,1,10600.6,10600.6,30.0,7338.63,236.29,No,Credit Card,Paid,Cancelled
ORD100967,2025-03-18,CUST1217,Shoes,Fashion,Central,Nagpur,1,3488.39,3488.39,5.0,3066.35,249.7,No,Cash,Paid,Delivered
ORD100169,2025-06-22,CUST1467,Bookshelf,Furniture,Central,Nagpur,2,6767.54,13535.08,5.0,4584.98,247.06,No,Cash,Paid,Delivered
ORD105523,2025-10-04,CUST1762,Coffee Maker,Home Appliances,Central,Bhopal,3,5032.9,15098.7,10.0,2938.6,268.39,No,Net Banking,Pending,Delivered
ORD100267,2025-11-23,CUST1753,Mixer,Home Appliances,South,Hyderabad,2,3934.0,7868.0,30.0,3357.45,496.9,Yes,Cash,Pending,Returned
ORD103845,2025-09-23,CUST1435,Office Chair,Furniture,North,Jaipur,1,7941.0,7941.0,15.0,6963.28,168.03,No,Net Banking,Paid,Delivered
ORD103255,2025-12-10,CUST1314,Desk, Electronics ,East,Kolkata,4,13279.16,53116.64,30.0,11090.23,322.84,No,Cash,Paid,Cancelled
ORD101506,2025-03-08,CUST1690,Laptop,Electronics,Central,Bhopal,2,62726.92,125453.84,30.0,36694.78,225.7,No,Debit Card,Paid,Delivered
ORD100351,2025-01-10,CUST1211,Backpack,Accessories,South,Hyderabad,1,1663.2,1663.2,25.0,947.74,456.19,No,Net Banking,Paid,Cancelled
ORD100464,2025-09-04,CUST1531,Blender,Home Appliances,West,Pune,1,3001.81,3001.81,30.0,2523.61,62.82,No,Cash,Paid,Delivered
ORD104732,2026-07-20,CUST1242,Smartwatch,Electronics,South,Bengaluru,1,6276.26,6276.26,30.0,4902.61,477.91,Yes,Debit Card,Paid,Returned
ORD102630,2026-06-04,CUST1772,Coffee Maker,Home Appliances,West,Ahmedabad,2,6132.45,12264.9,5.0,4132.17,70.13,No,Cash,Pending,Delivered
ORD103084,2026-02-23,CUST1186,Desk,Furniture,North,Jaipur,2,11764.22,23528.44,10.0,8987.78,472.56,No,Net Banking,Failed,Delivered
ORD103001,2025-07-16,CUST1025,Smartwatch,Electronics,Central,Nagpur,3,7023.11,21069.33,0.0,4544.93,121.56,Yes,Net Banking,Paid,Returned
ORD102806,2025-10-08,CUST1044,Tablet,Electronics,South,Hyderabad,2,20110.77,40221.54,10.0,,421.34,Yes,Net Banking,Failed,Returned
ORD105750,2025-05-19,CUST1433,Backpack,Accessories,Central,Nagpur,2,1910.01,3820.02,20.0,1134.26,287.89,Yes,Debit Card,Paid,Returned
ORD101439,2026-04-20,CUST1665,Laptop,Electronics,East,Kolkata,1,52126.29,52126.29,15.0,40568.64,69.98,No,UPI,Paid,Delivered
ORD103820,2025-07-21,CUST1535,Tablet,Electronics,South,Bengaluru,3,22806.06,68418.18,0.0,18882.52,189.36,No,Cash,Paid,Delivered
ORD105478,2026-02-27,CUST1590,Jacket,Fashion,Central,Nagpur,5,4497.59,22487.95,10.0,2983.16,187.21,No,UPI,Paid,Delivered
ORD100451,2025-07-26,CUST1110,Shoes,Fashion,South,Chennai,1,3635.27,3635.27,5.0,2356.47,177.11,No,Debit Card,Paid,Delivered
ORD100101,2026-02-03,CUST1344,Mixer,Home Appliances,South,Hyderabad,2,4471.6,8943.2,20.0,2521.49,48.22,No,Credit Card,Failed,Delivered
ORD103902,2025-03-29,CUST1141,T-Shirt,electronics,West,Mumbai,2,784.46,1568.92,5.0,465.21,307.44,No,Net Banking,Paid,Cancelled
ORD100031,2026-04-19,CUST1432,Mixer,Home Appliances,West,Mumbai,2,3688.64,7377.28,25.0,3070.06,363.68,No,Cash,Paid,Delivered
ORD104435,2025-05-11,CUST1654,Bookshelf,Furniture,East,Kolkata,2,5789.61,11579.22,20.0,4748.24,74.87,No,UPI,Paid,Delivered
ORD105712,2025-09-01,CUST1057,Desk,Furniture,Central,Indore,1,12769.71,12769.71,15.0,9716.5,,No,UPI,Pending,Delivered
ORD100005,2025-10-23,CUST1725,Smartphone,Electronics,South,Bengaluru,3,31583.93,94751.79,30.0,26979.58,80.71,No,Credit Card,Failed,Delivered
ORD105178,2026-05-11,CUST1332,Mixer,Home Appliances,South,Bengaluru,5,4222.77,21113.85,25.0,2679.45,458.01,No,UPI,Paid,Delivered
ORD102520,2025-08-11,CUST1616,T-Shirt,Fashion,North,Lucknow,1,917.83,917.83,5.0,802.64,174.73,Yes,Credit Card,Paid,Returned
ORD103334,2025-09-21,CUST1116,Desk,Furniture,East,Patna,3,11626.35,34879.05,15.0,,380.05,No,Net Banking,Pending,Delivered
ORD104715,2025-03-19,CUST1146,T-Shirt,Fashion,West,Ahmedabad,5,789.31,3946.55,25.0,444.48,258.68,No,Debit Card,Paid,Cancelled
ORD104110,2025-05-07,CUST1304,Bookshelf,Furniture,South,Hyderabad,4,5876.09,23504.36,15.0,3487.16,357.58,No,Debit Card,Paid,Delivered
ORD105649,2025-08-23,CUST1178,Blender,Home Appliances,East,Kolkata,1,3100.5,3100.5,30.0,2076.98,418.57,No,Net Banking,Failed,Delivered
ORD101240,2025-02-26,CUST1382,Blender,Home Appliances,South,Bengaluru,2,3079.48,6158.96,5.0,2234.47,239.75,No,Net Banking,Paid,Cancelled
ORD101057,2025-02-15,CUST1454,Backpack,Accessories,West,Pune,5,1759.97,8799.85,10.0,1100.51,185.99,No,UPI,Paid,Delivered
ORD105918,2025-04-18,CUST1701,Office Chair,Furniture,Central,Bhopal,5,7708.87,38544.35,5.0,4422.03,396.61,Yes,UPI,Pending,Returned
ORD105846,2025-03-12,CUST1282,Backpack,Accessories,East,Kolkata,3,2000.79,6002.37,0.0,1450.34,160.0,No,Credit Card,Failed,Delivered
ORD105874,2025-05-27,CUST1310,Shoes,Fashion,Central,Bhopal,5,2949.29,14746.45,30.0,2477.58,220.17,No,UPI,Failed,Cancelled
ORD102464,2025-03-28,CUST1189,Smartphone,Electronics,West,Ahmedabad,1,25648.34,25648.34,30.0,19345.94,,No,Cash,Paid,Delivered
ORD102587,2025-02-18,CUST1426,Backpack,Accessories,North,Jaipur,1,1692.77,1692.77,5.0,1327.23,278.91,No,Credit Card,Paid,Delivered
ORD103125,2026-02-14,CUST1739,Office Chair,Furniture,East,Kolkata,1,8709.91,8709.91,,5564.95,94.28,No,Cash,Paid,Delivered
ORD103658,2026-06-09,CUST1020,Tablet,Electronics,East,Kolkata,1,21664.33,21664.33,0.0,14613.77,266.11,No,Net Banking,Pending,Delivered
ORD101316,2025-05-26,CUST1233,Blender, Electronics ,East,Patna,3,3236.01,9708.03,20.0,1808.62,453.6,No,Credit Card,Paid,Delivered
ORD104013,2026-07-25,CUST1529,Coffee Maker,Home Appliances,Central,Bhopal,1,4723.84,4723.84,20.0,3590.03,300.67,No,UPI,Failed,Delivered
ORD105944,2025-11-14,CUST1678,Desk,Furniture,West,Pune,5,12114.46,60572.3,10.0,9751.95,228.64,No,Debit Card,Pending,Delivered
ORD100289,10/10/2025,CUST1778,T-Shirt,Fashion,East,Kolkata,2,789.87,1579.74,5.0,504.13,46.95,No,UPI,Paid,Delivered
ORD105996,2025-09-24,CUST1567,Microwave,Home Appliances,North,Jaipur,1,9789.29,9789.29,30.0,6133.31,165.72,No,Debit Card,Paid,Delivered
ORD101947,2025-07-19,CUST1732,T-Shirt,Fashion,South,Chennai,4,839.25,3357.0,15.0,N/A,429.88,No,Cash,Pending,Delivered
ORD100056,2026-02-07,CUST1789,Bookshelf,Furniture,West,Mumbai,5,6327.74,31638.7,10.0,4556.15,487.63,No,Credit Card,Pending,Delivered
ORD102126,2026-05-03,CUST1779,Laptop,Electronics,Central,Indore,3,59199.88,177599.64,15.0,42057.62,323.81,No,Net Banking,Failed,Delivered
ORD101177,2025-09-15,CUST1528,Backpack,Accessories,Central,Indore,3,1943.37,5830.11,15.0,1529.3,183.06,No,Debit Card,Failed,Delivered
ORD103516,2025-03-29,CUST1350,Tablet,Electronics,North,Jaipur,1,23108.6,23108.6,15.0,17567.68,250.45,Yes,Debit Card,Failed,Returned
ORD101414,2025-06-10,CUST1233,Mixer,Home Appliances,East,Patna,1,4486.97,4486.97,5.0,3369.7,411.36, YES ,Debit Card,Paid,Cancelled
ORD104947,2026-05-20,CUST1744,Smartphone,Electronics,South,Chennai,2,24318.53,48637.06,,13650.38,342.4,No,Credit Card,Paid,Cancelled
ORD104431,2025-01-27,CUST1105,Desk,Furniture,Central,Bhopal,-1,11886.95,23773.9,5.0,7542.08,496.78,No,Cash,Pending,Delivered
ORD100971,2025-05-26,CUST1478,Microwave,Home Appliances,North,Jaipur,3,10009.1,30027.3,30.0,5701.95,413.73,No,Net Banking,Paid,Cancelled
ORD101417,2026-04-03,CUST1585,Office Chair,Furniture,East,Kolkata,4,7898.62,31594.48,20.0,4847.34,408.9,No,UPI,Paid,Delivered
ORD102604,2025-05-12,CUST1556,smartphone,Accessories,North,Delhi,2,1685.2,3370.4,15.0,1326.18,106.8,No,UPI,Pending,Delivered
ORD100621,2026-07-12,CUST1113,Mixer,Home Appliances,West,Ahmedabad,5,4286.84,21434.2,0.0,3294.42,459.8,No,Net Banking,Paid,Delivered
ORD102521,2025-12-14,CUST1153,Microwave,Home Appliances,West,Ahmedabad,1,11567.79,11567.79,25.0,6646.6,273.03,No,Cash,Paid,Delivered
ORD100769,2025-11-14,CUST1113,Mixer,Home Appliances,North,Delhi,2,4249.12,8498.24,5.0,3564.47,231.13,No,Credit Card,Paid,Delivered
ORD103801,2025-02-02,CUST1567,Shoes,Fashion,Central,Indore,2,2791.71,5583.42,10.0,2361.46,442.88,No,Credit Card,Pending,Cancelled
ORD100754,2026-04-13,CUST1320,Backpack,Accessories,South,Chennai,2,1912.96,3825.92,30.0,1440.67,386.74,No,Net Banking,Failed,Cancelled
ORD100821,2025-03-31,CUST1579,Desk,Furniture,South,Hyderabad,1,11740.87,11740.87,0.0,7479.59,45.55,No,Cash,Pending,Delivered
ORD105914,2026-06-22,CUST1575,Coffee Maker,Home Appliances,Central,Bhopal,4,5545.65,22182.6,0.0,3796.68,N/A,No,Net Banking,Paid,Delivered
ORD104735,2026-01-03,CUST1535,Mixer,Home Appliances,North,Delhi,4,3785.42,15141.68,5.0,2813.83,388.79,No,Debit Card,Paid,Delivered
ORD102197,2025-07-28,CUST1245,Smartwatch,Electronics,North,Jaipur,1,7679.03,7679.03,30.0,5822.45,232.37,No,Cash,Paid,Delivered
ORD101449,2025-06-23,CUST1330,Jacket,Fashion,South,Hyderabad,5,4885.41,24427.05,10.0,3790.43,326.5,Yes,Cash,Paid,Returned
ORD105977,2025-09-29,CUST1482,T-Shirt,Fashion,Central,Bhopal,4,977.02,3908.08,20.0,795.6,270.01,No,Debit Card,Pending,Cancelled
ORD104478,2025-11-10,CUST1380,Laptop,Electronics,West,Mumbai,1,58192.57,58192.57,0.0,38898.7,186.68,No,Net Banking,Failed,Delivered
 ORD103483 ,2025-12-29,CUST1190,Microwave,Home Appliances,East,Bhubaneswar,2,11256.6,22513.2,5.0,7352.85,92.03,No,Credit Card,Paid,Cancelled
ORD100984,2025-04-21,CUST1744,Backpack,Accessories,Central,Nagpur,2,1813.64,3627.28,0.0,1007.56,279.3,No,Debit Card,Paid,Cancelled
ORD104456,2026-05-22,CUST1346,Office Chair,Furniture,West,Pune,1,9650.78,9650.78,10.0,6973.93,405.95,No,UPI,Paid,Delivered
ORD101165,2026-05-10,CUST1039,Mixer,Home Appliances,East,Bhubaneswar,2,4285.6,8571.2,0.0,3419.08,69.4,No,Credit Card,Paid,Delivered
ORD102662,2026-04-15,CUST1411,Smartphone,Electronics,South,Hyderabad,3,29797.75,89393.25,15.0,24635.13,161.66,Yes,Credit Card,Paid,Returned
ORD100880,2025-02-20,CUST1368,Backpack,Accessories,East,Patna,1,1665.63,1665.63,10.0,1329.66,437.4,No,Credit Card,Paid,Cancelled
ORD100888,2025-04-22,CUST1006,Office Chair,Furniture,North,Jaipur,5,8450.14,42250.7,20.0,6589.63,115.73,Yes,Cash,Failed,Returned
ORD105052,2025-09-23,CUST1154,Coffee Maker,Home Appliances,Central,Bhopal,1,5913.18,5913.18,0.0,5041.93,493.82,No,Net Banking,Pending,Delivered
ORD100655,2026-07-24,CUST1713,Shoes,Fashion,East,Kolkata,5,3629.72,18148.6,20.0,2055.46,301.89,No,Net Banking,Pending,Delivered
ORD103459,2025-04-29,CUST1349,Laptop,Electronics,South,Bengaluru,4,54664.33,218657.32,25.0,42992.37,184.98,No,Net Banking,Pending,Delivered
ORD103384,2025-11-15,CUST1286,Headphones,Electronics,West,Mumbai,1,3571.05,3571.05,25.0,3090.47,201.0,No,Net Banking,Pending,Delivered
ORD101605,2025-01-30,CUST1298,Headphones,Electronics,Central,Nagpur,2,3223.49,6446.98,20.0,2646.53,,No,Credit Card,Failed,Delivered
ORD102618,2025-10-08,CUST1309,Laptop,Electronics,West,Pune,2,52048.42,104096.84,30.0,34610.83,271.96,No,Net Banking,Failed,Delivered
ORD104982,2025-05-25,CUST1761,Backpack,Accessories,East,Kolkata,1,1914.1,1914.1,10.0,1420.21,130.17,Yes,Net Banking,Failed,Returned
ORD105685,2025-04-20,CUST1172, LAPTOP ,Home Appliances,East,Bhubaneswar,5,4640.8,23204.0,15.0,4063.61,279.81,Yes,Net Banking,Failed,Returned
ORD102719,2025-12-26,CUST1131,Bookshelf,Furniture,South,Hyderabad,1,5750.51,5750.51,20.0,3581.48,392.52,No,Debit Card,Pending,Delivered
ORD100643,2025-05-12,CUST1356,Jacket,Fashion,South,Chennai,2,3959.68,7919.36,30.0,2194.58,405.95,No,Credit Card,Paid,Delivered
ORD103444,2026-06-25,CUST1744,Desk,Furniture,North,Jaipur,4,12900.14,51600.56,0.0,11292.54,461.56,No,Credit Card,Paid,Cancelled
ORD103765,2026-04-23,CUST1235,Mixer,Home Appliances,Central,Bhopal,2,4104.55,8209.1,10.0,3582.44,447.19,No,Cash,Pending,Delivered
ORD100302,2025-09-18,CUST1426,Shoes,Fashion,North,Lucknow,1,2818.47,2818.47,0.0,1622.37,421.28,No,UPI,Pending,Delivered
ORD102149,2025-01-17,CUST1497,Jacket,Fashion,East,Kolkata,1,4040.25,4040.25,20.0,3274.75,175.89,No,UPI,Paid,Delivered
ORD101905,2025-09-23,CUST1022,Shoes,Fashion,East,Patna,2,3562.21,7124.42,20.0,"3,049.41",216.2,Yes,Credit Card,Failed,Returned
ORD101559,2025-04-17,CUST1444,Office Chair,Furniture,North,Delhi,1,7911.12,7911.12,25.0,4776.44,164.61,Yes,Cash,Failed,Returned
ORD103344,2025-10-03,CUST1107,Backpack,Accessories,South,Bengaluru,1,1830.8,1830.8,5.0,1258.95,461.64,Yes,Net Banking,Failed,Returned
ORD100196,2025-03-07,CUST1760,Blender,Home Appliances,West,Pune,2,2779.94,5559.88,20.0,1942.93,493.1,No,Debit Card,Pending,Delivered
ORD103550,2026-02-22,CUST1797,Microwave,Home Appliances,South,Hyderabad,1,10463.03,10463.03,10.0,8465.96,225.75,Yes,Credit Card,Paid,Returned
ORD101802,2025-09-07,CUST1447,Desk,Furniture,North,Delhi,2,11242.09,22484.18,30.0,8221.16,318.51,No,Debit Card,Paid,Cancelled
ORD103254,2026-06-14,CUST1485,Smartwatch,Electronics,Central,Bhopal,1,7211.38,N/A,15.0,4158.73,88.42,No,Credit Card,Paid,Delivered
ORD102590,2025-01-08,CUST1136,Coffee Maker,Home Appliances,South,Chennai,4,4928.16,19712.64,20.0,4081.13,489.97,No,Net Banking,Paid,Delivered
ORD102738,2026-06-13,CUST1476,T-Shirt,Fashion,North,Delhi,1,822.13,822.13,15.0,629.48,288.17,No,Debit Card,Paid,Delivered
ORD105425,2025-09-08,CUST1277,Desk,Furniture,South,Chennai,4,12171.15,48684.6,0.0,8693.96,150.31,No,Net Banking,Paid,Delivered
ORD102122,2025-12-19,CUST1005,Backpack,Accessories,South,Chennai,2,1961.0,3922.0,0.0,1563.44,73.57,No,Cash,Paid,Cancelled
ORD100994,2025-05-22,CUST1251,Backpack,Accessories,North,Jaipur,2,1989.16,3978.32,30.0,1351.25,182.62,No,Credit Card,Pending,Delivered
ORD103793,2026-03-29,CUST1413,Laptop,Electronics,East,Kolkata,5,61199.12,305995.6,15.0,47463.89,361.07,Yes,Cash,Failed,Returned
ORD105819,2025-02-26,CUST1107,Blender,Home Appliances,Central,Indore,2,3265.5,6531.0,5.0,2188.92,423.36,,Net Banking,Failed,Delivered
ORD101337,2025-05-20,CUST1766,Headphones,Electronics,West,Pune,1,3622.19,3622.19,0.0,2857.61,299.91,No,Credit Card,Pending,Delivered
ORD104954,2026-02-21,CUST1544,Blender,Home Appliances,Central,Nagpur,5,3430.98,17154.9,25.0,1955.24,480.14,No,Credit Card,Failed,Delivered
ORD100527,2025-05-06,CUST1492,Blender,Home Appliances,West,Mumbai,4,3241.09,12964.36,10.0,2252.28,58.38,No,Credit Card,Failed,Delivered
ORD105682,2025-07-03,CUST1193,Desk,Furniture,East,Patna,1,11692.38,11692.38,15.0,8181.09,244.21,No,Credit Card,Paid,Delivered
ORD100753,2026-01-16,CUST1561,Headphones,Electronics,South,Bengaluru,2,4006.79,8013.58,10.0,2546.48,48.71,Yes,UPI,Failed,Returned
ORD103258,2025-04-13,CUST1205,Bookshelf,Furniture,South,Hyderabad,1,6406.92,6406.92,30.0,4912.96,85.72,No,Cash,Paid,Delivered
ORD100927,2025-03-12,CUST1666,Shoes,Fashion,Central,Nagpur,4,2830.78,11323.12,0.0,2318.46,78.98,No,Cash,Failed,Delivered
ORD103315,2026-07-04,CUST1759,Laptop,Electronics,South,Chennai,1,56749.79,56749.79,20.0,32184.76,384.22,No,UPI,Paid,Delivered
ORD105755,2026-01-25,CUST1271,Blender,Home Appliances,South,Bengaluru,4,2562.6,10250.4,20.0,1931.21,87.56,Yes,UPI,Paid,Returned
ORD101274,2026-06-15,CUST1332,Office Chair,Furniture,South,Chennai,2,9157.35,18314.7,15.0,5405.98,442.18,Yes,Net Banking,Paid,Returned
ORD104804,2026-02-01,CUST1059,Office Chair,Furniture,Central,Nagpur,5,9498.39,47491.95,15.0,7568.27,278.65,No,Credit Card,Paid,Delivered
ORD102855,2025-06-28,CUST1480,Office Chair,Furniture,South,Bengaluru,1,8805.18,8805.18,15.0,5842.13,440.97,No,Debit Card,Failed,Cancelled
ORD104798,2026-03-01,CUST1227,Mixer,Home Appliances,South,Hyderabad,2,4134.93,8269.86,5.0,2612.93,198.78,Yes,Debit Card,Failed,Returned
ORD102340,2026-01-13,CUST1768,Headphones,Electronics,North,Jaipur,5,3786.18,18930.9,25.0,2936.85,75.23,No,UPI,Paid,Cancelled
ORD105138,2025-07-24,CUST1488,Bookshelf,Furniture,West,Ahmedabad,4,7105.17,28420.68,25.0,4812.77,466.3,Yes,Net Banking,Paid,Returned
ORD103784,2026-02-26,CUST1596,Laptop,Electronics,North,Lucknow,1,61622.48,61622.48,15.0,41093.92,293.09,Yes,Debit Card,Pending,Returned
ORD100036,2025-04-06,CUST1664,Backpack,Accessories,West,Ahmedabad,1,1758.67,1758.67,10.0,1542.12,229.8,No,Net Banking,Pending,Delivered
ORD102680,2025-05-29,CUST1584,Backpack,Accessories,Central,Indore,1,1688.78,1688.78,15.0,1389.14,207.22,No,UPI,Failed,Delivered
ORD102330,2026-02-26,CUST1156,Smartwatch,Electronics,North,Lucknow,4,6041.54,24166.16,5.0,4334.44,379.21,No,Debit Card,Failed,Cancelled
ORD100943,2025-08-08,CUST1595,Jacket,Fashion,North,Lucknow,2,5030.27,10060.54,10.0,3102.43,164.31,No,Net Banking,Paid,Delivered
ORD105370,2026-07-25,CUST1180,Smartphone,Electronics,Central,Nagpur,2,31422.67,62845.34,20.0,25686.23,344.78,No,Debit Card,Paid,Delivered
ORD102312,2025-05-20,CUST1477,T-Shirt,Fashion,West,Mumbai,4,935.27,3741.08,10.0,565.13,257.79,No,Debit Card,Paid,Delivered
ORD104862,2026-07-30,CUST1782,Smartphone,Electronics,Central,Nagpur,2,23904.22,47808.44,15.0,16713.27,328.92,No,Debit Card,Paid,Cancelled
ORD105206,2025-01-06,CUST1043,Jacket,Fashion,Central,Bhopal,2,4050.28,8100.56,30.0,3179.42,70.25,Yes,Net Banking,Paid,Returned
ORD102911,2025-10-12,CUST1031,Coffee Maker,Home Appliances,East,Bhubaneswar,1,5196.76,5196.76,20.0,2874.23,129.1,No,Net Banking,Paid,Cancelled
ORD101992,2026-01-18,CUST1271,Headphones,Electronics,South,Bengaluru,1,3710.14,3710.14,0.0,2081.77,70.01,Yes,Net Banking,Failed,Returned
ORD104268,2026-02-04,CUST1187,smartphone,Home Appliances,West,Mumbai,2,11358.1,22716.2,25.0,6728.89,,No,Cash,Failed,Delivered
ORD101961,2025-11-25,CUST1610,Headphones,Electronics,Central,Bhopal,1,3194.14,3194.14,10.0,2652.84,188.2,No,Cash,Failed,Delivered
ORD103590,2025-05-08,CUST1531,Jacket,Fashion,South,Bengaluru,4,5073.97,20295.88,25.0,3456.16,120.32,Yes,Cash,Paid,Returned
ORD103099,2025-07-11,CUST1603,Blender,Home Appliances,North,Lucknow,4,3435.82,13743.28,15.0,2631.76,90.84,No,UPI,Pending,Delivered
ORD101595,2025-09-27,CUST1651,Headphones,Electronics,Central,Bhopal,1,3817.04,3817.04,5.0,3280.07,116.1,No,Credit Card,Pending,Delivered
ORD101720,2025-01-17,CUST1261,Office Chair,Furniture,North,Delhi,1,8740.82,8740.82,10.0,7617.71,421.18,Yes,UPI,Failed,Returned
ORD104299,2025-10-22,CUST1396,T-Shirt,Fashion,Central,Nagpur,3,894.19,2682.57,20.0,752.95,137.26,No,Cash,Paid,Cancelled
ORD100789,2025-01-24,CUST1473,Backpack,Accessories,South,Chennai,5,1941.79,9708.95,25.0,1291.0,450.39,No,Net Banking,Failed,Delivered
ORD104379,2026-01-08,CUST1386,Jacket,Fashion,North,Delhi,1,4123.16,4123.16,15.0,3110.22,473.9,No,Net Banking,Paid,Delivered
ORD100495,2025-08-02,CUST1369,Shoes,Fashion,North,Jaipur,4,3408.67,13634.68,10.0,2388.7,258.55,No,Credit Card,Paid,Cancelled
ORD103329,2025-03-20,CUST1526,Headphones,Electronics,Central,Nagpur,3,3617.73,10853.19,0.0,2726.68,121.23,No,Credit Card,Paid,Delivered
ORD102224,2025-12-09,CUST1232,Smartwatch,Electronics,Central,Bhopal,1,6855.6,6855.6,30.0,4188.94,55.66,No,Net Banking,Paid,Delivered
ORD103879,2025-11-19,CUST1010,T-Shirt,Fashion,Central,Nagpur,1,1020.64,1020.64,5.0,680.9,313.87,No,Cash,Failed,Cancelled
ORD105008,2026-02-13,CUST1710,Mixer,Home Appliances,South,Hyderabad,4,3721.41,14885.64,15.0,2066.33,63.56,No,Debit Card,Paid,Delivered
ORD104394,2025-12-27,CUST1229,Headphones,Electronics,East,Kolkata,1,3020.23,3020.23,0.0,2136.64,436.52,No,Cash,Paid,Delivered
ORD100304,2025-08-23,CUST1416,Desk,Furniture,Central,Bhopal,1,12114.8,12114.8,15.0,8721.78,114.23,Yes,Debit Card,Paid,Returned
ORD101268,2025-06-23,CUST1205,Tablet,Electronics,East,Patna,4,23668.94,94675.76,30.0,,135.86,No,Cash,Paid,Cancelled
ORD105071,2025-08-20,CUST1619,Mixer,Home Appliances,East,Kolkata,2,3958.09,7916.18,5.0,2977.57,93.06,No,Cash,Paid,Delivered
ORD101684,2025-05-28,CUST1680,Tablet,Electronics,North,Delhi,1,19486.11,19486.11,25.0,10836.68,320.51,No,Credit Card,Pending,Delivered
ORD103286,2025-04-06,CUST1232,Blender,Home Appliances,West,Ahmedabad,1,2552.79,2552.79,0.0,2223.12,254.34,No,Cash,Paid,Delivered
ORD102238,2025-11-27,CUST1629,T-Shirt,Fashion,Central,Nagpur,3,1016.37,3049.11,5.0,873.68,360.04,No,Net Banking,Pending,Delivered
ORD100857,2026-04-14,CUST1628,Coffee Maker,Home Appliances,East,Kolkata,2,5300.16,10600.32,15.0,3039.31,264.42,No,Debit Card,Pending,Delivered
ORD104672,2025-09-26,CUST1757,Backpack,Accessories,East,Kolkata,3,1958.2,5874.6,10.0,1158.29,118.62,No,Net Banking,Paid,Delivered
ORD103120,2025-10-24,CUST1469,Mixer,Home Appliances,South,Hyderabad,1,4762.37,4762.37,15.0,3605.27,321.23,No,Debit Card,Failed,Delivered
ORD105730,2025-12-23,CUST1584,Shoes,Fashion,South,Chennai,5,3219.28,16096.4,0.0,1984.64,82.62,No,Net Banking,Failed,Delivered
ORD103385,2025-03-17,CUST1553,Microwave,Home Appliances,Central,Bhopal,4,9485.34,37941.36,30.0,7503.46,187.1,No,Net Banking,Paid,Delivered
ORD105715,2025-03-13,CUST1649,Shoes,Fashion,East,Patna,4,3580.05,14320.2,30.0,2856.69,61.78,No,Credit Card,paid,Delivered
ORD103106,2025-05-23,CUST1707,Microwave,Home Appliances,South,Chennai,1,9950.95,9950.95,30.0,7349.09,81.55,Yes,Net Banking,Failed,Returned
ORD104872,2026-02-28,CUST1610,Smartwatch,Electronics,West,Ahmedabad,5,7089.13,35445.65,15.0,5525.88,429.03,No,Cash,Paid,Delivered
ORD104550,2026-07-31,CUST1114,T-Shirt,Fashion,East,Patna,3,784.89,2354.67,15.0,498.19,463.91,No,Net Banking,Failed,Delivered
ORD101030,2026-01-24,CUST1276,T-Shirt,Fashion,North,Jaipur,1,808.92,808.92,5.0,593.61,432.36,No,Debit Card,Paid,Delivered
ORD102101,2025-07-22,CUST1639,Jacket,Fashion,South,Hyderabad,5,4039.98,20199.9,15.0,3156.92,337.29,Yes,Debit Card,Paid,Returned
ORD104691,2026-01-05,CUST1021,Tablet,Electronics,West,Mumbai,5,24497.34,122486.7,20.0,15988.12,353.57,No,UPI,Paid,Delivered
ORD104858,2026-07-19,CUST1610,Desk,Furniture,East,Bhubaneswar,2,12858.6,25717.2,30.0,9876.93,452.01,Yes,Credit Card,Failed,Returned
ORD102026,2025-05-23,CUST1511,Laptop,Electronics,South,Hyderabad,3,54908.64,164725.92,0.0,46230.77,358.08,No,Cash,Paid,Delivered
ORD105038,2026-02-11,CUST1292,Coffee Maker,Home Appliances,Central,Bhopal,4,4842.14,19368.56,15.0,3041.25,447.72,No,Debit Card,Failed,Delivered
ORD100642,2026-05-10,CUST1457,Laptop,Electronics,North,Jaipur,1,47692.13,47692.13,10.0,36112.25,208.0,No,Net Banking,Failed,Cancelled
ORD102679,2025-01-02,CUST1161,Coffee Maker,Home Appliances,South,Bengaluru,1,5067.44,5067.44,30.0,3251.46,380.25,No,Credit Card,Failed,Cancelled
ORD105505,2026-03-07,CUST1646,Blender,Home Appliances,Central,Bhopal,3,2816.24,"8,448.72",10.0,2442.58,147.9,No,UPI,Failed,Delivered
ORD101138,2025-08-22,CUST1375,Headphones,Electronics,North,Lucknow,2,3437.55,6875.1,20.0,2513.72,165.59,No,Credit Card,Failed,Delivered
ORD104647,2025-05-18,CUST1533,Smartphone,Electronics,East,Kolkata,3,29216.37,87649.11,0.0,25203.25,160.5,No,Debit Card,Paid,Delivered
ORD102322,2025-01-11,CUST1761,Tablet,Electronics,Central,Bhopal,4,22418.65,89674.6,25.0,14882.86,381.22,No,Debit Card,Paid,Delivered
ORD100611,2025-10-17,CUST1357,Laptop,Electronics,West,Mumbai,4,57606.17,230424.68,5.0,40220.49,406.37,No,Cash,Failed,Delivered
ORD102530,2026-06-19,CUST1642,Smartwatch,Electronics,Central,Bhopal,2,6197.06,12394.12,15.0,4016.61,74.01,No,Cash,Paid,Delivered
ORD104400,2026-02-17,CUST1504,T-Shirt,Electronics,Central,Nagpur,5,990.8,4954.0,15.0,865.79,462.33,No,Credit Card,Paid,Delivered
ORD101773,2025-10-03,CUST1031,Bookshelf,Furniture,Central,Indore,4,6624.15,26496.6,0.0,3663.34,,No,UPI,Paid,Delivered
ORD103890,2026-01-06,CUST1332,Microwave,Home Appliances,North,Mumbai,3,10297.34,30892.02,20.0,7529.71,346.63,Yes,Cash,Paid,Returned
ORD104082,2025-09-13,CUST1161,Office Chair,Furniture,North,Jaipur,1,8042.43,8042.43,30.0,7007.43,168.28,No,UPI,Paid,Delivered
ORD101173,2025-05-03,CUST1440,Smartphone,Electronics,East,Patna,2,26809.72,53619.44,0.0,18890.97,235.44,No,Debit Card,Paid,Delivered
ORD100372,2025-09-19,CUST1364,Backpack,Accessories,South,Hyderabad,1,1557.34,1557.34,10.0,1072.39,44.46,No,Credit Card,Paid,Delivered
ORD101728,2026-03-04,CUST1425,Backpack,Accessories,Central,Indore,5,1551.42,7757.1,20.0,1335.4,187.2,No,Cash,Paid,Delivered
ORD104368,2026-01-01,CUST1324,Smartwatch,Electronics,South,Hyderabad,4,7210.74,28842.96,25.0,5514.83,49.71,No,Credit Card,Paid,Cancelled
ORD103009,2026-06-21,CUST1379,Microwave,Home Appliances,South,Chennai,1,10372.81,10372.81,15.0,5719.92,459.17,No,Net Banking,Failed,Cancelled
ORD104808,2025-01-31,CUST1134,Microwave,Home Appliances,Central,Indore,2,10782.74,21565.48,30.0,9003.33,320.43,Yes,Cash,Failed,Returned
ORD105752,2025-09-18,CUST1236,Desk,Furniture,South,Bengaluru,2,11943.84,23887.68,25.0,6632.02,350.47,No,UPI,Failed,Delivered
ORD105683,2025-12-23,CUST1394,Blender,Home Appliances,West,Pune,1,2833.23,N/A,20.0,2121.42,95.34,No,Net Banking,Paid,Delivered
ORD100345,2025-07-09,CUST1268,Coffee Maker,Home Appliances,North,Delhi,5,4756.86,23784.3,0.0,3830.3,460.88,No,Debit Card,Paid,Delivered
ORD104930,2026-04-20,CUST1306,Smartwatch,Electronics,North,Delhi,2,7194.21,14388.42,15.0,6172.28,370.15,No,,Paid,Delivered
ORD103894,2026-07-02,CUST1057,T-Shirt,Fashion,West,Ahmedabad,4,802.39,3209.56,5.0,495.75,492.92,No,Credit Card,Pending,Delivered
ORD100113,2025-10-12,CUST1716,Office Chair,Furniture,North,Lucknow,1,8928.65,8928.65,25.0,6740.26,61.04,No,Debit Card,Pending,Cancelled
ORD103629,2025-12-04,CUST1333,Blender,Home Appliances,South,Bengaluru,3,3204.9,9614.7,5.0,2197.19,200.93,Yes,Net Banking,Failed,Returned
ORD101542,2025-10-30,CUST1671,Coffee Maker,Home Appliances,West,Ahmedabad,4,6244.1,24976.4,25.0,4878.56,44.55,No,Net Banking,Paid,Cancelled
ORD100425,2025-01-25,CUST1528,Backpack,Accessories,west,Bhopal,1,1995.3,1995.3,10.0,1484.64,185.4,No,Debit Card,Paid,Delivered
ORD102266,2025-08-15,CUST1501,Blender,Home Appliances,East,Kolkata,1,3449.84,3449.84,5.0,2205.7,113.85,No,Credit Card,Paid,Delivered
ORD105536,2026-06-22,CUST1048,Shoes,Fashion,Central,Nagpur,5,3406.94,17034.7,25.0,2483.09,247.8,No,UPI,Paid,Cancelled
ORD104876,2025-12-12,CUST1245,Bookshelf,Furniture,West,Pune,3,5652.96,16958.88,10.0,4918.1,255.64,No,UPI,Paid,Delivered
ORD103861,2026-05-09,CUST1103,Desk,Furniture,East,Bhubaneswar,5,13422.55,67112.75,5.0,9290.73,336.7,No,Cash,Paid,Delivered
ORD104193,2026-06-20,CUST1393,Tablet,Electronics,East,Bhubaneswar,1,19758.24,19758.24,5.0,12035.97,142.04,No,Credit Card,Paid,Cancelled
ORD105070,2025-02-18,CUST1109,Tablet,Electronics,West,Mumbai,2,21902.41,43804.82,15.0,17197.62,255.67,No,Cash,Paid,Delivered
ORD105461,2025-01-03,CUST1476,Jacket,Fashion,East,Bhubaneswar,5,4374.59,21872.95,30.0,3615.01,235.71,No,Credit Card,Paid,Delivered
ORD105644,2026-06-27,CUST1586,Headphones,Electronics,Central,Nagpur,1,3713.8,3713.8,20.0,3038.62,162.18,Yes,Debit Card,Paid,Returned
ORD102839,2025-05-12,CUST1606,Headphones,Electronics,Central,Bhopal,1,3097.01,3097.01,20.0,N/A,323.99,No,Debit Card,Paid,Delivered
ORD105971,2025-07-28,CUST1476,T-Shirt,Fashion,West,Mumbai,2,960.67,1921.34,5.0,541.08,150.85,No,Cash,Failed,Delivered
ORD103945,2025-10-03,CUST1418,Headphones,Electronics,Central,Indore,5,3176.15,15880.75,5.0,2085.84,55.06,Yes,Net Banking,Paid,Returned
ORD105530,2026-01-19,CUST1033,Shoes,Fashion,East,Bhubaneswar,1,3210.95,3210.95,15.0,1952.01,427.6,No,UPI,Paid,Delivered
ORD100865,2025-07-12,CUST1585,Tablet,Electronics,West,Ahmedabad,1,22303.93,22303.93,30.0,18140.26,299.04,Yes,UPI,Paid,Returned
ORD105213,2026-05-22,CUST1462,T-Shirt,Fashion,North,Lucknow,3,915.75,2747.25,25.0,562.88,119.71,No,Debit Card,Paid,Delivered
ORD100993,2026-02-28,CUST1739,Desk,Furniture,West,Ahmedabad,2,11561.5,23123.0,25.0,9633.46,182.49,No,UPI,Failed,Cancelled
ORD103585,2025-04-16,CUST1209,Tablet,Electronics,West,Mumbai,2,24464.9,48929.8,15.0,17375.54,407.62,No,Credit Card, PAID ,Delivered
ORD101013,2026-04-15,CUST1506,Mixer,Home Appliances,West,Pune,1,4192.23,4192.23,5.0,3000.77,461.81,No,UPI,Pending,Delivered
ORD101056,2025-08-02,CUST1594,Laptop,Electronics,North,Lucknow,4,60522.03,242088.12,20.0,37016.86,274.7,Yes,Debit Card,Failed,Delivered
ORD102582,2025-07-13,CUST1170,Laptop,Electronics,West,Mumbai,1,48436.35,48436.35,5.0,40014.86,473.04,No,Debit Card,Failed,Delivered
ORD103435,2026-01-08,CUST1078,Coffee Maker,Home Appliances,North,Lucknow,1,5029.81,5029.81,5.0,3994.45,380.24,No,Cash,Paid,Delivered
ORD102899,2025-06-20,CUST1252,Desk,Furniture,East,Kolkata,2,10777.9,21555.8,30.0,6639.48,415.09,No,Cash,Failed,Delivered
ORD100910,2025-11-29,CUST1507,Microwave,Home Appliances,South,Chennai,2,10709.58,21419.16,0.0,8386.21,400.02,No,Net Banking,Pending,Delivered
ORD103844,2026-05-29,CUST1641,Tablet,Electronics,East,Bhubaneswar,1,19813.75,19813.75,20.0,13294.85,490.92,No,Cash,Paid,Delivered
ORD104745,2025-07-16,CUST1448,Bookshelf,Furniture,West,Mumbai,1,5820.74,5820.74,25.0,4577.18,427.38,No,Net Banking,Pending,Delivered
ORD102311,2025-11-14,CUST1563,Microwave,Home Appliances,Central,Indore,4,11917.99,47671.96,0.0,7386.19,58.28,Yes,Credit Card,Paid,Returned
ORD100570,2025-10-07,CUST1305,T-Shirt,Fashion,East,Bhubaneswar,5,978.01,4890.05,15.0,569.1,166.12,No,Cash,Paid,Delivered
ORD104349,2025-02-11,CUST1124,Microwave,Home Appliances,East,Patna,2,9432.28,18864.56,20.0,5506.44,312.48,No,UPI,Pending,Delivered
ORD105450,2026-03-01,CUST1629,Smartphone,Electronics,East,Kolkata,1,31983.05,31983.05,5.0,21671.47,460.63,No,Cash,Paid,Delivered
ORD105106,2025-05-04,CUST1060,Laptop,Electronics,West,Mumbai,3,55849.4,167548.2,5.0,47518.07,329.0,No,Credit Card,Paid,Cancelled
ORD103030,2025-07-07,,Backpack,Accessories,North,Lucknow,5,1785.16,8925.8,10.0,1489.8,227.14,No,Credit Card,Pending,Cancelled
ORD100726,2026-02-17,CUST1330,Blender,Home Appliances,East,Kolkata,2,2999.32,5998.64,5.0,2389.21,183.38,No,Debit Card,Paid,Delivered
ORD100221,2026-03-30,CUST1667,Mixer,Home Appliances,South,Bengaluru,3,4371.48,13114.44,25.0,2571.28,110.99,Yes,Credit Card,Failed,Returned
ORD102284,2025-03-04,CUST1453,Microwave,Home Appliances,West,Mumbai,4,11020.47,44081.88,5.0,7515.15,117.08,No,Credit Card,Paid,Delivered
ORD101650,2025-09-24,CUST1794,Tablet,Electronics,Central,Nagpur,4,23162.29,92649.16,30.0,15746.34,377.61,No,Credit Card,Paid,Cancelled
ORD100092,2026-04-27,CUST1201,Shoes,Fashion,West,,4,2971.77,11887.08,10.0,2459.75,,No,Credit Card,Failed,Delivered
ORD102920,2026-05-28,CUST1680,Headphones,Electronics,North,Lucknow,2,3800.79,7601.58,30.0,2974.01,356.25,Yes,Cash,Paid,Returned
ORD104109,2025-03-22,CUST1488,Smartphone,Electronics,Central,Bhopal,1,31100.69,31100.69,10.0,24202.13,54.43,No,Debit Card,Failed,Delivered
ORD100574,2026-02-28,CUST1524,Coffee Maker,Home Appliances,South,Hyderabad,2,5435.11,10870.22,30.0,3366.79,357.21,No,UPI,Pending,Cancelled
ORD101756,20/04/2025,CUST1437,Smartphone,Electronics,South,Bengaluru,1,24831.01,24831.01,0.0,18665.43,498.94,No,Credit Card,Pending,Delivered
ORD104017,2025-11-12,CUST1666,Tablet,Electronics,West,Pune,2,25270.52,50541.04,5.0,18141.35,320.72,No,Credit Card,Pending,Delivered
ORD105337,2025-02-20,CUST1522,Jacket,Fashion,West,Mumbai,2,4700.74,9401.48,0.0,2644.97,477.51,No,Net Banking,Paid,Cancelled
ORD101399,2025-10-12,CUST1532,Laptop,Electronics,East,Patna,4,53678.47,214713.88,0.0,36884.34,216.8,No,Credit Card,Pending,Delivered
ORD100667,2025-07-02,CUST1399,Smartphone,Electronics,North,Lucknow,1,31450.92,31450.92,30.0,22697.38,351.46,No,Credit Card,Paid,Cancelled
ORD101594,2026-07-26,CUST1024,Headphones,Electronics,East,Bhubaneswar,2,3613.27,7226.54,30.0,2683.73,246.34,No,Cash,Paid,Delivered
ORD102927,2025-12-09,CUST1732,Office Chair,Furniture,West,Ahmedabad,1,9205.13,9205.13,20.0,7804.13,183.33,No,Credit Card,Failed,Cancelled
ORD104873,2025-06-04,CUST1760,Shoes,Fashion,East,Kolkata,1,2757.31,2757.31,20.0,1728.42,451.21,No,UPI,Paid,Delivered
ORD102248,2026-05-30,CUST1723,Smartphone,Electronics,South,Bengaluru,4,29454.22,117816.88,30.0,25649.64,122.61,No,UPI,Paid,Delivered
ORD101420,2025-12-13,CUST1032,Blender,Home Appliances,South,Bengaluru,5,2878.98,14394.9,25.0,2017.62,224.07,No,Debit Card,Failed,Delivered
ORD102720,2025-03-17,CUST1169,Bookshelf,Furniture,South,Chennai,3,6539.48,19618.44,0.0,5493.59,194.23,No,Cash,Pending,Delivered
ORD105840,2026-03-18,CUST1564,Mixer,Home Appliances,South,Chennai,2,3941.31,7882.62,15.0,2963.07,449.16,No,Cash,Paid,Delivered
ORD100429,2026-01-01,CUST1768,Mixer,Home Appliances,West,Mumbai,1,4497.26,4497.26,20.0,2899.76,444.69,Yes,Net Banking,Paid,Returned
ORD103107,2026-03-03,CUST1101,Mixer,Home Appliances,Central,Bhopal,1,3761.2,3761.2,25.0,2802.46,200.33,No,Debit Card,Pending,Delivered
ORD105600,2025-02-05,CUST1599,Bookshelf,Furniture,Central,Bhopal,1,5657.66,5657.66,15.0,4967.09,208.41,No,Credit Card,Pending,Delivered
ORD103442,2026-05-10,CUST1208,Tablet,Electronics,North,Delhi,1,24320.51,24320.51,20.0,13488.53,353.44,No,Debit Card,Paid,Delivered
ORD102798,2025-11-03,CUST1358,Office Chair,Furniture,North,Jaipur,1,9057.77,9057.77,30.0,7360.69,328.0,No,Net Banking,Paid,Delivered
ORD105201,2025-09-26,CUST1715,Shoes,Fashion,South,Chennai,1,2995.99,2995.99,15.0,1805.05,50.75,Yes,Credit Card,Pending,Returned
ORD105066,2026-02-02,CUST1264,Microwave,Home Appliances,Central,Indore,2,10764.39,21528.78,5.0,7471.28,158.99,No,UPI,Failed,Delivered
ORD101235,2025-12-21,CUST1578,Coffee Maker,Home Appliances,South,Hyderabad,2,5610.38,11220.76,25.0,4090.01,481.05,No,UPI,Paid,Delivered
ORD100900,2026-04-19,CUST1410,Smartphone,Electronics,Central,Bhopal,1,30795.34,30795.34,0.0,23956.66,285.65,No,Cash,Paid,Cancelled
ORD105350,2025-04-06,CUST1460,Coffee Maker,Home Appliances,South,Bengaluru,4,5720.32,22881.28,10.0,3420.77,499.79,No,Debit Card,Paid,Cancelled
ORD103963,16/11/2025,CUST1264,Laptop,Electronics,East,Kolkata,2,48108.55,96217.1,25.0,35296.56,361.58,No,Net Banking,Paid,Cancelled
ORD105623,2026-07-07,CUST1713,Smartphone,Electronics,East,Patna,4,27166.74,108666.96,0.0,18006.81,462.32,No,Cash,Paid,Delivered
ORD102030,2026-06-21,CUST1316,smartphone,Furniture,West,Mumbai,5,7175.56,35877.8,10.0,4739.26,273.48,No,Credit Card,Paid,Delivered
ORD102233,2026-07-29,CUST1485,Coffee Maker,Home Appliances, WEST ,Bengaluru,3,5519.37,16558.11,0.0,3408.44,435.08,No,Net Banking,Paid,Delivered
ORD100733,2025-07-07,CUST1569,Mixer,Home Appliances,North,Lucknow,2,4329.36,8658.72,5.0,2661.8,322.37,Yes,UPI,Paid,Returned
ORD102290,2025-11-29,CUST1288,Office Chair,Furniture,Central,Bhopal,2,9224.84,18449.68,30.0,7515.99,487.43,No,Credit Card,Paid,Delivered
ORD103777,2026-04-13,CUST1388,Office Chair,Furniture,South,Hyderabad,1,8085.79,8085.79,0.0,5850.59,211.96,No,UPI,Failed,Delivered
ORD101427,2026-04-24,CUST1164,Smartphone,Electronics,East,Patna,2,30108.6,60217.2,10.0,18506.94,307.69,No,Credit Card,Paid,Delivered
ORD104635,2025-11-28,CUST1052,Backpack,Accessories,South,Bengaluru,5,2022.85,10114.25,30.0,1670.63,234.25,No,UPI,Pending,Cancelled
ORD105904,2025-01-21,CUST1050,Backpack,Accessories,West,Ahmedabad,1,2060.53,2060.53,30.0,1561.99,495.55,No,Credit Card,Failed,Delivered
ORD103056,2025-08-30,CUST1465,Desk,Furniture,East,Patna,-1,10802.32,10802.32,0.0,7641.96,489.57,No,Credit Card,Failed,Delivered
ORD101784,2026-07-03,CUST1059,Blender,Home Appliances,West,Ahmedabad,3,3017.28,9051.84,0.0,2086.95,414.54,No,Net Banking,Failed,Delivered
ORD100651,2025-04-14,CUST1682,Backpack,Accessories,East,Bhubaneswar,2,2032.2,4064.4,30.0,1624.63,262.37,Yes,Credit Card,Paid,Returned
ORD104313,2026-06-29,CUST1510,Laptop,Electronics,west,Bhubaneswar,5,60272.36,301361.8,20.0,52545.79,408.89,No,UPI,Paid,Delivered
ORD101747,2026-04-21,CUST1638,Coffee Maker,Home Appliances,East,Kolkata,4,5911.87,23647.48,20.0,4524.03,273.24,Yes,Cash,Failed,Returned
ORD103591,2025-07-20,CUST1388,Jacket,Fashion,Central,Nagpur,1,4445.45,4445.45,25.0,3733.3,354.22,No,Cash,Pending,Cancelled
ORD104895,2026-01-20,CUST1653,Shoes,Fashion,West,Mumbai,1,3460.11,3460.11,5.0,2873.55,418.14,No,Credit Card,Pending,Delivered
ORD104248,2025-03-03,CUST1661,Backpack,Accessories,Central,Bhopal,4,1843.07,7372.28,10.0,1480.35,100.48,No,Net Banking,Paid,Delivered
ORD102875,2025-10-23,CUST1198,Microwave,Home Appliances,West,Pune,5,12086.76,60433.8,30.0,9279.64,117.58,No,Credit Card,Failed,Cancelled
ORD103692,2025-06-10,CUST1631,Smartphone,Electronics,Central,Indore,1,29141.34,29141.34,10.0,18277.23,484.12,No,Cash,Failed,Delivered
ORD103395,2025-01-12,CUST1495,Shoes,Fashion,East,Patna,1,3518.35,3518.35,10.0,2533.56,258.37,No,UPI,Paid,Delivered
ORD104772,2026-05-11,CUST1217,Smartphone,Electronics,East,Bhubaneswar,1,24306.16,24306.16,10.0,14348.26,228.76,No,Credit Card,Paid,Delivered
ORD100568,2026-04-13,CUST1415,Headphones,Electronics,West,Mumbai,3,3051.54,9154.62,,1946.44,54.42,Yes,UPI,Paid,Returned
ORD104789,2025-12-05,CUST1420,Coffee Maker,Home Appliances,Central,Indore,1,5546.84,5546.84,0.0,3355.46,233.51,Yes,Net Banking,Pending,Returned
ORD105718,2026-04-05,CUST1074,Tablet,Electronics,East,Patna,4,19579.3,78317.2,30.0,13461.38,442.34,No,UPI,Failed,Delivered
ORD100128,2026-01-06,CUST1186,Smartwatch,Electronics,South,Chennai,2,6780.58,13561.16,15.0,5683.68,454.32,No,Net Banking,Pending,Delivered
ORD103250,2025-05-12,CUST1732,Office Chair,Furniture,East,Bhubaneswar,2,9951.11,19902.22,30.0,8552.31,395.04,No,UPI,Paid,Delivered
ORD105170,2025-12-24,CUST1678,Mixer,Home Appliances,Central,Bhopal,1,3798.07,3798.07,30.0,2341.36,191.99,No,Credit Card,Pending,Delivered
ORD104141,2025-11-26,CUST1393,Shoes,Fashion,West,Mumbai,1,2847.48,2847.48,110.0,1567.47,295.02,No,Net Banking,Failed,Delivered
ORD103162,2026-03-29,CUST1320,Backpack,Accessories,East,Bhubaneswar,4,1768.08,7072.32,10.0,1534.8,405.1,Yes,Debit Card,Paid,Returned
ORD104688,2025-05-06,CUST1779,Smartwatch,Electronics,East,Patna,4,6826.93,27307.72,30.0,5093.21,356.79,yes,Credit Card,Pending,Delivered
 ORD104612 ,2026-01-04,CUST1100,T-Shirt,Fashion,West,Ahmedabad,5,1000.85,5004.25,0.0,796.55,245.93,No,UPI,Paid,Delivered
ORD104389,2025-11-17,CUST1193,Microwave,Home Appliances,South,Chennai,1,11616.84,11616.84,15.0,9392.64,389.79,No,Debit Card,Paid,Delivered
ORD104966,2026-01-25,CUST1530,Smartwatch,Electronics,West,Pune,1,7650.65,7650.65,20.0,5573.68,124.88,No,UPI,Failed,Delivered
ORD101465,2026-03-30,CUST1673,Headphones,Electronics,Central,Nagpur,1,3982.67,3982.67,15.0,2799.41,343.68,No,Credit Card,Paid,Delivered
ORD105068,2025-07-16,CUST1566,Backpack,Accessories,North,Delhi,1,1591.23,1591.23,20.0,1185.44,214.86,No,UPI,Paid,Delivered
ORD105799,2025-11-29,CUST1296,Mixer,Home Appliances,North,Delhi,1,4100.1,4100.1,25.0,2642.3,258.42,No,Debit Card,Paid,Delivered
ORD103377,01/11/2025,CUST1254,Headphones,Electronics,East,Patna,1,3122.26,3122.26,30.0,2234.24,134.25,No,Net Banking,Paid,Delivered
ORD102754,2026-05-30,CUST1531,Office Chair,Furniture,North,Jaipur,1,8589.24,8589.24,0.0,5722.6,97.91,No,UPI,Failed,Delivered
ORD100991,2025-07-22,CUST1496,Mixer,Home Appliances,West,Mumbai,2,3986.6,7973.2,10.0,3455.02,312.38,No,Cash,Paid,Cancelled
ORD101451,2025-08-14,CUST1059,Office Chair,Furniture,North,Jaipur,1,8610.36,8610.36,5.0,6983.71,328.13,No,UPI,Paid,Delivered
ORD104285,2026-07-31,CUST1374,Desk,Furniture,Central,Bhopal,1,13451.98,13451.98,15.0,7900.27,252.12,Yes,UPI,Pending,Returned
ORD102556,2025-02-22,CUST1608,Bookshelf,Furniture,South,Chennai,1,6997.01,6997.01,10.0,5359.96,333.17,Yes,UPI,Pending,Returned
ORD101696,2026-04-17,CUST1570,T-Shirt,Fashion,West,Pune,3,895.37,2686.11,30.0,699.6,379.03,No,Cash,Paid,Delivered
ORD105428,2025-04-19,CUST1028,Mixer,Home Appliances,North,Jaipur,1,4254.63,4254.63,0.0,2808.49,94.9,No,Debit Card,Paid,Delivered
ORD104262,2025-03-15,CUST1796,Tablet,Electronics,East,Kolkata,1,24062.54,24062.54,25.0,15348.23,375.29,No,UPI,Pending,Delivered
ORD100663,2025-07-10,CUST1051,Tablet,Electronics,North,Delhi,2,19218.34,38436.68,10.0,"16,241.04",144.96,No,Net Banking,Failed,Delivered
ORD101533,2026-07-23,CUST1215,Smartwatch,Electronics,North,Lucknow,2,7803.5,15607.0,30.0,5047.8,108.7,No,Cash,Paid,Delivered
ORD100812,2026-05-07,CUST1217,Office Chair,Furniture,North,Jaipur,1,7653.66,7653.66,20.0,N/A,436.17,Yes,Debit Card,Paid,Returned
ORD104949,2025-02-16,CUST1529,Smartwatch,Electronics,South,Bengaluru,2,6740.39,13480.78,0.0,4674.89,339.18,No,UPI,Pending,Cancelled
 ORD104842 ,30/11/2025,CUST1066,Mixer,Home Appliances,South,Bengaluru,1,4322.6,4322.6,0.0,3776.9,288.69,No,Cash,Paid,Delivered
ORD101232,2026-02-11,CUST1732,Shoes,Fashion,East,Bhubaneswar,1,3184.63,3184.63,30.0,2063.58,418.85,No,Cash,Failed,Delivered
ORD100571,2026-03-09,CUST1153,Laptop,Electronics,West,Mumbai,4,21521.78,86087.12,5.0,16810.98,389.08,Yes,UPI,Paid,Returned
ORD102986,2026-06-14,CUST1710,Microwave,Home Appliances,North,Delhi,3,12021.38,36064.14,10.0,8182.44,99.87,No,Cash,Paid,Cancelled
ORD103698,2026-07-05,CUST1248,Coffee Maker,Home Appliances,Central,Nagpur,1,5308.35,5308.35,30.0,3020.84,136.33,No,UPI,Pending,Cancelled
ORD104196,2025-08-29,CUST1005,Blender,Home Appliances,Central,Indore,1,3253.39,3253.39,0.0,2675.37,333.54,Yes,Debit Card,Failed,Returned
ORD105955,2025-05-14,CUST1655,Office Chair,Furniture,Central,Nagpur,1,8019.56,8019.56,20.0,5057.54,292.69,No,Net Banking, PAID ,Cancelled
ORD101194,2025-09-06,CUST1521,Smartwatch,Electronics,East,Bhubaneswar,3,7528.39,22585.17,30.0,5201.94,312.1,No,Cash,Paid,Delivered
 ORD105875 ,2026-05-08,CUST1484,Desk,Furniture,South,Hyderabad,4,11237.38,44949.52,15.0,7418.08,485.64,Yes,Cash,Pending,Returned
ORD100062,2026-01-12,CUST1289,Headphones,Electronics,South,Bengaluru,1,3329.32,3329.32,15.0,2540.78,302.56,No,Net Banking,Pending,Delivered
ORD104255,2026-05-27,CUST1505,Smartwatch,Electronics,South,Hyderabad,3,8042.35,24127.05,0.0,6362.94,304.31,Yes,UPI,Failed,Returned
ORD100387,2025-12-22,CUST1440,Smartphone,Electronics,South,Bengaluru,5,31049.28,155246.4,25.0,18545.2,368.77,No,UPI,Failed,Delivered
ORD102741,2025-12-09,CUST1218,Headphones,Electronics,North,Delhi,5,3454.5,17272.5,15.0,2594.43,unknown,No,Net Banking,Pending,Delivered
ORD105393,2025-07-10,CUST1571,Tablet,Electronics,West,Pune,2,23520.63,47041.26,10.0,13714.11,205.05,No,Cash,Paid,Delivered
ORD101945,2026-07-24,CUST1668,Office Chair,Furniture,North,Lucknow,1,9076.86,9076.86,30.0,7628.03,251.61,No,UPI,Pending,Cancelled
ORD102821,2026-02-08,CUST1214,Blender,Home Appliances,East,Patna,5,3419.51,17097.55,30.0,2352.37,120.8,No,Cash,Paid,Delivered
ORD100431,2025-07-02,,Desk,Furniture,Central,Nagpur,4,11589.38,46357.52,5.0,9364.5,392.29,No,Credit Card,Paid,Delivered
ORD101724,2026-01-12,CUST1313,Mixer,Home Appliances,Central,Nagpur,1,4498.78,4498.78,30.0,3362.15,119.04,Yes,Cash,Paid,Returned
ORD100446,2026-04-17,CUST1056,Jacket,Fashion,North,Delhi,2,4141.57,8283.14,30.0,2326.51,497.39,No,Net Banking,Paid,Delivered
ORD105412,2025-08-28,CUST1537,Office Chair,Furniture,South,Bengaluru,1,8251.43,8251.43,0.0,,470.97,No,UPI,Pending,Cancelled
ORD103077,2026-06-18,CUST1003,Smartwatch,Electronics,South,Chennai,2,7664.87,15329.74,30.0,6565.9,107.22,No,Debit Card,Pending,Cancelled
ORD104812,2026-01-18,CUST1474,Jacket,Fashion,East,Kolkata,3,4488.0,13464.0,30.0,2604.25,483.24,No,Cash,Failed,Delivered
ORD101168,2025-06-29,CUST1012,Jacket,Fashion,South,Hyderabad,1,5173.24,5173.24,15.0,3164.3,305.22,No,Cash,Pending,Delivered
ORD105691,2025-04-15,CUST1338,Jacket,Fashion,West,Pune,1,4373.63,4373.63,25.0,3830.73,61.47,No,Net Banking,Paid,Delivered
ORD104918,2025-02-06,CUST1324,Tablet,Electronics,North,Delhi,1,25286.27,25286.27,10.0,22126.85,381.98,No,Credit Card,Pending,Delivered
ORD100152,2025-08-18,CUST1712,Desk,Furniture,West,Pune,2,12068.62,24137.24,5.0,9304.53,72.17,No,Debit Card,Pending,Cancelled
ORD104134,2025-02-11,CUST1170,Smartphone,Electronics,North,Delhi,1,28569.94,28569.94,10.0,19091.64,480.84,No,UPI,Pending,Delivered
ORD105017,2025-06-07,CUST1553,Smartwatch,Electronics,Central,Nagpur,1,6789.53,6789.53,0.0,5579.75,284.87,No,Credit Card,Pending,Cancelled
ORD104510,2025-03-23,CUST1637,Backpack,Accessories,Central,Bhopal,1,1863.56,1863.56,10.0,1099.65,421.9,No,Credit Card,Paid,Delivered
ORD103907,2026-05-20,CUST1095,Tablet,Electronics,North,Jaipur,2,19847.51,39695.02,20.0,11635.85,281.17,No,Cash,Pending,Delivered
ORD100507,2025-07-30,CUST1365,smartphone,Electronics,North,Delhi,1,3339.31,3339.31,15.0,2100.7,54.9,No,Net Banking,Paid,Delivered
ORD100160,2025-04-27,CUST1482,Blender,Home Appliances,North,Delhi,3,3358.44,10075.32,25.0,2040.91,271.18,No,Credit Card,Pending,Delivered
ORD103159,2025-01-02,CUST1513,Coffee Maker,Home Appliances,South,Hyderabad,1,4712.03,4712.03,0.0,3033.26,429.16,No,Debit Card,Pending,Delivered
ORD101867,2026-06-14,CUST1301,Microwave,Home Appliances,East,Kolkata,5,11035.92,55179.6,10.0,7523.36,327.57,No,Net Banking,Pending,Delivered
ORD102474,2025-07-19,CUST1217,Blender,Home Appliances,South,Hyderabad,5,2910.41,14552.05,10.0,2249.57,213.29,No,Credit Card,Failed,Cancelled
ORD105872,2026-05-26,CUST1456,Smartphone,Electronics,Central,Nagpur,3,26860.94,80582.82,0.0,19006.28,434.82,Yes,Debit Card,Paid,Returned
ORD100712,2026-04-18,CUST1258,Backpack,Accessories,East,Patna,1,1983.84,1983.84,20.0,1607.67,201.45,No,Cash,Paid,Delivered
ORD102025,2025-09-05,CUST1696,Microwave,Home Appliances,Central,Nagpur,1,11637.59,11637.59,10.0,9818.36,48.73,No,Net Banking,Paid,Delivered
ORD104512,2026-01-22,CUST1075,Microwave,Home Appliances,Central,Nagpur,1,12481.26,12481.26,25.0,10932.76,268.02,No,Debit Card,Failed,Delivered
ORD102987,2025-12-02,CUST1005,Tablet,Electronics,South,Chennai,1,19762.79,19762.79,15.0,15439.44,337.88,No,Debit Card,Failed,Delivered
ORD105092,2026-03-30,CUST1231,Bookshelf,Furniture,East,Bhubaneswar,1,5561.93,5561.93,0.0,3942.53,485.26,Yes,Cash,Paid,Returned
ORD100828,2025-08-01,CUST1479,Shoes,Fashion,East,Patna,3,2787.31,8361.93,20.0,1650.0,223.34,Yes,Debit Card,Pending,Returned
ORD102055,2025-06-14,CUST1724,Smartphone,Electronics,South,Hyderabad,2,23848.77,47697.54,0.0,14848.13,45.17,No,Cash,Paid,Delivered
ORD104531,2025-10-22,CUST1089,Backpack,Accessories,South,Chennai,4,1781.45,N/A,15.0,1349.01,484.71,No,Debit Card,Paid,Cancelled
ORD101762,2025-07-09,CUST1612,Smartphone,Electronics,North,Lucknow,3,24057.24,72171.72,10.0,19190.81,152.61,Yes,Credit Card,Paid,Returned
ORD104477,2025-04-05,CUST1678,Bookshelf,Furniture,Central,Nagpur,4,7118.03,28472.12,10.0,5550.84,295.63,No,UPI,Paid,Cancelled
ORD102078,2026-07-05,CUST1796,Mixer,Home Appliances,North,Delhi,1,4729.76,4729.76,0.0,2846.83,453.15,No,Credit Card,Paid,Delivered
ORD101046,2025-11-27,CUST1259,Microwave,Home Appliances,Central,Bhopal,3,11473.73,34421.19,15.0,8006.61,431.59,No,Cash,Failed,Cancelled
ORD103506,2025-06-28,CUST1782,Desk,Furniture,West,Mumbai,1,13666.22,13666.22,15.0,7826.0,-50,No,Net Banking,Paid,Delivered
ORD100623,2025-07-21,CUST1330,T-Shirt,Fashion,Central,Indore,1,922.03,922.03,0.0,674.68,474.45,No,Cash,Pending,Delivered
ORD100918,2025-09-14,CUST1529,Tablet,Electronics,South,Bengaluru,2,20953.95,41907.9,5.0,16838.48,141.96,No,UPI,Failed,Delivered
ORD100208,2025-11-23,CUST1718,Office Chair,Furniture,North,Lucknow,1,10276.5,10276.5,10.0,8208.94,410.26,Yes,UPI,Paid,Returned
ORD102348,2025-06-25,CUST1793,Coffee Maker,Home Appliances,West,Pune,1,6312.88,6312.88,20.0,4584.32,48.74,No,Net Banking,Paid,Delivered
ORD100895,2026-03-21,CUST1596,Office Chair,Furniture,East,,2,7816.43,15632.86,10.0,5672.09,74.9,No,Net Banking,Paid,Delivered
ORD104739,2025-01-27,CUST1613,Coffee Maker,Home Appliances,South,Hyderabad,1,5318.27,5318.27,15.0,4017.74,296.02,No,Debit Card,Paid,Delivered
ORD105325,2026-04-02,CUST1447,Blender,Home Appliances,North,Lucknow,2,3347.51,6695.02,25.0,2009.87,227.07,No,Debit Card,Pending,Cancelled
ORD102063,2026-05-02,CUST1767,Blender,Home Appliances,Central,Indore,2,2615.42,5230.84,5.0,2263.11,40.57,No,Debit Card,Paid,Cancelled
ORD100797,2025-02-13,CUST1737,Smartwatch,Electronics,East,Bhubaneswar,2,6819.24,13638.48,25.0,5432.3,64.4,No,UPI,Paid,Delivered
ORD103102,2025-02-21,CUST1125,Headphones,Electronics,North,Jaipur,5,3967.87,19839.35,15.0,3055.78,383.98, YES ,Debit Card,Failed,Delivered
ORD103342,2026-04-04,CUST1145,Blender,Home Appliances,North,Jaipur,5,2972.52,14862.6,5.0,2106.81,498.21,No,Net Banking,Failed,Delivered
ORD101352,2026-05-06,CUST1433,Bookshelf,Furniture,North,Jaipur,1,7442.35,7442.35,15.0,5183.04,50.14,Yes,UPI,Paid,Returned
ORD103104,2026-02-05,CUST1751,Microwave,Home Appliances,North,Lucknow,1,10706.5,10706.5,10.0,6361.48,258.96,No,Debit Card,Failed,Delivered
ORD100646,2025-07-20,CUST1115,Tablet,Electronics,East,Patna,2,22564.99,45129.98,5.0,13653.93,95.73,No,Credit Card,Pending,Returned
ORD105742,2026-04-18,CUST1005, LAPTOP ,Electronics,North,Jaipur,2,6590.04,13180.08,30.0,4906.64,453.86,No,Credit Card,Paid,Delivered
ORD103904,2026-04-11,CUST1641,Desk,Furniture,North,Delhi,2,12575.75,25151.5,5.0,8991.77,350.1,Yes,UPI,Failed,Returned
ORD100368,2025-05-30,CUST1759,Blender,Home Appliances,West,Ahmedabad,1,3205.53,3205.53,20.0,2669.8,417.4,No,Net Banking,Paid,Delivered
ORD101941,2026-04-04,CUST1460,Jacket,Fashion,South,Bengaluru,1,4101.93,4101.93,5.0,2783.19,53.38,No,Net Banking,Failed,Delivered
ORD102622,2026-02-25,CUST1346,Laptop,Electronics,Central,Nagpur,2,49277.11,98554.22,30.0,39600.81,436.63,No, UPI ,Failed,Delivered
ORD103044,2025-03-04,CUST1356,Backpack,Accessories,South,Bengaluru,1,1719.53,1719.53,15.0,1143.0,333.72,No,UPI,Pending,Cancelled
ORD103446,2025-10-11,CUST1527,Smartphone,Electronics,East,Patna,5,25571.8,127859.0,5.0,14622.13,110.6,No,UPI,Paid,Cancelled
ORD104232,2025-04-05,CUST1101,Headphones,Electronics,Central,Bhopal,5,3363.14,16815.7,10.0,2893.64,478.3,No,Debit Card,Paid,Delivered
ORD104429,2025-03-06,CUST1575,T-Shirt,Fashion,Central,Nagpur,3,935.51,2806.53,5.0,697.29,274.34,No,Cash,Pending,Cancelled
ORD101796,2026-05-13,CUST1537,Tablet,Electronics,West,Pune,2,23353.51,46707.02,25.0,18951.86,385.4,Yes,Net Banking,Failed,Returned
ORD101139,2026-02-06,CUST1257,Headphones,Electronics,Central,Bhopal,1,3331.89,3331.89,0.0,2649.19,343.32,No,Credit Card,Paid,Cancelled
ORD104703,2026-07-20,CUST1181,Tablet,Electronics,South,Chennai,1,24902.63,24902.63,20.0,16996.15,388.31,No,Net Banking,Failed,Cancelled
ORD101660,2025-12-26,CUST1791,Laptop,Electronics,South,Bengaluru,1,47763.21,47763.21,25.0,32583.25,59.82,No,UPI,Paid,Delivered
ORD103624,2026-02-28,CUST1016,Bookshelf,Furniture,Central,Bhopal,2,6375.06,12750.12,15.0,3598.43,382.86,No,Debit Card,Pending,Delivered
ORD104393,2026-06-29,CUST1699,Tablet,Electronics,South,Hyderabad,3,20164.9,60494.7,10.0,13442.04,407.39,No,Net Banking,Paid,Delivered
ORD101342,2026-01-11,CUST1716,Mixer,Home Appliances,East,Patna,3,4105.95,12317.85,0.0,2834.69,449.65,No,Cash,Pending,Delivered
ORD105142,2025-10-24,CUST1689,Smartphone,Electronics,North,Delhi,2,31405.0,62810.0,15.0,21929.36,294.25,No,Debit Card,Failed,Delivered
ORD101383,2025-03-06,CUST1193,Desk,Furniture,South,Bengaluru,3,12518.39,37555.17,5.0,9251.75,308.8,No,Cash,Paid,Delivered
ORD102421,2026-07-09,CUST1779,T-Shirt,Fashion,East,Kolkata,1,1034.7,1034.7,30.0,775.32,387.36,No,Debit Card,Paid,Cancelled
ORD105668,2026-07-15,CUST1454,Blender,Home Appliances,West,Ahmedabad,4,3120.3,12481.2,30.0,2551.68,118.69,Yes,Debit Card,Paid,Returned
ORD101159,2026-06-26,CUST1126,Smartphone,Electronics,East,Kolkata,2,26554.78,53109.56,15.0,20471.84,47.89,No,Net Banking,Paid,Delivered
ORD103324,2025-03-22,CUST1007,Smartphone,Electronics,West,Pune,5,26383.36,131916.8,30.0,,197.24, YES ,Debit Card,Paid,Returned
ORD102823,2025-06-27,CUST1725,Smartphone,Electronics,South,Bengaluru,2,25274.9,50549.8,5.0,18939.76,395.28,Yes,Net Banking,Failed,Returned
ORD101137,2026-06-20,CUST1258,Bookshelf,Furniture,South,Hyderabad,5,5571.72,27858.6,25.0,4132.55,327.77,Yes,Net Banking,Pending,Returned
ORD105034,2025-10-21,CUST1771,Smartwatch,Electronics,East,Kolkata,3,6668.8,20006.4,30.0,4875.7,285.27,No,Net Banking,Failed,Delivered
ORD100234,2026-02-21,CUST1216,Headphones,Electronics,South,Hyderabad,5,3073.36,15366.8,15.0,2566.17,310.82,No,Debit Card,Paid,Delivered
ORD101434,2025-05-01,CUST1240,Mixer,Home Appliances,East,Kolkata,1,4558.82,4558.82,0.0,3943.49,111.7,No,Debit Card,Pending,Cancelled
ORD100813,2026-04-07,CUST1584,Bookshelf,Furniture,North,Jaipur,1,7236.1,7236.1,30.0,4766.21,234.83,No,Cash,Paid,Delivered
ORD104228,2025-10-09,CUST1154,Desk,Furniture,West,Pune,-1,11459.64,34378.92,25.0,6957.66,331.38,No,Cash,Failed,Cancelled
ORD105420,2025-05-19,CUST1413,Backpack,Accessories,South,Chennai,2,1989.94,3979.88,10.0,1637.41,280.7,No,Cash,Paid,Delivered
ORD105843,2026-06-22,CUST1734,Mixer,Home Appliances,South,Chennai,2,4509.95,9019.9,5.0,2871.47,363.89,No,Debit Card,Paid,Delivered
ORD102836,2025-07-26,CUST1361,Coffee Maker,Home Appliances,West,Pune,2,4901.71,9803.42,25.0,3918.15,229.72,Yes,UPI,Failed,Returned
ORD101286,2025-01-29,CUST1669,Microwave,Home Appliances,West,Pune,5,10147.52,50737.6,5.0,6532.76,312.03,No,Debit Card,Paid,Cancelled
ORD105643,2026-01-26,CUST1528,Coffee Maker,Home Appliances,West,Pune,1,5381.66,5381.66,30.0,2967.97,40.96,No,UPI,Paid,Cancelled
ORD100473,2026-07-01,CUST1631,Mixer,Home Appliances,North,Jaipur,1,3622.29,3622.29,20.0,2992.21,363.99,No,Credit Card,Pending,Delivered
ORD102167,2025-06-22,CUST1130,Smartphone,Electronics,Central,Indore,2,28169.76,56339.52,0.0,20389.21,172.5,No,Debit Card,Paid,Delivered
ORD100612,2025-08-28,CUST1692,Bookshelf,Furniture,west,Patna,1,6465.86,6465.86,10.0,4422.12,486.4,Yes,UPI,Paid,Returned
ORD104016,2025-05-27,CUST1586,Coffee Maker,Home Appliances,Central,Indore,1,4924.37,4924.37,10.0,3458.41,271.61,No,Cash,Paid,Delivered
ORD100049,2025-04-15,CUST1099,Coffee Maker,Home Appliances,North,Lucknow,1,5655.32,5655.32,30.0,3843.84,421.42,No,UPI,Failed,Delivered
ORD100461,2025-04-30,CUST1609,Jacket,Fashion,South,Bengaluru,1,4648.25,4648.25,10.0,2690.1,132.99,No,Net Banking,Paid,Delivered
ORD101613,2025-12-18,CUST1163,Tablet,Electronics,West,Ahmedabad,1,22588.02,22588.02,25.0,17099.28,110.24,Yes,Net Banking,Paid,Returned
ORD100741,2026-01-26,CUST1676,Shoes,Fashion,Central,Nagpur,1,2846.47,2846.47,30.0,2356.91,145.1,No,Credit Card,Paid,Delivered
ORD103059,2026-04-07,CUST1500,Smartphone,Electronics,East,Patna,-1,31026.88,93080.64,20.0,17849.79,194.94,No,UPI,Paid,Cancelled
ORD101911,2026-05-03,CUST1487,Microwave,Home Appliances,East,Kolkata,5,11067.05,55335.25,25.0,8478.49,58.46,No,Cash,Pending,Delivered
ORD103827,2026-07-05,CUST1677,Microwave,Home Appliances,North,Lucknow,2,10621.05,21242.1,5.0,8493.49,466.86,No,UPI,Paid,Delivered
ORD103867,2025-03-02,CUST1170,Office Chair,Furniture,North,Lucknow,2,8322.61,16645.22,15.0,7258.71,400.32,Yes,Credit Card,Pending,Returned
ORD103586,2025-03-11,CUST1455,Mixer,Home Appliances,North,Jaipur,3,4005.38,12016.14,10.0,3238.72,376.8,No,Credit Card,Failed,Delivered
ORD100559,2026-03-19,CUST1759,Backpack,Accessories,Central,Nagpur,1,1913.63,1913.63,5.0,1131.58,215.74,Yes,Debit Card,Paid,Returned
ORD101456,2025-09-06,CUST1631,Office Chair,Furniture,North,Delhi,1,10032.08,10032.08,25.0,7326.89,478.64,No,Credit Card,Paid,Delivered
ORD104652,2025-11-11,CUST1134,Tablet,Electronics,West,Ahmedabad,3,21907.8,65723.4,30.0,12680.22,246.37,No,Cash,Paid,Delivered
ORD103612,2026-04-05,CUST1365,Bookshelf,Furniture,Central,Bhopal,2,5980.79,11961.58,25.0,4578.77,374.89,No,UPI,Paid,Cancelled
ORD105047,2025-08-02,CUST1193,Microwave,Home Appliances,Central,,1,12514.16,12514.16,0.0,9851.46,469.67,No,Cash,Failed,Delivered
ORD103423,2025-01-04,CUST1707,Tablet,Electronics,West,Pune,3,24424.18,73272.54,5.0,21235.41,462.29,Yes,Net Banking,Failed,Returned
ORD101328,2026-01-25,CUST1343,Microwave,Home Appliances,East,Kolkata,1,11206.92,11206.92,0.0,7772.36,226.78,No,Credit Card,Paid,Delivered
ORD100257,2026-03-10,CUST1331,Mixer,Home Appliances,West,Ahmedabad,4,4416.27,17665.08,15.0,3824.8,473.65,No,Cash,Paid,Cancelled
ORD105997,2025-12-30,CUST1015,Laptop,Electronics,Central,Bhopal,1,61264.22,61264.22,30.0,52204.18,466.93,No,Cash,Paid,Delivered
ORD103443,2026-01-15,CUST1799,Laptop,Electronics,Central,Indore,3,55893.96,167681.88,5.0,44142.75,430.08,No,Debit Card,Paid,Cancelled
ORD102060,2026-04-06,CUST1769,Bookshelf,Furniture,West,Ahmedabad,1,6530.5,6530.5,20.0,3879.3,462.29,No,Credit Card,Failed,Delivered
ORD100138,2025-02-22,CUST1304,Shoes,Fashion,North,Delhi,2,2828.59,5657.18,0.0,2199.35,351.2,No,UPI,Paid,Cancelled
 ORD103568 ,2026-01-24,CUST1588,Mixer,Home Appliances,North,Jaipur,3,4529.03,13587.09,25.0,3395.02,45.12,No,UPI,Pending,Delivered
ORD100082,2025-02-24,CUST1476,Laptop,Electronics,Central,Bhopal,4,62360.91,249443.64,5.0,39870.18,N/A,No,Net Banking,Paid,Delivered
ORD105427,2026-04-05,CUST1541,Jacket,Fashion,Central,Indore,2,5135.02,10270.04,25.0,3617.52,46.36,Yes,Net Banking,Paid,Returned
ORD105551,2026-01-27,CUST1564,Bookshelf,Furniture,East,Kolkata,2,6039.7,12079.4,30.0,4943.41,180.64,No,Cash,Pending,Delivered
ORD105917,2025-05-25,CUST1354,Microwave,Home Appliances,North,Jaipur,5,12494.95,62474.75,30.0,8407.18,180.98,No,UPI,Pending,Cancelled
ORD100002,2026-07-17,CUST1567,Laptop,Electronics,East,Kolkata,1,53347.71,53347.71,15.0,46483.96,147.07,Yes,Debit Card,Failed,Returned
ORD102496,2026-06-18,CUST1422,Microwave,Home Appliances,South,Chennai,3,12317.91,36953.73,20.0,9562.41,215.49,Yes,Credit Card,Failed,Returned
ORD102924,2026-06-26,CUST1107,Blender,Home Appliances,Central,Nagpur,5,3389.24,16946.2,25.0,1921.31,427.75,No,UPI,Pending,Delivered
ORD104894,2025-02-23,CUST1036,Backpack,Accessories,North,Delhi,1,1746.05,1746.05,30.0,1311.67,203.29,No,Cash,Paid,Cancelled
ORD101925,2025-08-22,CUST1624,Blender,Home Appliances,South,Chennai,5,3377.09,16885.45,0.0,2551.49,107.68,No,UPI,Paid,Delivered
ORD100508,2025-01-27,CUST1732,Mixer,Home Appliances,North,Jaipur,1,3898.67,3898.67,10.0,2382.81,123.75,No,Debit Card,Paid,Cancelled
ORD105055,2026-05-19,CUST1674,Office Chair,Furniture,North,Lucknow,2,8774.28,17548.56,30.0,4937.44,192.97,No, UPI ,Paid,Delivered
ORD101766,2025-03-09,CUST1619,Backpack,Accessories,Central,Bhopal,1,1908.36,1908.36,10.0,1262.83,405.47,No,Net Banking,Failed,Cancelled
ORD104987,2025-11-19,CUST1326,Office Chair,Furniture,South,Bengaluru,5,8698.75,43493.75,25.0,5415.06,68.4,No,Debit Card,Paid,Cancelled
ORD102389,2025-08-04,CUST1113,Bookshelf,Furniture,East,Patna,2,6164.21,12328.42,25.0,4840.46,245.54,No,Debit Card,Pending,Delivered
ORD101672,2025-02-12,CUST1404,Mixer,Home Appliances,North,Delhi,5,4410.32,22051.6,0.0,3050.15,48.1,No,Net Banking,Failed,Delivered
ORD103531,2025-05-16,CUST1434,Mixer,Home Appliances,North,Jaipur,1,4131.07,4131.07,15.0,N/A,425.73,No,Net Banking,Failed,Cancelled
ORD102394,2025-10-02,CUST1381,Blender, Electronics ,West,Mumbai,4,2831.28,11325.12,30.0,1588.34,230.47,No,UPI,Pending,Delivered
ORD100576,2026-06-27,CUST1315,Tablet,Electronics,Central,Indore,1,22550.61,22550.61,20.0,18747.2,131.17,No,Net Banking,Paid,Delivered
ORD100168,2025-04-07,CUST1010,Mixer,Home Appliances,North,Jaipur,1,3698.71,3698.71,0.0,3185.09,412.09,Yes,,Pending,Returned
ORD105518,2026-07-03,CUST1218,Jacket,Fashion,South,Hyderabad,5,4881.18,24405.9,20.0,2740.42,52.32,No,Credit Card,Paid,Cancelled
ORD102385,2025-05-07,CUST1246,Backpack,Accessories,South,Chennai,5,1662.87,8314.35,10.0,1230.86,125.62,Yes,Debit Card,Paid,Returned
ORD103083,2026-03-08,CUST1716,Bookshelf,Furniture,North,Delhi,2,6681.2,13362.4,30.0,3826.95,445.89,No,Debit Card,Failed,Delivered
 ORD103012 ,2025-08-18,CUST1703,Microwave,Home Appliances,North,Jaipur,1,11462.98,11462.98,25.0,7762.18,345.21,Yes,Cash,Paid,Returned
ORD104857,2026-06-16,CUST1757,Coffee Maker,Home Appliances,North,Lucknow,2,5776.47,11552.94,10.0,4467.83,44.8,No,Credit Card,Pending,Delivered
ORD104976,2025-06-21,CUST1184,Backpack,Accessories,Central,Bhopal,4,2061.44,8245.76,20.0,1757.0,463.83,No,UPI,Paid,Delivered
ORD104642,2025-01-17,CUST1047,Smartphone,Electronics,East,Bhubaneswar,5,30930.55,154652.75,10.0,25048.63,442.7,No,Debit Card,Pending,Delivered
ORD104573,10/05/2026,CUST1061,Tablet,Electronics,Central,Bhopal,1,20614.75,20614.75,30.0,16172.13,148.48,No,Credit Card,Failed,Delivered
ORD102423,2025-01-16,CUST1691,Jacket,Fashion,South,Chennai,1,4103.14,4103.14,25.0,2678.66,402.2,Yes,Net Banking,Paid,Returned
ORD101039,2025-01-05,CUST1034,Mixer,Home Appliances,North,Delhi,2,4580.88,9161.76,30.0,3419.66,246.7,No,UPI,Pending,Cancelled
ORD104190,2025-08-26,CUST1138,Smartphone,Electronics,East,Bhubaneswar,2,31695.98,63391.96,15.0,22206.25,232.65,Yes,Credit Card,Failed,Returned
ORD102006,2026-03-24,CUST1718,Smartwatch,Electronics,East,Patna,2,7629.33,15258.66,20.0,6274.07,60.24,No,Credit Card,Paid,Delivered
ORD102918,2025-11-26,CUST1125,Mixer,Home Appliances,Central,Bhopal,1,3894.71,3894.71,15.0,2346.78,201.79,No,Debit Card,Paid,Delivered
ORD103335,2025-11-11,CUST1162,Laptop,Electronics,West,Mumbai,1,56845.57,56845.57,5.0,40721.96,467.25,No,UPI,Paid,Delivered
ORD103944,2025-09-30,CUST1478,Smartwatch,Electronics,West,Pune,1,6030.93,6030.93,20.0,3885.36,122.25,Yes,UPI,Paid,Returned
ORD101169,2025-02-26,CUST1109,Microwave,Home Appliances,West,Mumbai,1,9939.22,9939.22,10.0,8264.86,368.9,No,UPI,Failed,Delivered
ORD103205,2026-03-04,CUST1115,Mixer,Home Appliances,North,Jaipur,1,4583.72,4583.72,0.0,3200.74,235.22,No,Debit Card,Paid,Cancelled
ORD102919,2025-12-24,CUST1081,Shoes,Fashion,South,Chennai,3,3622.92,10868.76,15.0,2658.57,177.44,No,Debit Card,Paid,Delivered
ORD101295,2026-02-04,CUST1506,Coffee Maker,Home Appliances,South,Hyderabad,1,5934.77,5934.77,10.0,3641.63,304.39,No,Net Banking,Paid,Delivered
ORD104367,2025-09-27,CUST1515,Headphones,Electronics,West,Pune,2,3834.91,7669.82,5.0,2696.57,408.88,No,Net Banking,Paid,Delivered
ORD104731,2025-11-19,CUST1345, LAPTOP ,Fashion,North,Delhi,1,4998.77,4998.77,25.0,3127.85,271.52,No,Credit Card,Failed,Cancelled
ORD100876,2025-04-06,CUST1384,Coffee Maker,Home Appliances,West,Pune,2,4718.53,9437.06,0.0,3366.05,429.41,Yes,Credit Card,Pending,Delivered
ORD102952,12/07/2026,CUST1545,Desk,Furniture,Central,Indore,4,12737.43,50949.72,10.0,9215.91,395.23,No,Credit Card,Paid,Delivered
ORD100466,2026-02-12,CUST1189,Laptop,Electronics,South,Chennai,1,63015.18,63015.18,15.0,54226.29,326.68,No,UPI,Paid,Cancelled
ORD104189,2025-11-23,CUST1409,Mixer,Home Appliances,East,Kolkata,1,4076.33,4076.33,5.0,3340.15,385.2,No,UPI,Paid,Delivered
ORD101118,22/05/2026,CUST1521,Blender,Home Appliances,North,Lucknow,1,3320.67,3320.67,5.0,2593.43,42.8,No,UPI,Paid,Delivered
ORD104760,2026-03-09,CUST1744,Coffee Maker,Home Appliances,Central,Nagpur,1,6206.09,6206.09,5.0,4425.32,263.5,No,Debit Card,Paid,Delivered
ORD100385,2025-03-01,CUST1578,T-Shirt,Fashion,North,Delhi,2,772.52,1545.04,5.0,445.69,158.95,Yes,Debit Card,Pending,Returned
ORD105591,2025-04-16,CUST1685,Office Chair,Furniture,West,Mumbai,1,8614.36,8614.36,10.0,7532.2,377.94,Yes,Net Banking,Paid,Returned
ORD103302,2025-09-16,CUST1191,Smartwatch,Electronics,South,Chennai,2,7590.16,15180.32,15.0,4517.57,117.68,No,Cash,Paid,Delivered
ORD100926,2025-02-01,CUST1336,Tablet,Electronics,South,Hyderabad,3,19484.43,58453.29,25.0,11714.84,403.05,No,Credit Card,Pending,Cancelled
ORD102851,2025-04-17,CUST1378,Headphones,Electronics,East,Patna,2,3549.03,7098.06,20.0,2947.4,365.58,No,Credit Card,Paid,Delivered
ORD105707,2025-07-16,CUST1660,Desk,Furniture,Central,Bhopal,2,11898.0,23796.0,20.0,7952.08,111.81,No,Net Banking,Failed,Delivered
ORD103007,2025-03-11,CUST1234,Tablet,Electronics,West,Pune,1,20129.77,20129.77,0.0,12664.0,459.33,No,Credit Card,Pending,Cancelled
ORD101882,2025-09-15,CUST1388,Laptop,Electronics,East,Kolkata,1,54878.96,54878.96,20.0,30299.22,112.88,No,Net Banking,Paid,Delivered
ORD100118,2026-06-20,CUST1378,Mixer,Home Appliances,Central,Indore,5,4541.36,22706.8,25.0,3292.56,48.22,,Cash,Paid,Cancelled
ORD104779,2025-12-05,CUST1678,Laptop,Electronics,Central,Bhopal,1,59445.93,59445.93,10.0,33250.38,289.67,No,UPI,Failed,Cancelled
 ORD100637 ,2026-03-17,CUST1617,Headphones,Electronics,North,Jaipur,4,3475.97,13903.88,0.0,2923.74,239.59,No,UPI,Pending,Delivered
ORD103660,2025-03-01,CUST1473,Backpack,Accessories,West,Ahmedabad,1,1978.1,1978.1,15.0,1516.98,242.8,No,UPI,Failed,Delivered
ORD103985,2025-10-09,CUST1673,Coffee Maker,Home Appliances,Central,Bhopal,5,5598.86,27994.3,15.0,4202.3,424.31,No,UPI,Paid,Delivered
ORD101717,2025-02-02,CUST1408,Smartphone,Home appliance,South,Bengaluru,3,25015.76,75047.28,15.0,17307.51,370.93,No,Net Banking,Failed,Delivered
ORD105586,2026-07-03,CUST1591,Smartwatch,Electronics,East,Patna,3,7310.51,21931.53,25.0,4869.53,288.44,No,UPI,Paid,Delivered
ORD102697,2025-06-24,CUST1261,Tablet,Electronics,South,Bengaluru,1,24029.12,N/A,10.0,18269.37,389.21,No,UPI,Paid,Delivered
ORD105831,2026-03-16,CUST1184,Tablet,Electronics,Central,Bhopal,1,19868.96,19868.96,15.0,15765.14,127.5,No,UPI,Failed,Cancelled
ORD102147,2025-06-28,CUST1573,Bookshelf,Furniture,West,Mumbai,1,6080.88,6080.88,10.0,4904.37,247.81,No,Net Banking,Paid,Delivered
ORD103712,2026-01-12,CUST1081,Coffee Maker,Home Appliances,Central,Bhopal,4,5416.63,21666.52,25.0,4006.84,484.98,No,Debit Card,Pending,Cancelled
ORD103394,2025-08-19,CUST1210,Desk,Furniture,West,Pune,5,10250.27,51251.35,25.0,8464.96,183.73,Yes,UPI,Paid,Returned
ORD101210,2025-04-17,CUST1575,Desk,Furniture,Central,Bhopal,4,10502.05,42008.2,25.0,6556.11,228.96,No,Debit Card,Paid,Delivered
ORD103368,2025-04-16,CUST1394,Shoes,Fashion,South,Chennai,1,2773.92,2773.92,25.0,1897.69,285.38,No,UPI,Failed,Delivered
ORD100666,2025-10-06,CUST1521,Smartwatch,Electronics,North,Jaipur,3,6380.89,19142.67,0.0,"4,451.93",421.54,No,Credit Card,Paid,Delivered
ORD103467,2026-05-11,CUST1541,Microwave,Home Appliances,North,Jaipur,3,11242.1,33726.3,15.0,6340.73,425.44,Yes,Debit Card,Paid,Returned
ORD100287,2026-01-22,CUST1778,T-Shirt,Fashion,North,Jaipur,2,816.25,1632.5,15.0,562.8,199.4,No,UPI,Paid,Delivered
ORD105307,2026-03-22,CUST1677,Blender,Home Appliances,West,Pune,4,3137.73,12550.92,10.0,2312.23,375.75,No,UPI,Pending,Delivered
ORD101568,2026-04-08,CUST1430,Jacket,Fashion,West,Mumbai,4,5019.74,20078.96,0.0,3415.11,277.95,No,Credit Card, PAID ,Delivered
ORD102372,2026-01-27,CUST1246,Shoes,Fashion,East,Bhubaneswar,5,3495.77,17478.85,10.0,2360.46,406.55,No,Debit Card,Paid,Cancelled
ORD105614,2025-10-10,CUST1205,Bookshelf,Furniture,North,Delhi,1,6338.75,6338.75,20.0,4181.94,41.36,No,Cash,Paid,Delivered
ORD103780,2026-03-11,CUST1650,T-Shirt,Fashion,South,Bengaluru,1,806.74,806.74,5.0,616.11,481.08,No,Net Banking,Paid,Delivered
ORD103128,2025-11-01,CUST1246,Blender,Home Appliances,West,Pune,1,2625.93,2625.93,15.0,2250.75,173.43,No,Debit Card,Failed,Delivered
ORD105100,2025-03-04,CUST1492,Blender,Home Appliances,North,Jaipur,3,2589.35,7768.05,15.0,1692.5,327.97,No,Net Banking,Paid,Cancelled
ORD103300,2025-08-17,CUST1691,Mixer,Home Appliances,North,Delhi,4,4796.13,19184.52,30.0,3773.95,-50,No,Net Banking,Pending,Cancelled
ORD101200,2025-10-12,CUST1392,Blender,Home Appliances,North,Jaipur,4,3296.47,13185.88,10.0,1872.25,342.06,No,UPI,Failed,Cancelled
ORD101636,2026-06-22,CUST1176,Smartphone,Electronics,East,Kolkata,5,27986.21,139931.05,0.0,18088.33,265.26,Yes,Debit Card,Paid,Returned
ORD102625,2026-07-30,CUST1346,Mixer,Home Appliances,East,Patna,5,4016.17,20080.85,15.0,2325.43,484.82,No,Credit Card,Paid,Delivered
ORD105249,2026-04-15,CUST1026,Backpack,Accessories,South,Bengaluru,5,1960.28,9801.4,10.0,1647.09,190.89,No,UPI,Paid,Delivered
ORD105044,2025-05-17,CUST1724,Jacket,Fashion,West,Mumbai,1,4370.25,4370.25,10.0,2844.23,173.01,No,UPI,Paid,Delivered
ORD105637,2026-04-01,CUST1078,Office Chair,Furniture,West,Pune,1,9820.54,9820.54,0.0,5714.12,266.5,,Credit Card,Paid,Delivered
ORD101848,2025-02-02,CUST1603,smartphone,Furniture,North,Jaipur,4,13480.21,53920.84,10.0,9304.59,205.66,No,Net Banking,Failed,Delivered
ORD103204,2026-01-08,CUST1735,Microwave,Home Appliances,South,Bengaluru,1,12602.49,12602.49,20.0,8273.35,346.79,Yes,UPI,Paid,Returned
ORD103626,2026-02-27,CUST1167,Jacket,Fashion,North,Delhi,1,4068.76,4068.76,15.0,2255.37,44.11,No, UPI ,Paid,Cancelled
ORD101982,2025-09-10,CUST1141,T-Shirt,Fashion,West,Pune,1,914.09,914.09,10.0,571.77,160.85,Yes,UPI,Failed,Returned
ORD102467,2025-05-20,CUST1314,Smartwatch,Electronics,North,Lucknow,1,7863.09,7863.09,20.0,6222.61,165.42,No,Debit Card,Paid,Delivered
ORD105492,2026-06-28,CUST1645,Office Chair,Furniture,Central,Indore,3,10072.27,30216.81,10.0,"7,872.78",404.71,Yes,Cash,Paid,Returned
ORD102760,2025-09-26,CUST1296,laptop,Furniture,North,Delhi,2,9543.76,19087.52,30.0,5899.49,-50,No,UPI,Failed,Delivered
ORD100455,2025-07-30,CUST1045,Tablet,Electronics,West,Mumbai,3,23021.19,69063.57,0.0,17565.77,111.66,No,Credit Card,Failed,Delivered
ORD103676,2026-03-16,CUST1569,Shoes,Fashion,West,Mumbai,2,2798.01,5596.02,15.0,1957.71,406.29,No,Net Banking,Failed,Delivered
ORD102979,2025-12-16,CUST1442,Jacket,Fashion,West,Pune,4,4328.51,17314.04,25.0,2598.13,154.66,No,Debit Card,Pending,Cancelled
ORD104699,2026-07-30,CUST1274,Laptop,Electronics,West,Ahmedabad,1,62962.5,62962.5,0.0,36972.46,201.33,No,Cash,Paid,Delivered
ORD105899,2025-08-16,CUST1589,Shoes,Fashion,South,Hyderabad,5,2768.79,13843.95,20.0,2342.7,56.6,No,Net Banking,Paid,Delivered
ORD100392,2025-11-22,CUST1008,Coffee Maker,Home Appliances,East,Kolkata,2,5636.48,11272.96,0.0,3695.33,259.17,No,Debit Card,Paid,Delivered
ORD101745,2026-07-05,CUST1643,Smartphone,Electronics,West,Mumbai,1,31682.67,31682.67,25.0,22001.25,433.52,Yes,Credit Card,Paid,Returned
ORD102595,2025-06-09,CUST1142,Coffee Maker,Home Appliances,South,Bengaluru,1,5644.33,5644.33,0.0,4295.19,173.88,No,Credit Card,Pending,Delivered
ORD104653,2025-02-17,CUST1611,Coffee Maker,Home Appliances,North,Lucknow,2,6151.38,12302.76,0.0,3931.4,94.37,Yes,Credit Card,Failed,Returned
ORD102693,2026-03-28,CUST1541,Smartwatch,Electronics,Central,Indore,2,6082.23,12164.46,20.0,3411.13,371.93,No,UPI,Pending,Delivered
ORD101413,2025-01-10,CUST1747,Microwave,Home Appliances,Central,Nagpur,4,9626.29,38505.16,5.0,,289.77,No,UPI,Failed,Delivered
ORD101166,2025-03-06,CUST1218,T-Shirt,Fashion,South,Hyderabad,5,886.97,4434.85,15.0,709.03,247.61,No,Debit Card,Paid,Cancelled
ORD105913,2026-04-12,CUST1348,Bookshelf,Furniture,Central,Nagpur,3,5953.9,17861.7,0.0,4979.3,333.24,No,UPI,Paid,Cancelled
ORD105489,2025-10-10,CUST1591,Laptop,Electronics,West,Mumbai,4,48947.35,195789.4,5.0,40866.38,342.83,No,Debit Card,Paid,Delivered
ORD105097,2026-04-30,CUST1230,Laptop,Electronics,South,Chennai,4,48820.44,195281.76,0.0,38539.62,346.26,No,Cash,Paid,Delivered
ORD102516,2025-12-21,CUST1559,Backpack,Accessories,North,Lucknow,4,1540.23,6160.92,20.0,1216.9,444.6,No,Debit Card,Pending,Delivered
ORD102439,2026-06-11,CUST1001,smartphone,Home Appliances,West,Ahmedabad,2,2961.61,5923.22,25.0,2016.75,302.31,No,UPI,Pending,Delivered
ORD102529,2026-03-15,CUST1171,Mixer,Home Appliances,East,Kolkata,3,4116.54,12349.62,30.0,3600.23,96.62,No,Credit Card,Paid,Delivered
ORD103833,2025-09-02,CUST1090,Office Chair,Furniture,East,Bhubaneswar,4,9396.04,37584.16,20.0,5698.64,231.87,No,Cash,Paid,Delivered
ORD102476,2026-06-25,CUST1139,Laptop,Electronics,Central,Bhopal,1,49710.9,49710.9,15.0,34405.99,219.45,No,Net Banking,Paid,Delivered
ORD102562,2026-03-18,,Mixer,Home Appliances,West,Ahmedabad,1,3577.38,3577.38,25.0,2650.42,67.05,No,UPI,Failed,Delivered
ORD101939,2025-05-08,CUST1358,Coffee Maker,Home Appliances,South,Chennai,1,5787.75,5787.75,30.0,4523.43,47.6,Yes,Net Banking,Failed,Returned
ORD100563,2026-02-09,CUST1283,Microwave,Home Appliances,North,Jaipur,5,9498.04,47490.2,10.0,7208.23,453.55,No,Debit Card,Pending,Delivered
ORD101354,2025-12-10,CUST1176,Jacket,Fashion,West,Mumbai,2,3873.1,7746.2,0.0,2974.91,293.57,No,Debit Card,Paid,Delivered
ORD100746,2025-11-03,CUST1339,Office Chair,Furniture,East,Patna,2,10070.56,20141.12,25.0,7168.73,158.54,No,Net Banking,Pending,Delivered
ORD100158,2026-04-07,CUST1134,Smartwatch,Electronics,South,Hyderabad,2,7904.25,15808.5,5.0,5755.18,328.86,No,Cash,Paid,Delivered
ORD100485,2026-04-04,CUST1330,Shoes,Fashion,West,Mumbai,5,2753.81,13769.05,25.0,2211.02,226.95,No,UPI,Failed,Delivered
ORD100347,2025-04-25,CUST1450,Mixer,Home Appliances,East,Patna,3,3680.31,11040.93,0.0,2308.88,198.74,Yes,Debit Card,Pending,Returned
ORD104005,2025-11-21,CUST1250,Laptop,Electronics,West,Pune,1,48114.87,48114.87,0.0,26633.08,101.39,No,Debit Card,Paid,Delivered
ORD101392,2025-05-01,CUST1069,Desk,Furniture,West,Bhubaneswar,4,13212.98,52851.92,10.0,11515.31,219.56,No,Debit Card,Paid,Delivered
ORD101560,02/05/2025,CUST1417,Jacket,Fashion,North,Lucknow,2,4705.35,9410.7,15.0,3181.79,494.23,No,Debit Card,Paid,Delivered
ORD101987,2025-10-20,CUST1655,T-Shirt,Fashion,West,Mumbai,1,808.69,808.69,10.0,641.44,374.25,No,Cash,Failed,Delivered
ORD104701,2025-11-24,CUST1626,Laptop,Electronics,North,Lucknow,1,51578.18,51578.18,15.0,40087.99,483.92,Yes,Credit Card,Failed,Returned
ORD104328,2025-01-06,CUST1189,Shoes,Fashion,South,Bengaluru,1,2842.58,2842.58,25.0,1805.69,333.35,no,upi,Failed,Cancelled
ORD100800,2026-06-05,CUST1024,Microwave,Home Appliances,South,Hyderabad,3,11495.31,34485.93,20.0,6912.86,220.29,No,Cash,Failed,Cancelled
 ORD104484 ,2026-05-01,CUST1766,Tablet,Electronics,East,Patna,3,23242.86,69728.58,25.0,14543.93,337.61,No,Credit Card,Paid,Delivered
ORD100640,2025-11-13,CUST1138,Mixer,Home Appliances,South,Hyderabad,1,3638.98,3638.98,5.0,2513.15,294.07,No,UPI,Paid,Cancelled
ORD100350,2026-05-07,CUST1137,Shoes,Fashion,South,Hyderabad,5,3521.19,17605.95,,3081.04,471.94,No,Cash,Failed,Delivered
ORD104913,2026-04-12,CUST1564,T-Shirt,Fashion,South,Bengaluru,2,851.34,1702.68,25.0,469.84,451.58,No,Debit Card,Paid,Delivered
ORD105610,2026-04-19,CUST1710,Coffee Maker,Home Appliances,West,Mumbai,1,6285.29,6285.29,20.0,3847.27,306.89,No,Cash,Failed,Delivered
ORD103986,2025-01-23,CUST1161,Microwave,Home Appliances,South,Chennai,5,9854.52,49272.6,5.0,8248.34,319.89,No,Cash,Paid,Delivered
ORD105705,2025-03-31,CUST1447,T-Shirt,Fashion,West,Mumbai,5,927.46,4637.3,25.0,737.81,360.0,No,Debit Card,Paid,Cancelled
ORD103943,2025-04-01,CUST1648,Blender,Home Appliances,North,Lucknow,2,2992.28,5984.56,0.0,2607.59,51.09,Yes,Net Banking,Paid,Returned
ORD102733,2026-01-01,CUST1491,T-Shirt,Fashion,South,Bengaluru,2,891.25,1782.5,25.0,653.51,148.09,No,Credit Card,Paid,Cancelled
ORD100586,2025-04-26,CUST1605,Backpack,Accessories,East,Bhubaneswar,2,1859.9,3719.8,30.0,1270.0,463.22,No,Cash,Paid,Delivered
ORD101288,2025-05-10,CUST1081,Headphones,Electronics,North,,1,3995.87,3995.87,25.0,,326.26,Yes,Debit Card,Paid,Returned
ORD105588,2026-03-04,CUST1043,T-Shirt,Fashion,Central,Bhopal,4,889.8,3559.2,30.0,627.98,445.39,No,Net Banking,Paid,Delivered
ORD105580,2026-01-27,CUST1627,Blender,Home Appliances,East,Patna,1,3234.86,3234.86,10.0,2802.77,242.62,No,Debit Card,Paid,Delivered
ORD104122,2025-06-26,CUST1222,T-Shirt,Fashion,South,Bengaluru,5,987.1,4935.5,20.0,615.34,160.17,No,Credit Card,Paid,Delivered
ORD105050,2025-06-10,CUST1314,Bookshelf,Furniture,North,Lucknow,1,6589.81,6589.81,15.0,4599.53,318.78,,Debit Card,Paid,Cancelled
ORD100020,2025-07-14,CUST1401,Backpack,Accessories,West,Mumbai,1,1539.76,1539.76,25.0,1012.21,383.39,No,Cash,Paid,Delivered
ORD104375,2025-04-02,CUST1329,Bookshelf,Furniture,West,Mumbai,2,5912.14,11824.28,15.0,3971.18,N/A,No,Credit Card,Pending,Delivered
ORD103888,2026-01-11,CUST1599,Smartwatch,Electronics,West,Mumbai,2,6435.6,12871.2,5.0,3816.84,219.78,,UPI,Paid,Cancelled
ORD102715,2026-02-13,CUST1689,Headphones,Electronics,South,Bengaluru,4,3638.96,14555.84,5.0,2670.8,449.17,No,Debit Card,Paid,Cancelled
ORD104847,2025-09-30,CUST1327,Shoes,Fashion,Central,Indore,5,2981.46,14907.3,20.0,2337.13,58.06,No,Credit Card,Paid,Delivered
ORD104788,2026-06-22,CUST1368,Smartwatch,Electronics,North,Jaipur,5,5998.78,29993.9,20.0,3956.46,49.27,No,Net Banking,Paid,Delivered
ORD105754,2025-05-30,CUST1163,Desk,Furniture,West,Pune,1,11883.35,11883.35,20.0,N/A,428.56,No,Cash,Paid,Delivered
ORD100545,2025-04-10,CUST1658,Tablet,Electronics,North,Delhi,1,24878.77,24878.77,5.0,21404.8,478.3,No,UPI,Failed,Delivered
ORD102628,2026-05-15,CUST1083,Desk,Furniture,Central,Nagpur,1,13798.9,13798.9,5.0,12096.17,484.76,No,Net Banking,Paid,Cancelled
ORD105764,2026-04-07,CUST1610,Tablet,Electronics,North,Jaipur,1,19250.28,19250.28,0.0,15965.97,323.25,No,Net Banking,Pending,Delivered
ORD103523,2025-01-23,CUST1284,Office Chair,Furniture,East,Kolkata,2,8804.69,17609.38,15.0,6681.15,345.5,Yes,Net Banking,Failed,Returned
ORD101158,2026-03-29,CUST1152,Coffee Maker,Home Appliances,South,Hyderabad,1,5098.09,5098.09,5.0,3984.89,268.22,No,Debit Card,Pending,Cancelled
ORD102592,2026-01-16,CUST1283,Laptop,Electronics,East,Bhubaneswar,4,50805.59,203222.36,30.0,30209.35,281.89,No,Cash,Pending,Cancelled
ORD104288,2025-03-19,CUST1275,Laptop,Electronics,North,Delhi,1,61249.34,61249.34,10.0,38036.75,499.61,No,UPI,Paid,Delivered
ORD104489,2025-11-21,CUST1738,Smartphone,Electronics,East,Patna,1,24635.41,24635.41,20.0,14185.96,269.14,No,Net Banking,Paid,Delivered
ORD104993,2025-06-07,CUST1332,Mixer,Home Appliances,West,Lucknow,2,4451.93,8903.86,15.0,3843.35,139.36,No,Net Banking,Paid,Cancelled
ORD105125,2025-12-05,CUST1389,Blender,Home Appliances,East,Bhubaneswar,1,3114.4,3114.4,30.0,2393.34,340.66,No,UPI,Paid,Cancelled
ORD103966,2025-09-10,CUST1488,Headphones,Electronics,South,Bengaluru,1,3147.65,3147.65,5.0,2278.44,319.52,Yes,Cash,Paid,Returned
ORD100009,2026-04-30,CUST1407,Blender,Home Appliances,South,Hyderabad,1,2945.4,2945.4,,1650.52,332.75,No,Net Banking,Paid,Cancelled
ORD105540,2025-03-29,CUST1101,Jacket,Fashion,East,Patna,1,3923.53,3923.53,10.0,2868.63,478.97,No,Cash,Pending,Delivered
ORD101577,2025-01-23,CUST1657,Shoes,Fashion,West,Ahmedabad,1,3659.6,3659.6,10.0,2795.49,457.81,No,Credit Card,Paid,Cancelled
ORD103230,2025-04-07,CUST1190,Backpack,Accessories,South,Bengaluru,1,1705.75,1705.75,0.0,1092.38,52.41,No,Cash,Paid,Cancelled
ORD105940,2025-12-17,CUST1631,Mixer,Home Appliances,West,Mumbai,3,4574.06,13722.18,10.0,2873.34,225.83,No,Debit Card,Failed,Delivered
ORD103608,2025-11-15,CUST1707,Bookshelf,Furniture,South,Bengaluru,5,6814.32,34071.6,5.0,4902.41,284.29,No,UPI,Pending,Delivered
ORD102270,2026-01-23,CUST1637,T-Shirt,Fashion,Central,Nagpur,3,967.81,2903.43,5.0,639.75,40.09,No,Debit Card,Paid,Cancelled
ORD105798,2025-03-19,CUST1647,Bookshelf,Furniture,East,Patna,1,7248.52,7248.52,30.0,6171.79,110.42,Yes,Cash,paid,Returned
ORD101776,2025-06-20,CUST1032,Office Chair,Furniture,West,Ahmedabad,1,10048.5,10048.5,30.0,6062.8,321.14,No,Net Banking,Paid,Delivered
ORD104513,2026-02-07,CUST1026,Blender,Home Appliances,East,Patna,4,2976.69,11906.76,10.0,2418.01,170.45,No,Net Banking,Pending,Cancelled
ORD101535,2026-04-29,CUST1108,Desk,Furniture,East,Kolkata,2,13310.75,26621.5,20.0,11438.78,125.99,No,UPI,Pending,Delivered
ORD104678,2026-02-13,CUST1464,Smartphone,Electronics,Central,Indore,4,26528.66,106114.64,25.0,19536.27,111.12,No,Credit Card,Paid,Delivered
ORD103492,2025-08-04,CUST1164,Mixer,Home Appliances,East,Kolkata,2,4685.42,9370.84,15.0,3373.76,202.36,No,UPI,Paid,Delivered
ORD100696,2025-06-15,CUST1597,Office Chair,Furniture,South,Bengaluru,4,9552.13,38208.52,0.0,7317.64,219.44,No,UPI,Failed,Cancelled
ORD100121,2025-08-30,CUST1002,Laptop,Electronics,West,Mumbai,1,56169.92,56169.92,30.0,40140.88,324.35,No,UPI,Paid,Delivered
ORD105506,2026-07-07,CUST1394,Smartwatch,Electronics,Central,Indore,5,6632.69,33163.45,5.0,5544.35,352.15,No,Net Banking,Failed,Delivered
ORD102525,2025-01-02,CUST1469,Smartphone,Electronics,South,Chennai,1,31321.58,31321.58,15.0,18167.87,305.54,Yes,UPI,Paid,Returned
ORD105854,2025-10-01,CUST1026,Laptop,Fashion,East,Bhubaneswar,3,4288.1,12864.3,10.0,3512.63,242.14,No,UPI,Paid,Delivered
ORD100239,2026-01-19,CUST1260,Coffee Maker,Home Appliances,North,Jaipur,4,6134.3,24537.2,10.0,4616.0,80.76,No,Debit Card,Paid,Delivered
ORD101759,2025-12-14,CUST1481,Blender,Home Appliances,Central,Bhopal,2,2847.77,5695.54,10.0,2264.81,205.49,No,Debit Card,Paid,Delivered
ORD102293,2025-07-19,CUST1236,Coffee Maker,Home Appliances,West,Mumbai,1,5185.91,5185.91,15.0,3187.46,396.85,No,Credit Card,Pending,Delivered
ORD100068,2025-08-17,CUST1270,Backpack,Accessories,South,Chennai,2,1734.78,3469.56,0.0,1378.4,304.26,No,Debit Card,Failed,Cancelled
ORD102173,2025-08-08,CUST1645,Jacket,Fashion,North,Lucknow,2,5078.78,10157.56,25.0,4068.28,319.36,No,UPI,Paid,Delivered
ORD100548,2025-08-22,CUST1032,Desk, Electronics ,North,Delhi,2,11052.47,22104.94,15.0,8887.37,329.88,No,Debit Card,Paid,Delivered
ORD102853,2026-01-02,CUST1777,Shoes,Fashion,South,Bengaluru,2,3225.85,6451.7,20.0,2081.88,109.68,No,Credit Card,Paid,Cancelled
ORD101792,2026-03-06,CUST1685,Laptop,Electronics,Central,Nagpur,5,58435.23,292176.15,20.0,50695.41,157.86,No,Net Banking,Failed,Cancelled
ORD103042,2026-04-15,CUST1389,Shoes,Fashion,West,Mumbai,3,2917.32,8751.96,0.0,1708.91,135.49,No,UPI,Failed,Delivered
ORD103461,2026-03-21,CUST1479,Bookshelf,Furniture,East,Patna,5,5697.41,28487.05,25.0,3949.92,367.97,No,UPI,Failed,Cancelled
ORD102265,2025-04-24,CUST1571,Backpack,Accessories,East,Bhubaneswar,2,1655.95,3311.9,5.0,1144.0,203.98,No,UPI,Paid,Delivered
ORD104769,2025-10-11,CUST1778,Bookshelf,Furniture,South,Hyderabad,5,6058.94,30294.7,0.0,5248.0,429.0,No,Credit Card,Failed,Delivered
ORD104685,2025-05-20,CUST1765,T-Shirt,Fashion,South,Bengaluru,1,769.72,769.72,0.0,448.71,382.95,Yes,Debit Card,Paid,Returned
ORD103463,2025-04-05,CUST1024,Laptop,Electronics,South,Chennai,2,47585.66,95171.32,15.0,37927.2,474.22,No,Net Banking,Pending,Delivered
ORD103991,2025-04-23,CUST1732,Coffee Maker,Home Appliances,East,Patna,5,5025.98,25129.9,0.0,2978.18,388.12,No,Cash,Pending,Delivered
ORD105568,2025-05-17,CUST1737,Smartwatch,Electronics,Central,Indore,4,7964.16,31856.64,5.0,5486.02,276.43,No,Debit Card,Paid,Delivered
ORD101108,2026-06-01,CUST1176,Jacket,Fashion,Central,Nagpur,5,3973.98,19869.9,25.0,2384.03,48.4,No,Credit Card,Pending,Delivered
ORD102941,2026-06-05,CUST1146,Smartwatch,Electronics,West,Ahmedabad,4,6303.11,25212.44,30.0,4890.57,211.49,Yes,Debit Card,Pending,Returned
ORD105617,2026-06-10,CUST1614,Smartwatch,Electronics,West,Ahmedabad,2,6036.44,12072.88,0.0,4009.87,164.92,No,Net Banking,Pending,Delivered
ORD100108,2025-12-19,CUST1571,Bookshelf,Furniture,South,Hyderabad,5,6628.18,33140.9,20.0,5250.78,279.78,No,UPI,Failed,Cancelled
ORD103567,2025-08-29,CUST1270,Smartphone,Electronics,Central,Indore,4,31823.22,127292.88,15.0,18099.32,293.02,No,Cash,Failed,Delivered
ORD101603,2025-04-30,CUST1428,Smartwatch,Electronics,North,Delhi,1,7139.86,7139.86,20.0,6125.08,371.09,Yes,UPI,Pending,Returned
ORD103544,2026-05-25,CUST1586,Tablet,Electronics,West,Mumbai,3,23431.01,70293.03,30.0,13284.14,292.78,Yes,UPI,Failed,Returned
ORD100546,2026-03-17,CUST1172,Mixer,Home Appliances,South,Hyderabad,3,4010.4,12031.2,25.0,3157.78,52.94,No,Debit Card,Paid,Delivered
ORD100923,2025-08-22,CUST1141,Laptop,Electronics,North,Jaipur,3,62779.49,188338.47,5.0,48529.67,297.55,No,Debit Card,Paid,Delivered
ORD103928,2026-07-18,CUST1180,Desk,Furniture,North,Jaipur,2,12228.95,24457.9,20.0,9384.15,107.74,No,UPI,Paid,Delivered
ORD100274,2025-11-13,CUST1212,Mixer,Home Appliances,North,Lucknow,2,4228.36,8456.72,20.0,3334.62,132.26,No,Debit Card,Pending,Delivered
ORD103509,2026-05-15,CUST1667, LAPTOP ,Electronics,West,Ahmedabad,1,24619.92,24619.92,10.0,19274.26,441.11,No,Credit Card,Failed,Delivered
ORD105459,2025-06-29,CUST1478,Smartphone,Electronics,South,Chennai,3,27526.74,82580.22,15.0,18008.22,110.1,No,Cash,Paid,Delivered
ORD103380,2025-08-24,CUST1323,Microwave,Home Appliances,East,Patna,2,11892.76,23785.52,25.0,7761.21,160.5,No,UPI,Pending,Delivered
ORD104433,2025-09-04,CUST1549,Backpack,Accessories,West,Mumbai,1,1568.82,1568.82,5.0,954.06,99.8,No,UPI,Paid,Cancelled
ORD105447,2025-02-26,CUST1422,Mixer,Home Appliances,North,Delhi,3,4360.05,13080.15,20.0,3241.46,224.22,No,Debit Card,Pending,Delivered
ORD104087,2025-04-18,CUST1337,Laptop,Electronics,South,Hyderabad,1,51697.75,51697.75,5.0,32284.23,168.43,No,Net Banking,Paid,Delivered
ORD103557,2025-04-21,CUST1752,Mixer,electronics,East,Bhubaneswar,4,4819.14,19276.56,0.0,3676.67,495.16,Yes,Net Banking,Paid,Returned
ORD100270,2026-02-07,CUST1109,Backpack,Accessories,Central,Indore,2,1844.08,3688.16,10.0,1357.05,,No,Credit Card,Failed,Delivered
ORD101084,2026-05-19,CUST1527,Desk,Furniture,Central,Nagpur,5,10978.44,54892.2,5.0,8619.6,209.24,No,UPI,Pending,Delivered
ORD102180,2025-10-27,CUST1436,Desk,Furniture,North,Mumbai,2,11347.76,22695.52,20.0,7847.6,363.34,No,Credit Card,Failed,Cancelled
ORD100820,2026-02-05,CUST1306,Headphones,Electronics,South,Hyderabad,1,3720.43,3720.43,15.0,2535.91,456.02,No,Cash,Failed,Delivered
ORD102800,2026-03-23,CUST1177,Microwave,Home Appliances,East,Patna,2,11486.54,22973.08,0.0,9042.36,460.45,No,Debit Card,Paid,Delivered
ORD100943,2025-08-08,CUST1595,Jacket,Fashion,North,Lucknow,2,5030.27,10060.54,10.0,3102.43,164.31,No,Net Banking,Paid,Delivered
ORD103746,2026-02-19,CUST1574,Mixer,Home Appliances,South,Bengaluru,3,3807.49,11422.47,20.0,2195.18,478.52,No,UPI,Paid,Delivered
ORD103713,2026-01-17,CUST1377,Microwave,Home Appliances,East,Kolkata,1,11917.1,11917.1,30.0,8155.51,124.45,No,Debit Card,Paid,Delivered
ORD102193,2025-03-22,CUST1229,T-Shirt,Fashion,East,Patna,1,923.43,923.43,15.0,796.94,232.54,No,Credit Card,Pending,Delivered
ORD100566,2025-01-20,CUST1255,Smartphone,Electronics,North,Delhi,1,31631.04,31631.04,30.0,23653.32,197.17,No,Cash,Paid,Delivered
ORD104322,2026-05-17,CUST1585,Office Chair,Furniture,Central,Bhopal,2,8193.99,16387.98,0.0,6658.93,448.67,No,UPI,Paid,Delivered
ORD101879,2026-07-03,CUST1392,Office Chair,Furniture,South,Bengaluru,4,9511.62,38046.48,25.0,6112.84,486.62,No,Cash,Pending,Delivered
ORD105836,2025-11-14,CUST1767,Laptop,Electronics,South,Hyderabad,5,49995.71,249978.55,20.0,30314.19,62.16,No,Debit Card,Paid,Delivered
ORD105786,2025-06-04,CUST1645,Jacket,Fashion,North,Lucknow,1,4521.71,4521.71,25.0,2584.08,323.95,No,Cash,Paid,Delivered
ORD101705,2026-01-19,CUST1364,Bookshelf,Furniture,North,Jaipur,4,6950.66,27802.64,25.0,4980.33,208.77,No,Debit Card,Paid,Delivered
ORD101666,2025-08-28,CUST1060,Microwave,Home Appliances,West,,2,10323.38,20646.76,20.0,6790.76,151.74,No,Credit Card,Failed,Cancelled
ORD104621,2026-03-13,CUST1262,Office Chair,Furniture,Central,Indore,1,7721.38,7721.38,15.0,6140.77,117.65,No,Cash,Failed,Cancelled
ORD101873,2025-07-18,CUST1036,Backpack,Accessories,West,Ahmedabad,5,1869.46,9347.3,20.0,1195.78,318.9,No,Credit Card,Paid,Delivered
ORD101592,2025-04-08,CUST1279,Backpack,Accessories,South,Chennai,1,1771.6,1771.6,5.0,1275.54,375.46,Yes,UPI,Paid,Returned
ORD101329,2025-06-15,CUST1017,Shoes,Fashion,East,Bhubaneswar,1,2826.08,2826.08,15.0,2007.63,234.13,Yes,Debit Card,Failed,Returned
ORD104878,2025-05-31,CUST1161,Smartphone,Electronics,West,Pune,5,30962.51,154812.55,5.0,21431.82,98.54,No,Debit Card,Paid,Delivered
ORD103071,2025-01-03,CUST1616,Blender,Home Appliances,Central,Bhopal,1,3164.16,3164.16,10.0,2435.49,234.62,Yes,Net Banking,Paid,Returned
ORD102511,2025-12-29,CUST1296,Bookshelf,Furniture,South,Chennai,1,5725.04,5725.04,30.0,3529.37,448.78,,Cash,Failed,Delivered
ORD100641,2026-06-24,CUST1735,T-Shirt,Fashion,North,Lucknow,1,875.78,875.78,5.0,569.39,223.3,No,Net Banking,Paid,Cancelled
ORD100481,2025-03-29,CUST1584,Blender,Home Appliances,North,Delhi,2,2585.93,5171.86,10.0,2156.83,199.25,No,Cash, PAID ,Delivered
ORD101037,2026-05-27,CUST1172,T-Shirt,Fashion,North,Lucknow,4,769.23,3076.92,5.0,607.96,unknown,No,Debit Card,Paid,Delivered
ORD103010,2025-08-21,CUST1268,Smartphone,Electronics,East,Bhubaneswar,2,24606.71,49213.42,15.0,14145.52,249.97,No,Debit Card,Paid,Cancelled
ORD100638,2025-10-14,CUST1169,Backpack,Accessories,East,Bhubaneswar,1,1625.88,1625.88,5.0,1430.35,171.95,No,Net Banking,Paid,Delivered
ORD102377,2025-04-25,CUST1722,Office Chair,Furniture,West,Pune,5,8539.24,42696.2,30.0,6938.63,160.08,Yes,Credit Card,Pending,Returned
ORD103609,2025-11-20,CUST1551,Office Chair,Furniture,West,Mumbai,1,9951.82,9951.82,0.0,5989.69,480.22,No,UPI,Failed,Delivered
ORD104942,2025-05-06,CUST1508,Mixer,Home Appliances,Central,Indore,1,4506.55,4506.55,15.0,2582.21,364.78,No,Net Banking,Paid,Delivered
ORD102329,2025-04-24,CUST1238,Smartphone,Electronics,Central,Bhopal,5,27649.56,138247.8,30.0,17866.57,259.67,,Cash,Paid,Delivered
ORD101664,2025-07-05,CUST1761,Office Chair,Furniture,South,Chennai,5,7987.01,39935.05,10.0,6119.53,253.7,Yes,Net Banking,Paid,Returned
ORD100217,2025-07-02,CUST1041,Office Chair,Furniture,North,Lucknow,1,9855.04,9855.04,0.0,7427.07,92.37,No,Net Banking,Paid,Delivered
ORD101690,2025-02-19,CUST1280,laptop,Electronics,North,Jaipur,4,3360.05,13440.2,30.0,2022.09,353.78,No,Debit Card,Failed,Cancelled
ORD104119,2026-06-03,CUST1718,Headphones,Electronics,North,Delhi,1,3914.37,3914.37,25.0,3254.43,87.58,Yes,Cash,Paid,Returned
ORD105397,2025-10-10,CUST1165,Microwave,Home Appliances,West,Ahmedabad,2,12166.22,24332.44,15.0,9693.28,197.8,No,Cash,Pending,Delivered
ORD105309,2026-06-06,CUST1618,Smartphone,Electronics,Central,Nagpur,3,30445.17,91335.51,10.0,17229.22,75.21,Yes,Cash,Paid,Returned
ORD102182,2025-11-16,CUST1780,Mixer,Home Appliances,Central,Nagpur,1,4617.3,4617.3,30.0,3543.1,464.22,No,Debit Card,Failed,Delivered
ORD105140,2026-02-15,CUST1374,T-Shirt,Fashion,North,Delhi,1,898.1,898.1,30.0,641.76,431.4,No,Cash,Paid,Cancelled
ORD101837,2025-01-17,CUST1637,Smartphone,Electronics,North,Delhi,2,25945.46,51890.92,5.0,20102.05,353.91,No,Credit Card,Paid,Delivered
ORD101110,2026-06-07,CUST1106,Mixer,Home Appliances,North,Jaipur,1,4414.45,4414.45,10.0,2694.38,256.31,No,Credit Card,Failed,Delivered
ORD101691,2025-12-29,CUST1111,Backpack,Accessories,West,Mumbai,4,1612.43,6449.72,0.0,1128.27,431.66,No,Debit Card,Paid,Delivered
ORD103973,2025-09-11,CUST1627,Laptop,Electronics,East,Bhubaneswar,1,49893.65,49893.65,25.0,39925.66,256.76,No,Cash,Paid,Delivered
ORD101976,2026-04-08,CUST1551,Laptop,Electronics,South,Chennai,2,47300.17,94600.34,20.0,28371.51,418.84,No,Credit Card,Pending,Delivered
ORD101836,2025-10-29,CUST1125,Microwave,Home Appliances,East,Patna,4,9896.33,39585.32,10.0,7505.32,217.29,No,Credit Card,Paid,Delivered
ORD101443,2026-04-16,CUST1452,Office Chair,Furniture,North,Lucknow,1,7694.14,7694.14,30.0,5133.92,195.58,No,Credit Card,Failed,Delivered
ORD103781,2025-01-30,CUST1421,Headphones,Furniture,West,Mumbai,2,3025.25,6050.5,15.0,2492.28,473.73,No,Debit Card,Paid,Delivered
ORD105224,13/02/2025,CUST1588,Blender,Home Appliances,East,Kolkata,2,3415.59,6831.18,15.0,2488.58,282.41,No,UPI,Paid,Delivered
ORD102171,2025-05-28,CUST1675,Bookshelf,Furniture,west,Hyderabad,4,6471.67,25886.68,10.0,4770.7,139.82,Yes,UPI,Paid,Returned
ORD102752,2026-05-22,CUST1486,Desk,Furniture,West,Pune,2,13429.55,26859.1,15.0,9430.33,96.28,No,Net Banking,Paid,Delivered
ORD105991,2026-05-06,CUST1291,Jacket,Fashion,East,Kolkata,1,4535.26,4535.26,20.0,3651.34,436.52,No,UPI,Paid,Delivered
ORD102675,2025-03-09,CUST1235,Office Chair,Furniture,West,Ahmedabad,2,7737.55,15475.1,15.0,5784.84,273.61,No,UPI,Paid,Delivered
ORD100132,2026-05-28,CUST1313,Headphones,Electronics,South,Chennai,2,3328.85,6657.7,25.0,1990.98,246.74,No,Cash,Pending,Cancelled
ORD104246,2025-03-19,CUST1712,Blender,Home Appliances,Central,Nagpur,2,3329.62,6659.24,10.0,2253.2,193.74,,Credit Card,Failed,Returned
ORD103728,2025-02-23,CUST1321,Blender,Home Appliances,East,Patna,2,2552.29,5104.58,25.0,1767.1,222.81,Yes,Credit Card,Pending,Returned
ORD103992,2025-02-13,CUST1319,Desk,Furniture,West,Ahmedabad,5,12612.46,63062.3,5.0,10094.26,344.75,No,UPI,Failed,Delivered
ORD102031,2025-10-31,CUST1288,Mixer,Home Appliances,West,Ahmedabad,2,4704.57,9409.14,20.0,3910.23,215.3,No,Debit Card,Paid,Cancelled
ORD105177,2025-04-23,CUST1094,Smartphone,Electronics,North,Jaipur,1,32002.2,32002.2,10.0,21976.78,210.82,Yes,Net Banking,Paid,Returned
ORD100603,2026-07-03,CUST1119,T-Shirt,Fashion,East,Bhubaneswar,1,939.31,939.31,30.0,659.09,329.11,No,UPI,Pending,Delivered
ORD101964,2026-06-23,CUST1689,Smartwatch,Electronics,North,Lucknow,1,6318.15,6318.15,20.0,4463.73,447.91,No,Net Banking,Pending,Delivered
ORD101556,23/05/2026,CUST1662,Backpack,Accessories,South,Chennai,2,2025.43,4050.86,30.0,1338.64,334.28,No,Debit Card,Failed,Delivered
ORD105842,2025-06-30,CUST1284,Headphones,Electronics,South,Hyderabad,2,3385.88,6771.76,10.0,2947.89,369.91,No,UPI,Pending,Delivered
ORD103161,2025-07-15,CUST1360,T-Shirt,Fashion,South,Hyderabad,1,786.08,786.08,0.0,434.67,479.39,Yes,Cash,Paid,Returned
ORD102722,2025-07-27,CUST1577,Shoes,Fashion,North,Bengaluru,2,3070.45,6140.9,25.0,1746.75,236.02,No,Credit Card,Paid,Cancelled
ORD105635,2025-06-12,CUST1279,Headphones,Electronics,Central,Indore,1,3702.2,3702.2,20.0,2390.72,111.09,No,Cash,Failed,Delivered
ORD104934,13/02/2025,CUST1370,Smartwatch,Electronics,North,Jaipur,1,7565.25,7565.25,15.0,4965.03,187.57,No,Cash,paid,Delivered
ORD103533,2025-05-12,CUST1608,Bookshelf,Furniture,South,Hyderabad,2,5889.49,11778.98,15.0,4390.27,480.15,No,Cash,Paid,Delivered
ORD103427,2026-06-19,CUST1526,Headphones,Electronics,East,Bhubaneswar,1,3338.03,3338.03,30.0,2447.87,421.32,No,UPI,Paid,Delivered
ORD101607,2025-04-19,CUST1415,Smartphone,Electronics,North,Lucknow,4,27787.94,111151.76,0.0,17404.65,193.64,Yes,Cash,Pending,Returned
ORD102832,2026-06-29,CUST1725,Jacket,Fashion,North,Delhi,4,4669.18,18676.72,0.0,3612.85,393.08,No,Debit Card,Paid,Cancelled
ORD100404,2025-08-10,CUST1530,Laptop,Electronics,South,Chennai,5,56429.29,282146.45,15.0,34774.8,184.9,No,Net Banking,Failed,Cancelled
ORD100365,2026-04-03,CUST1230,Desk,Furniture,Central,Bhopal,1,13390.25,13390.25,15.0,11414.1,332.29,No,Credit Card,Failed,Delivered
ORD103055,2025-10-13,CUST1571,Office Chair,Furniture,West,Ahmedabad,4,9043.23,36172.92,5.0,5828.04,150.46,No,Net Banking,Failed,Cancelled
ORD101782,2025-09-03,CUST1345,Jacket,Fashion,North,Jaipur,4,5039.32,20157.28,25.0,4275.09,55.56,No,Credit Card,Pending,Delivered
ORD102990,2025-11-20,CUST1601,Blender,Home Appliances,West,Mumbai,5,3276.62,16383.1,30.0,2009.67,153.46,No,UPI,Paid,Delivered
ORD105495,2025-11-24,CUST1341,Desk,Furniture,East,Patna,1,11829.15,11829.15,20.0,6772.25,406.3,Yes,Cash,Paid,Returned
ORD105277,2026-01-18,CUST1325,Laptop,Fashion,South,Bengaluru,5,814.79,4073.95,15.0,511.21,316.97,No,Debit Card,Paid,Delivered
ORD101318,2025-12-11,CUST1010,Mixer,Home Appliances,East,Bhubaneswar,2,4317.51,8635.02,10.0,2755.86,73.38,No,Credit Card,Paid,Cancelled
ORD101438,2025-09-06,CUST1440,Jacket,Fashion,East,Kolkata,1,4553.52,4553.52,25.0,3619.55,360.23,No,Net Banking,Pending,Delivered
ORD100184,2026-04-21,CUST1763,Coffee Maker,Home Appliances,Central,Indore,2,4876.92,9753.84,,3380.81,80.76,No,Debit Card,Paid,Delivered
ORD105678,2026-01-03,CUST1774,Shoes,Fashion,South,Hyderabad,5,3296.01,16480.05,15.0,2004.65,431.8,No,Debit Card,Paid,Delivered
ORD101623,2025-04-14,CUST1259,Desk,Furniture,Central,Indore,4,12497.3,49989.2,30.0,9147.29,186.84,No,UPI,Paid,Cancelled
ORD101393,2025-04-28,CUST1270,Jacket,Fashion,West,Ahmedabad,1,4135.22,4135.22,0.0,2670.52,420.91,No,Debit Card,Paid,Cancelled
 ORD103570 ,2026-06-06,CUST1574,Microwave,Home Appliances,west,Jaipur,1,9826.14,9826.14,5.0,5831.33,172.37,No,Cash,Failed,Delivered
ORD104131,2025-05-09,CUST1453,Backpack,Accessories,West,Ahmedabad,3,1668.62,5005.86,5.0,1288.22,416.79,No,Cash,Pending,Delivered
ORD104793,2025-08-31,CUST1654,Microwave,Home Appliances,North,Lucknow,4,11913.64,47654.56,15.0,7156.24,441.3,No,Net Banking,Pending,Delivered
ORD105862,2025-02-27,CUST1115,Headphones,Electronics,Central,Bhopal,5,3904.04,19520.2,25.0,2755.73,267.66,Yes,UPI,Pending,Cancelled
ORD101766,2025-03-09,CUST1619,Backpack,Accessories,Central,Bhopal,1,1908.36,1908.36,10.0,1262.83,405.47,No,Net Banking,Failed,Cancelled
ORD105479,2025-10-25,CUST1188,Shoes,Fashion,Central,Indore,1,3405.86,3405.86,0.0,2444.99,183.4,No,Net Banking,Paid,Cancelled
ORD105162,2025-08-09,CUST1319,Laptop,Electronics,Central,Indore,1,52988.63,52988.63,10.0,41228.59,484.64,No,Cash,Failed,Cancelled
ORD105618,2025-05-29,CUST1092,Jacket,Fashion,East,Kolkata,1,4613.73,4613.73,0.0,3315.05,,Yes,Cash,Pending,Returned
ORD102541,2025-04-10,CUST1090,Microwave,Home Appliances,North,Jaipur,1,9452.58,9452.58,10.0,5940.45,486.39,No, UPI ,Pending,Cancelled
ORD102829,2026-05-16,CUST1205,Tablet,Electronics,Central,Indore,1,19744.51,19744.51,20.0,12989.28,79.57,No,Debit Card,Failed,Delivered
ORD105328,2025-06-02,CUST1425,Backpack,Accessories,East,Kolkata,5,1927.84,9639.2,25.0,1695.77,271.85,Yes,UPI,Paid,Returned
ORD102399,2026-04-03,CUST1698,Jacket,Fashion,Central,Bhopal,2,4065.81,8131.62,15.0,2889.01,329.04,Yes,Debit Card,Paid,Returned
ORD101442,2026-06-21,CUST1545,Smartphone,Electronics,North,Lucknow,3,23968.12,71904.36,25.0,14516.23,489.07,No,UPI,Paid,Delivered
ORD105090,2025-08-02,CUST1391,Mixer,Home Appliances,East,Patna,4,3812.72,15250.88,30.0,3165.2,244.96,No,Net Banking,Paid,Delivered
ORD103171,2025-09-12,CUST1045,Shoes,Fashion ,Central,Nagpur,1,3219.49,3219.49,25.0,1898.52,317.73,Yes,Cash,Paid,Returned
ORD101147,2025-05-13,CUST1327,Tablet,Electronics,East,Kolkata,2,21428.55,42857.1,0.0,17606.16,464.96,Yes,Credit Card,Paid,Delivered
ORD104936,13/02/2026,CUST1013,Laptop,electronics,North,Delhi,2,54289.37,108578.74,0.0,40693.06,158.76,No,Cash,Paid,Delivered
ORD102186,2025-05-11,CUST1521,Jacket,Fashion,West,Pune,5,4816.12,24080.6,25.0,2839.7,153.78,No,Credit Card,Pending,Delivered
ORD104984,2026-07-16,CUST1602,Office Chair,Furniture,South,Bengaluru,5,10258.42,51292.1,10.0,8695.99,219.02,No,Credit Card,Failed,Delivered
ORD100498,2025-08-19,CUST1453,T-Shirt,Fashion,Central,Bhopal,2,866.48,1732.96,5.0,574.65,494.54,No,Credit Card,Paid,Delivered
ORD103138,2025-04-19,CUST1489,Shoes,Fashion,North,Jaipur,1,2946.4,2946.4,25.0,1870.13,157.98,No,UPI,Pending,Cancelled
ORD101129,2026-06-18,CUST1156,Mixer,Home Appliances,South,Chennai,2,4081.42,8162.84,30.0,2251.04,441.89,No,Cash,Paid,Delivered
ORD104070,2026-03-18,CUST1502,Blender,Home Appliances,Central,Bhopal,1,3390.18,3390.18,5.0,2568.65,455.62,No,Net Banking,Pending,Delivered
ORD101515,2025-02-26,CUST1113,Backpack,Accessories,West,Ahmedabad,2,1734.67,3469.34,20.0,1149.23,176.66,No,Debit Card,Pending,Cancelled
ORD103045,2026-02-20,CUST1469,Blender,Home Appliances,Central,Nagpur,2,2575.24,5150.48,20.0,1930.29,260.5,No,Net Banking,Paid,Delivered
ORD101391,2026-07-25,CUST1265,Bookshelf,Furniture,East,Kolkata,1,7035.96,7035.96,25.0,5935.77,280.88,No,Cash,Pending,Delivered
ORD103021,2026-01-25,CUST1284,Smartwatch,Electronics,North,Jaipur,2,6772.71,13545.42,10.0,3835.26,78.15,No,Net Banking,Paid,Delivered
ORD105318,2025-03-20,CUST1713,Shoes,Fashion,West,Mumbai,3,3646.69,10940.07,15.0,2209.03,133.4,No,Credit Card,Failed,Delivered
ORD101010,2026-03-25,CUST1798,T-Shirt,Fashion,North,Jaipur,2,769.15,1538.3,25.0,606.45,187.82,No,Net Banking,Failed,Cancelled
ORD104321,2025-12-20,CUST1685,Desk,Furniture,East,Patna,3,12432.25,37296.75,15.0,8565.34,80.46,Yes,Net Banking,Pending,Returned
ORD103364,2025-01-22,CUST1396,smartphone,Electronics,East,Kolkata,2,20942.02,41884.04,15.0,13351.48,270.87,No,Debit Card,Paid,Delivered
ORD104938,2026-03-03,CUST1750,Smartphone,Electronics,West,Pune,2,31680.86,63361.72,25.0,25489.48,103.79,No,Credit Card,Paid,Delivered
ORD101287,2026-02-11,CUST1509,Desk,Furniture,North,Delhi,3,12392.06,37176.18,25.0,7676.77,278.52,No,Net Banking,Paid,Delivered
ORD104548,2026-02-15,CUST1777,Tablet,Electronics,Central,Indore,4,18992.23,75968.92,20.0,,320.07,No,Net Banking,Failed,Delivered
ORD101868,2026-07-21,CUST1667,Smartwatch,Electronics,Central,Indore,1,6281.03,6281.03,25.0,5421.38,204.23,No, UPI ,Paid,Delivered
ORD101395,2026-04-23,CUST1414,Bookshelf,Furniture,South,Hyderabad,3,6753.86,20261.58,20.0,5790.72,247.37,No,Credit Card,Paid,Delivered
ORD104534,2025-07-22,CUST1561,Desk,Furniture,Central,Indore,4,13779.09,55116.36,10.0,10553.43,457.03,No,Debit Card,Paid,Delivered
ORD100768,2025-06-29,CUST1342,Shoes,Fashion,North,Delhi,2,2751.03,5502.06,5.0,2219.7,319.94,No,Debit Card,Pending,Delivered
ORD104572,2025-04-01,CUST1002,Bookshelf,Furniture,South,Bengaluru,4,6135.66,24542.64,20.0,4276.48,426.18,No,UPI,Paid,Delivered
ORD105576,2025-05-29,CUST1440,Bookshelf,Furniture,West,Ahmedabad,4,7086.41,28345.64,15.0,4127.84,165.54,No,Cash,Paid,Cancelled
ORD103940,2025-05-04,CUST1629,Bookshelf,Furniture,West,Ahmedabad,1,5876.97,5876.97,25.0,4765.78,122.17,Yes,Credit Card,Paid,Returned
ORD104610,2026-04-09,CUST1205,Office Chair,Furniture,South,Hyderabad,5,8631.83,43159.15,20.0,7316.56,163.37,No,Net Banking,Paid,Delivered
ORD104386,2026-01-22,CUST1321,Backpack,Accessories,West,Mumbai,1,2046.84,2046.84,20.0,1742.05,142.97,No,UPI,Paid,Delivered
ORD100022,2025-02-06,CUST1280,Headphones,Electronics,North,Delhi,5,3160.97,15804.85,15.0,2228.74,168.6,No,UPI,Failed,Cancelled
ORD104058,2025-10-16,CUST1616,T-Shirt,Fashion,East,Kolkata,3,1023.05,3069.15,10.0,688.91,173.13,No,Debit Card,Pending,Delivered
ORD104724,2025-10-21,CUST1246,T-Shirt,Fashion,Central,Nagpur,3,852.25,2556.75,20.0,497.57,170.08,No,Credit Card,Failed,Cancelled
ORD103129,2025-01-25,CUST1560,Coffee Maker,Home Appliances,East,Bhubaneswar,3,5593.2,16779.6,25.0,3673.19,299.5,No,Net Banking,Paid,Delivered
ORD100985,2026-01-09,CUST1156,Microwave,Home Appliances,South,Hyderabad,3,12164.94,36494.82,0.0,7221.47,368.4,No,Debit Card,Pending,Delivered
ORD101402,2025-06-07,CUST1757,T-Shirt,Fashion,Central,Bhopal,3,785.77,2357.31,10.0,601.18,53.46,No,Cash,Paid,Delivered
ORD102398,2026-03-26,CUST1504,T-Shirt,Fashion,West,Pune,4,1022.73,4090.92,10.0,749.88,156.5,Yes,Debit Card,Paid,Returned
ORD104116,2026-05-30,CUST1220,Blender,Home Appliances,South,Bengaluru,1,2683.59,2683.59,25.0,2312.75,486.70,No,Credit Card,Pending,Cancelled
ORD101743,2026-04-08,CUST1298,Smartwatch,Electronics,North,Jaipur,1,7658.45,7658.45,10.0,4790.54,127.85,No,UPI,Paid,Delivered
ORD103721,2025-07-02,CUST1676,Laptop,Electronics,North,Lucknow,5,50309.56,251547.8,10.0,39302.58,485.15,No,Net Banking,Paid,Cancelled
ORD104838,2026-06-05,CUST1013,Headphones,Electronics,West,Pune,2,3220.34,6440.68,5.0,2740.7,361.88,Yes,Cash,Failed,Returned
ORD101938,2025-01-04,CUST1376,Smartwatch,Electronics,South,Bengaluru,1,7628.4,7628.4,20.0,5919.11,462.01,No,UPI,Failed,Cancelled
ORD101543,2025-12-23,CUST1001,Office Chair,Furniture,west,Lucknow,3,8059.52,24178.56,30.0,6166.86,365.75,No,Debit Card,Pending,Delivered
ORD104632,2025-07-09,CUST1655,Headphones,Electronics,Central,Bhopal,2,3548.39,7096.78,10.0,2619.38,166.08,No,Net Banking,Paid,Delivered
ORD102815,2025-09-21,CUST1105,Smartwatch,Electronics,West,Mumbai,1,6106.06,6106.06,30.0,4162.07,390.98,No,Debit Card,Paid,Cancelled
ORD103127,2025-04-18,CUST1180,Shoes,Fashion,East,,4,2791.53,11166.12,5.0,1908.79,340.87,No,Cash,Failed,Delivered
ORD101269,2025-08-26,CUST1584,Desk,Furniture,South,Hyderabad,5,12012.89,60064.45,20.0,6971.55,355.53,No,Debit Card,Paid,Delivered
ORD104864,2025-08-27,CUST1770,Microwave,Home Appliances,West,Pune,2,10777.06,21554.12,15.0,6797.82,148.31,No,Net Banking,Pending,Delivered
ORD102643,2025-03-16,CUST1138,Mixer,Home Appliances,South,Chennai,1,4175.85,4175.85,5.0,3502.02,447.14,Yes,UPI,Paid,Returned
ORD104945,2025-03-05,CUST1152,Office Chair,Furniture,East,Patna,1,10026.28,10026.28,15.0,8414.14,239.67,No,UPI,Paid,Delivered
ORD103216,09/02/2026,CUST1657,Tablet,Electronics,North,Jaipur,4,20095.56,80382.24,25.0,17539.09,441.51,Yes,Cash,Pending,Returned
ORD100999,2026-07-30,CUST1524,Smartwatch,Electronics,South,Chennai,5,7153.36,35766.8,15.0,6205.94,340.66,No,Net Banking,Failed,Delivered
ORD103198,2026-06-08,CUST1562,Jacket,Fashion,West,Ahmedabad,5,4854.27,24271.35,25.0,3108.55,359.27,No,Cash,Pending,Delivered
ORD103628,2025-04-22,CUST1493,Smartwatch,Electronics,East,Bhubaneswar,4,7129.12,28516.48,10.0,4332.38,387.91,No,Net Banking,Failed,Delivered
ORD105770,2025-03-10,CUST1309,Microwave,Home Appliances,East,Patna,1,10263.47,10263.47,30.0,6685.91,282.47,No,Debit Card,Pending,Delivered
ORD100573,2025-07-21,CUST1344,Laptop,Electronics,Central,Nagpur,3,56200.75,168602.25,10.0,47756.84,318.1,No,Debit Card,Paid,Delivered
ORD103639,2026-03-25,CUST1160,Smartphone,Elec,South,Bengaluru,5,24817.94,124089.7,10.0,16400.64,417.09,No,Net Banking,Paid,Cancelled
ORD105589,2025-04-08,CUST1028,Jacket,Fashion,North,Delhi,2,4873.49,9746.98,15.0,3409.86,403.72,Yes,Net Banking,Paid,Returned
ORD101701,2026-01-03,CUST1357,Jacket,Fashion,Central,Nagpur,2,3974.91,7949.82,20.0,2939.02,98.79,No,Debit Card,Paid,Delivered
ORD101539,2026-03-22,CUST1317,Jacket,Fashion,South,Chennai,5,4408.18,22040.9,15.0,2429.51,191.88,No,Net Banking,Paid,Delivered
ORD102546,2026-05-31,CUST1569,Headphones,Electronics,North,Jaipur,1,3922.37,3922.37,30.0,2512.94,110.4,No,Net Banking,Pending,Delivered
ORD101495,2026-07-15,CUST1176,Bookshelf,Furniture,North,Jaipur,1,6158.85,6158.85,5.0,4138.87,327.87,No,UPI,Pending,Delivered
ORD105468,27/03/2026,CUST1755, LAPTOP ,Home Appliances,West,Ahmedabad,1,10260.81,10260.81,5.0,7523.97,322.41,No,Cash,Paid,Delivered
ORD100755,2025-07-13,CUST1482,Headphones,Electronics,Central,Indore,3,3667.75,11003.25,30.0,2809.78,145.08,No,Credit Card,Pending,Delivered
ORD103210,2025-01-28,CUST1029,Jacket,Fashion,Central,Bhopal,1,3976.36,3976.36,15.0,3180.24,400.88,No,Credit Card,Pending,Delivered
ORD100693,2025-08-25,CUST1739,Office Chair,Furniture,South,Bengaluru,2,9643.01,19286.02,10.0,5615.06,305.03,No,Net Banking,Failed,Delivered
ORD103870,2026-02-10,CUST1546,Laptop,Electronics,West,Mumbai,1,58974.71,58974.71,10.0,41583.79,128.67,No,Debit Card,Paid,Delivered
ORD103391,2025-11-25,CUST1183,Headphones,Electronics,Central,Bhopal,2,3512.7,7025.4,15.0,2104.7,320.81,No,UPI,Paid,Cancelled
ORD101703,2025-09-19,CUST1487,Laptop,Electronics,Central,Bhopal,1,48156.03,48156.03,10.0,40619.89,460.26,No,Debit Card,Paid,Delivered
ORD101482,2025-05-28,CUST1566,Bookshelf,Furniture,North,Lucknow,5,6887.73,34438.65,25.0,4199.84,330.71,No,Credit Card,Paid,Delivered
ORD103203,2025-01-15,CUST1787,Backpack,Accessories,North,Lucknow,1,1837.54,1837.54,15.0,1308.64,356.06,No,Credit Card,Failed,Delivered
ORD104498,2026-05-26,CUST1558,Mixer,Home Appliances,South,Chennai,4,4190.92,16763.68,30.0,3153.24,497.4,No,Net Banking,Paid,Delivered
ORD101292,2025-06-14,CUST1638,Coffee Maker,Home Appliances,South,Chennai,1,5909.38,5909.38,20.0,3679.03,475.72,No,UPI,Paid,Delivered
ORD100588,2025-02-22,CUST1754,Tablet,Electronics,South,Chennai,4,23367.71,93470.84,15.0,19093.57,214.47,Yes,Cash,Paid,Returned
ORD101521,2026-05-17,CUST1070,Backpack,Accessories,West,Mumbai,3,1912.94,5738.82,15.0,1675.09,154.76,No,Cash,Failed,Delivered
ORD103539,2025-02-11,CUST1260,Office Chair,Furniture,East,Kolkata,2,9411.7,18823.4,10.0,7710.25,494.32,No,Credit Card,Paid,Delivered
ORD100538,2025-04-25,CUST1580,Bookshelf,Furniture,West,Ahmedabad,2,7302.98,14605.96,10.0,5573.31,147.12,Yes,Net Banking,Paid,Returned
ORD104310,2025-05-29,CUST1437,Microwave,Home Appliances,East,Patna,4,10758.5,43034.0,0.0,8422.94,272.06,Yes,UPI,Paid,Returned
ORD104150,2025-04-15,CUST1086,Tablet,Electronics,West,Ahmedabad,1,19674.17,19674.17,30.0,15735.17,278.46,No,Credit Card,Failed,Delivered
ORD101440,2025-06-06,CUST1225,Tablet,Electronics,North,Lucknow,2,19202.19,38404.38,20.0,12769.75,239.8,No,Debit Card,Paid,Cancelled
ORD100354,2025-04-22,CUST1364,Shoes,Fashion,West,Ahmedabad,4,3136.49,12545.96,20.0,2329.13,219.46,No,Cash,Paid,Delivered
ORD102710,2026-06-27,CUST1319,Smartwatch,Electronics,East,Patna,3,6688.36,20065.08,30.0,4976.83,47.88,No, UPI ,Failed,Delivered
ORD102168,2025-08-06,CUST1745,Blender,Home Appliances,North,Delhi,5,2557.46,12787.3,25.0,2025.03,97.53,No,UPI,Failed,Delivered
ORD103546,2026-03-27,CUST1269,Headphones,Electronics,North,Delhi,5,2999.83,14999.15,0.0,1946.62,168.29,No,Credit Card,Failed,Delivered
ORD101293,2026-04-08,CUST1670,Mixer,Home Appliances,East,Bhubaneswar,3,4564.23,13692.69,25.0,2715.09,235.33,Yes,Debit Card,Paid,Returned
ORD100015,2026-04-09,CUST1349,Smartwatch,Electronics,South,Hyderabad,3,6787.53,20362.59,30.0,3935.38,424.24,No,Cash,Pending,Delivered
ORD101004,2026-03-05,CUST1658,Jacket,Fashion,Central,,4,4018.13,16072.52,0.0,2792.67,177.01,No,Cash,Paid,Delivered
ORD102713,2025-05-11,CUST1743,Jacket,Fashion,West,Ahmedabad,5,4068.81,20344.05,25.0,3427.11,182.87,No,Credit Card,Paid,Delivered
ORD104128,2025-10-19,CUST1629,Microwave,Home Appliances,West,Mumbai,2,10730.54,21461.08,30.0,6490.3,172.35,No,Net Banking,Paid,Cancelled
ORD104291,2025-03-23,CUST1013,Bookshelf,Furniture,East,Kolkata,1,6621.09,6621.09,30.0,4190.72,164.71,No,Net Banking,Paid,Delivered
ORD102755,2026-04-05,CUST1085,Smartphone,Electronics,Central,Bhopal,5,30173.11,150865.55,15.0,25465.53,497.24,No,Cash,Paid,Cancelled
ORD101071,2025-05-30,CUST1023,Backpack,Accessories,West,Ahmedabad,3,2064.54,6193.62,30.0,1378.21,322.39,No,Credit Card,Paid,Delivered
ORD103679,2025-08-07,CUST1522,Smartwatch,Electronics,North,Delhi,4,6633.43,26533.72,,5689.31,195.33,No,Debit Card,Pending,Delivered
ORD103291,2026-02-18,CUST1523,Headphones,Electronics,West,Mumbai,5,3762.24,18811.2,10.0,2208.0,80.56,No,UPI,Paid,Cancelled
ORD104782,2026-05-17,CUST1336,Coffee Maker,Home Appliances,West,Nagpur,2,4695.72,9391.44,0.0,3615.55,140.27,No,Credit Card,Failed,Cancelled
ORD102032,2025-10-02,CUST1117,Bookshelf,Furniture,North,Lucknow,4,6008.49,24033.96,25.0,3650.08,48.84,No,Net Banking,Pending,Delivered
ORD103668,2025-01-17,CUST1290,Headphones,Electronics,West,Bhubaneswar,1,3482.61,3482.61,0.0,2807.74,217.29,No,Debit Card,Paid,Delivered
ORD102109,2026-05-30,,Coffee Maker,Home Appliances,North,Delhi,1,6272.88,6272.88,10.0,5338.12,218.11,No,UPI,Failed,Delivered
ORD102509,2026-07-25,CUST1072,Desk,Furniture,Central,Bhopal,4,10985.6,43942.4,30.0,8327.09,345.35,No,UPI,Paid,Cancelled
ORD101325,2026-03-25,CUST1694,T-Shirt,Fashion,Central,,1,892.9,892.9,20.0,750.48,483.51,No,Cash,Paid,Cancelled
ORD102102,2026-07-29,CUST1757,Laptop,Electronics,North,Delhi,4,53885.98,215543.92,20.0,33747.07,484.5,No,Net Banking,Paid,Delivered
ORD103581,2026-03-02,CUST1045,Coffee Maker,Home Appliances,Central,Indore,1,5349.47,5349.47,20.0,3340.17,350.96,Yes,Debit Card,Paid,Returned
ORD105706,2025-02-03,CUST1282,Office Chair,Furniture,East,Patna,4,7709.74,30838.96,20.0,6115.19,81.75,No,Net Banking,Paid,Cancelled
ORD101570,2026-01-29,CUST1226,Smartwatch,Electronics,West,Pune,1,7029.91,7029.91,0.0,5581.79,75.08,No,Net Banking,Paid,Cancelled
 ORD104837 ,2025-02-15,CUST1498,Desk,Furniture,North,Jaipur,3,12550.91,37652.73,25.0,8409.5,73.71,No,UPI,Paid,Delivered
ORD101454,2025-04-14,CUST1247,Office Chair,Furniture,South,Hyderabad,1,8162.05,8162.05,30.0,6319.49,292.07,Yes,UPI,Failed,Returned
ORD101547,2025-11-19,CUST1563,Smartphone,Electronics,West,Mumbai,2,24428.29,48856.58,5.0,20855.54,336.07,No,Debit Card,Failed,Delivered
ORD102267,2026-01-08,CUST1461,Laptop,Electronics,Central,Indore,1,47796.91,47796.91,30.0,27263.12,379.88,No,Debit Card,Paid,Delivered
ORD103028,2026-02-12,CUST1118,Office Chair,Furniture,East,Bhubaneswar,1,9937.24,9937.24,0.0,8152.75,231.63,No,UPI,Pending,Cancelled
ORD103667,2026-02-23,CUST1767,T-Shirt,Fashion,West,Pune,5,782.04,3910.2,110.0,592.72,116.92, YES ,UPI,Paid,Delivered
ORD105769,2026-04-04,CUST1519,Laptop,Electronics,North,Jaipur,5,63069.55,315347.75,0.0,54592.55,356.39,No,Credit Card,Paid,Delivered
ORD103993,2026-06-26,CUST1605,Backpack,Accessories,Central,Nagpur,2,2066.79,4133.58,10.0,1740.23,405.73,No,UPI,Pending,Cancelled
ORD104905,2025-01-04,CUST1669,Jacket,Fashion,West,Mumbai,1,5054.05,5054.05,25.0,3431.94,252.33,No,Net Banking,Paid,Delivered
ORD103346,2025-09-14,CUST1701,Smartwatch,Electronics,North,Lucknow,3,7259.42,21778.26,20.0,6122.88,392.48,No,Net Banking,Paid,Delivered
ORD105808,2025-12-03,CUST1183,Microwave,Home Appliances,Central,Indore,3,10543.48,31630.44,10.0,N/A,57.6,No,Credit Card,Failed,Delivered
ORD101612,2025-12-01,CUST1652,Tablet,Electronics,East,Patna,4,20723.88,82895.52,10.0,15578.12,401.76,No,UPI,Paid,Delivered
ORD104711,2026-06-21,CUST1696,Smartwatch,Electronics,Central,Nagpur,2,6631.64,13263.28,5.0,5481.51,249.44,No,UPI,Failed,Cancelled
ORD103732,2026-03-04,CUST1670,Coffee Maker,Furn,South,Chennai,2,5965.07,11930.14,10.0,3936.26,384.92,No,Credit Card,Pending,Delivered
ORD102692,2025-06-03,CUST1330,T-Shirt,Fashion,Central,Nagpur,3,919.22,2757.66,5.0,672.6,121.48,Yes,Credit Card,Paid,Returned
ORD103072,2026-02-08,CUST1236,T-Shirt,Fashion,North,Lucknow,3,996.36,2989.08,20.0,819.22,203.32,yes,UPI,Paid,Cancelled
ORD102786,2026-03-01,CUST1375,Jacket,Fashion,South,Bengaluru,2,4492.64,8985.28,20.0,3083.2,451.86,No,Debit Card,Paid,Delivered
ORD102939,2025-06-26,CUST1473,Smartphone,Electronics,West,Pune,1,29720.81,29720.81,15.0,19012.02,257.74,Yes,Debit Card,Pending,Returned
ORD103909,2025-06-03,CUST1754,Coffee Maker,Home Appliances,West,Ahmedabad,1,5243.88,5243.88,0.0,4231.02,241.84,No,upi,Paid,Cancelled
ORD102759,2025-02-20,CUST1659,Microwave,Home Appliances,North,Lucknow,2,10582.35,21164.7,5.0,9062.62,253.65,Yes,UPI,Paid,Returned
ORD105403,2025-11-24,CUST1047,Laptop,Electronics,West,Mumbai,2,60114.04,120228.08,10.0,39621.89,266.81,No,Credit Card,Paid,Cancelled
ORD103305,2026-01-05,CUST1730,Backpack,Accessories,South,Hyderabad,1,1892.33,1892.33,20.0,1163.09,393.22,No,UPI,Paid,Cancelled
ORD105311,2025-07-08,CUST1078,Smartwatch,Electronics,East,Kolkata,1,7839.63,7839.63,25.0,5953.7,473.74,No,Credit Card,Pending,Cancelled
ORD100992,2026-05-26,CUST1366,Laptop,Electronics,South,Hyderabad,1,57619.97,57619.97,20.0,48146.77,176.39,Yes,Debit Card,Paid,Returned
ORD104505,2025-11-23,CUST1121,Jacket,Fashion,East,Kolkata,3,5134.94,15404.82,25.0,4362.03,139.24,No,UPI,Pending,Delivered
ORD103726,2026-06-23,CUST1648,Smartphone,Electronics,South,Chennai,1,28580.03,28580.03,15.0,20837.07,354.48,Yes,Net Banking,Paid,Returned
ORD101120,2025-10-22,CUST1435,Smartwatch,Electronics,East,Patna,2,7667.54,15335.08,10.0,4381.73,488.44,No,Cash,Pending,Cancelled
ORD105726,2025-12-30,CUST1249,Bookshelf,Furniture,East,Bhubaneswar,2,6071.59,12143.18,10.0,4218.93,unknown,No,Debit Card,Pending,Delivered
ORD104046,2025-02-08,CUST1286,Bookshelf,Furniture,West,Ahmedabad,4,5591.53,22366.12,10.0,4286.82,227.32,No,Cash,Paid,Delivered
ORD105737,2025-06-14,CUST1271,Backpack,Accessories,East,Bhubaneswar,2,1727.0,3454.0,0.0,1311.92,,,Credit Card,Pending,Cancelled
ORD104663,2025-05-20,CUST1264,Shoes,Fashion,South,Hyderabad,2,3306.44,6612.88,10.0,2381.39,115.67,No,UPI,Paid,Delivered
ORD102243,2026-03-18,CUST1654,Bookshelf,Furniture,West,Ahmedabad,2,6684.8,13369.6,25.0,3950.36,411.97,Yes,upi,Paid,Returned
ORD103253,2025-01-18,CUST1104,T-Shirt,Fashion,East,Kolkata,1,1002.64,1002.64,10.0,665.89,431.99,No,UPI,Pending,Delivered
ORD102708,2025-09-29,CUST1194,Backpack,Accessories,East,Bhubaneswar,2,1890.1,3780.2,5.0,1154.02,354.43,No,,Failed,Delivered
ORD101700,2025-12-17,CUST1323,Jacket,Fashion,Central,Indore,1,4330.64,4330.64,20.0,3050.36,353.6,No,UPI,Pending,Cancelled
ORD104371,2026-02-01,CUST1252,Desk,Furniture,West,Ahmedabad,2,13159.95,26319.9,20.0,10927.56,329.22,No,Debit Card,Pending,Cancelled
ORD103455,2025-12-03,CUST1756,Jacket,Fashion,South,Bengaluru,3,5029.02,15087.06,15.0,3778.12,354.62,No,Credit Card,Failed,Delivered
ORD105556,2026-02-15,CUST1355,Blender,Home Appliances,West,Pune,2,2941.89,5883.78,15.0,2207.06,432.1,No,UPI,Failed,Cancelled
ORD101155,2025-10-05,CUST1598,Desk,Furniture,West,Pune,2,11807.32,23614.64,0.0,6647.51,207.09,No,Credit Card,Paid,Cancelled
ORD103962,2025-05-11,CUST1639,Smartphone,Electronics,South,Hyderabad,2,30359.86,60719.72,25.0,24107.98,417.36,Yes,Net Banking,Failed,Returned
ORD103114,2026-01-16,CUST1717,Laptop,Electronics,South,Chennai,2,47217.93,"94,435.86",15.0,29757.85,332.74,No,UPI,Paid,Delivered
ORD103032,2026-07-10,CUST1686,Blender,Home Appliances,South,Chennai,2,3325.21,6650.42,5.0,2534.79,273.39,No,Cash,Failed,Cancelled
ORD100952,2025-07-03,CUST1194,smartphone,Furniture,West,Pune,1,7456.23,7456.23,30.0,5684.35,47.00,No,UPI,Pending,Delivered
ORD103920,2026-07-26,CUST1320,Microwave,Home Appliances,Central,Bhopal,1,9885.34,9885.34,15.0,6058.8,454.6,No,Net Banking,Pending,Delivered
ORD102961,2026-01-11,CUST1161,Headphones,Electronics,North,Jaipur,2,3197.94,6395.88,,2377.32,455.5,No,UPI,Paid,Delivered
ORD102241,2025-07-10,CUST1493,smartphone,Fashion,Central,Bhopal,2,4314.28,8628.56,5.0,3400.55,147.69,No,,Paid,Delivered
ORD104350,2026-02-11,CUST1646,Blender,Home Appliances,East,Bhubaneswar,2,3404.1,6808.2,30.0,2126.18,133.18,No,Cash,Paid,Delivered
ORD101117,2025-10-06,CUST1748,Smartphone,Electronics,Central,Indore,3,29817.5,89452.5,10.0,21065.25,255.22,Yes,UPI,Paid,Returned
 ORD103813 ,2026-03-26,CUST1544,Coffee Maker,Home Appliances,East,Bhubaneswar,5,4954.73,24773.65,20.0,3057.5,165.95,No,Debit Card,Paid,Delivered
ORD100954,2025-11-04,CUST1708,Office Chair,Furniture,Central,Nagpur,2,8649.4,17298.8,15.0,6983.01,400.61,No,Credit Card,Failed,Delivered
ORD103224,2025-09-22,CUST1110,Blender,Home Appliances,North,Lucknow,1,2550.09,2550.09,5.0,1937.16,68.64,No,Cash,Failed,Delivered
ORD100368,2025-05-30,CUST1759,Blender,Home Appliances,West,Ahmedabad,1,3205.53,3205.53,20.0,2669.8,417.4,No,Net Banking,Paid,Delivered
ORD104608,2025-12-06,CUST1374,Headphones,Electronics,East,Kolkata,1,3870.06,3870.06,25.0,2297.77,330.73,No,Credit Card,Paid,Cancelled
ORD101172,2025-02-05,CUST1422,Blender,Home Appliances,North,Jaipur,1,3069.01,3069.01,30.0,2699.01,359.68,No,Cash,Failed,Delivered
ORD102900,2025-10-23,CUST1144,Mixer,Home Appliances,Central,Indore,3,4008.39,12025.17,25.0,2890.35,276.84,No,UPI,Paid,Cancelled
ORD104796,2025-11-04,CUST1333,Headphones,Electronics,South,Bengaluru,2,3962.99,7925.98,20.0,2428.04,120.8,No,Net Banking,Pending,Delivered
ORD105454,2025-06-20,CUST1512,Office Chair,Furniture,North,Delhi,5,8943.7,44718.5,0.0,6558.02,431.67,Yes,Cash,Paid,Returned
ORD103262,2026-06-28,CUST1652,Backpack,Accessories,West,Pune,1,2010.14,2010.14,30.0,1563.92,380.29,Yes,Cash,Paid,Returned
ORD104163,2025-05-04,CUST1200,Bookshelf,Furniture,Central,Indore,4,7154.1,28616.4,25.0,5178.26,177.31,No,Net Banking,Failed,Delivered
ORD100341,2026-04-26,CUST1273,Smartwatch,Electronics,West,Pune,2,7259.3,14518.6,5.0,5891.33,328.57,No,Credit Card,Paid,Delivered
ORD101376,2025-11-11,CUST1296,T-Shirt,Fashion,Central,Nagpur,4,803.02,3212.08,10.0,564.72,277.42,No,UPI,Paid,Delivered
ORD105956,2025-08-31,CUST1397,Shoes,Fashion,North,Lucknow,4,3207.62,12830.48,5.0,2026.11,338.13,No,Credit Card,Failed,Delivered
ORD101182,2025-03-24,CUST1550,Blender,Electronics,Central,Nagpur,2,3101.81,6203.62,25.0,2355.97,307.37,No,Net Banking,Paid,Delivered
ORD100415,2025-11-19,CUST1518,Headphones,Electronics,East,Patna,5,3489.13,17445.65,15.0,2586.4,50.22,No,Net Banking,Failed,Cancelled
ORD104638,2026-07-03,CUST1684,Smartwatch,Electronics,West,Pune,3,6018.91,18056.73,20.0,4637.7,337.54,No,Cash,Paid,Cancelled
ORD100299,2025-01-03,CUST1754,Mixer,Home Appliances,West,Mumbai,3,4203.32,12609.96,20.0,2963.1,53.02,No,UPI,Failed,Delivered
ORD103822,2026-03-10,CUST1422,Jacket,Fashion,Central,Bhopal,4,4397.09,17588.36,10.0,3466.93,237.45,No,UPI,Pending,Delivered
ORD104996,2026-01-20,CUST1240,Microwave,Home Appliances,Central,Indore,5,10458.62,52293.1,10.0,7059.45,463.66,No,UPI,Failed,Delivered
ORD104018,2025-12-08,CUST1686,Coffee Maker,Home Appliances,South,Chennai,1,5629.89,5629.89,30.0,4747.81,128.26,No,UPI,Paid,Delivered
ORD105289,2025-04-30,CUST1088,T-Shirt,Fashion,South,Hyderabad,4,961.47,3845.88,20.0,531.26,234.68,No,Credit Card,Paid,Cancelled
ORD102845,2025-07-10,CUST1578,Backpack,Accessories,South,Chennai,2,1632.36,3264.72,30.0,1415.89,435.84,No,Debit Card,Failed,Delivered
ORD102522,2026-03-23,CUST1042,Coffee Maker,Home Appliances,North,Lucknow,4,6124.95,24499.8,15.0,3923.26,420.33,Yes,UPI,Paid,Returned
ORD104971,2025-10-06,CUST1107,Backpack,Accessories,South,Hyderabad,4,1711.6,6846.4,30.0,1052.23,449.75,No,Credit Card,Paid,Cancelled
ORD105542,2025-03-25,CUST1258,Desk,Furniture,West,Pune,1,10292.64,10292.64,20.0,8274.2,279.46,No,UPI,Paid,Delivered
ORD104554,2025-08-23,CUST1702,Coffee Maker,Home Appliances,West,Pune,2,5866.58,11733.16,5.0,3939.83,220.78,No,UPI,Paid,Delivered
ORD100944,2026-07-09,CUST1699,Smartwatch,Electronics,Central,Bhopal,5,7040.38,35201.9,0.0,4199.26,143.45,No,Net Banking,Paid,Cancelled
ORD103831,2025-07-30,CUST1684,Blender,Home Appliances,East,Bhubaneswar,3,2691.13,8073.39,0.0,1986.73,469.0,Yes,UPI,Pending,Returned
ORD103322,2026-02-13,CUST1755,T-Shirt,Fashion,North,Jaipur,4,884.89,3539.56,10.0,523.33,247.14,No,Debit Card,Pending,Cancelled
ORD101980,2025-11-27,CUST1705,Backpack,Accessories,West,Ahmedabad,1,1804.47,1804.47,20.0,1583.33,261.07,No,Debit Card,Pending,Delivered
ORD101739,2025-02-14,CUST1632,Desk,Furniture,East,Bhubaneswar,2,13374.81,26749.62,20.0,10860.87,52.7,No,Cash,Failed,Delivered
ORD105343,2025-07-28,CUST1319,Smartwatch,Electronics,East,Patna,1,6755.78,6755.78,5.0,3828.26,366.45,No,Debit Card,Paid,Cancelled
ORD104227,2026-06-06,CUST1691,Office Chair,Furniture,Central,Indore,2,9951.03,19902.06,30.0,7940.65,250.99,No,Cash,Failed,Delivered
ORD104440,2026-01-13,CUST1055,Smartphone,Electronics,South,Chennai,3,30453.37,91360.11,30.0,21923.95,191.55,Yes,Cash,Pending,Returned
ORD101957,2025-07-29,CUST1739,Smartphone,Electronics,Central,Nagpur,4,30370.44,121481.76,0.0,22609.41,120.51,No,Debit Card,Failed,Delivered
ORD102785,2025-11-22,CUST1528,Office Chair,Furniture,East,Kolkata,2,9846.1,19692.2,20.0,5916.75,381.9,No,Cash,Paid,Delivered
ORD101893,2026-05-24,CUST1500,Backpack,Accessories,South,Hyderabad,4,2033.8,8135.2,20.0,1198.07,376.47,No,Debit Card,Paid,Cancelled
ORD100523,2025-10-28,CUST1660,Smartphone,Electronics,West,Mumbai,1,28236.79,28236.79,0.0,18019.52,458.91,No,Debit Card,Paid,Delivered
ORD103222,2026-05-07,CUST1758,Shoes,Fashion,South,Chennai,2,2936.39,5872.78,15.0,2559.76,100.64,No,Debit Card,Paid,Delivered
ORD100091,2025-11-06,CUST1098,Headphones,Electronics,South,Hyderabad,2,3383.76,6767.52,10.0,2258.23,370.76,No,Net Banking,Paid,Delivered
ORD105658,2025-10-31,CUST1151,Microwave,Home Appliances,South,Chennai,4,9751.61,39006.44,30.0,7484.49,409.83,No,Debit Card,Failed,Delivered
ORD105408,2026-02-26,CUST1789,Desk,Furniture,West,Ahmedabad,1,11936.12,11936.12,0.0,9170.54,,Yes,Cash,Paid,Returned
ORD101566,2025-05-31,CUST1655,Shoes,Fashion,South,Chennai,1,3314.64,3314.64,10.0,2394.8,324.44,No,Cash,Paid,Delivered
ORD100442,2025-01-22,CUST1291,Office Chair,Furniture,South,Bengaluru,1,8868.42,8868.42,0.0,6620.02,unknown,No,Credit Card,Paid,Delivered
ORD101618,2025-12-22,CUST1318,Microwave,Home Appliances,North,Jaipur,2,9404.91,18809.82,30.0,7328.54,215.65,Yes,Debit Card,Pending,Returned
ORD101549,2026-07-04,CUST1349,Headphones,Electronics,West,Pune,4,3061.31,12245.24,25.0,2584.51,262.91,No,Credit Card,Paid,Cancelled
ORD101820,2025-12-31,CUST1072,Microwave,Home Appliances,North,Jaipur,4,12047.85,48191.4,0.0,9165.7,305.1,No,Net Banking,Paid,Delivered
ORD101461,2026-01-24,CUST1576,Office Chair,Furniture,West,Ahmedabad,5,10110.36,50551.8,20.0,6246.11,135.72,Yes,Credit Card,Failed,Returned
ORD103594,2025-11-25,CUST1414,T-Shirt,Fashion,East,Kolkata,2,789.48,1578.96,25.0,676.86,155.95,No,Debit Card,Failed,Cancelled
ORD104570,2025-03-13,CUST1437,Tablet,Electronics,West,Pune,4,19273.97,77095.88,25.0,15324.06,369.97,No,Debit Card,Paid,Delivered
ORD101686,2025-06-25,CUST1409,Mixer,Home Appliances,South,Hyderabad,1,4602.87,4602.87,20.0,3400.63,99.75,No,Cash,Failed,Delivered
ORD104247,2025-03-15,CUST1691,Smartphone,Electronics,Central,Nagpur,5,28502.5,142512.5,10.0,19487.25,313.22,Yes,Net Banking,Paid,Returned
ORD100827,2026-06-17,CUST1158,Jacket,Fashion,South,Hyderabad,1,4136.17,4136.17,30.0,2561.38,266.26,Yes,UPI,Pending,Returned
ORD100314,2026-04-30,CUST1211,Smartwatch,Electronics,North,Delhi,1,7100.87,7100.87,20.0,4726.1,351.64,No,Debit Card,Pending,Delivered
ORD104095,2025-01-21,CUST1479,Backpack,Accessories,West,Pune,1,1844.0,1844.0,30.0,1287.72,87.2,No,UPI,Pending,Delivered
ORD100805,2026-07-09,CUST1425,Coffee Maker,Home Appliances,North,Delhi,1,5964.24,5964.24,30.0,4504.38,485.57,Yes,UPI,Paid,Returned
ORD104179,2026-01-09,CUST1242,Smartphone,Electronics,West,Pune,4,26623.83,106495.32,15.0,23201.1,60.63,No,Debit Card,Paid,Delivered
ORD105621,2025-09-12,CUST1556,Backpack,Accessories,West,Pune,3,2033.54,6100.62,0.0,1606.76,287.37,No,Net Banking,Failed,Cancelled
ORD101783,2025-05-18,CUST1200,Office Chair,Furniture,West,Ahmedabad,5,10310.59,51552.95,15.0,7847.7,336.41,Yes,Net Banking,Failed,Returned
ORD103511,2026-02-10,CUST1459,Office Chair,Furniture,South,Hyderabad,3,8592.36,25777.08,15.0,6253.22,152.7,No,Net Banking,Failed,Delivered
ORD100436,2025-11-24,CUST1179,Headphones,Electronics,East,Bhubaneswar,3,2980.4,8941.2,10.0,2575.92,191.26,No,Debit Card,Paid,Delivered
ORD102008,08/01/2025,CUST1332,Coffee Maker,Home Appliances,West,Pune,2,5550.91,11101.82,30.0,3775.11,55.16,No,Net Banking,Failed,Delivered
ORD102337,2025-01-11,CUST1622,Jacket,Fashion,South,Bengaluru,1,5086.74,5086.74,5.0,4044.1,307.5,No,UPI,Paid,Delivered
ORD103188,2026-01-08,CUST1039,Blender,Home Appliances,Central,Nagpur,5,2886.52,14432.6,25.0,1654.98,197.42,No,UPI,Paid,Delivered
ORD103830,2025-11-23,CUST1783,Mixer,Home Appliances,North,Lucknow,1,4302.55,4302.55,25.0,3748.39,489.41,No,Cash,Paid,Delivered
ORD102023,2026-01-15,CUST1021,Microwave,Home Appliances,Central,Bhopal,1,12193.04,12193.04,5.0,6790.61,165.56,No,UPI,Paid,Delivered
ORD100870,2026-01-15,CUST1667,Shoes,Fashion,East,Kolkata,1,3447.16,3447.16,30.0,2412.5,377.86,No,Cash,Paid,Delivered
ORD100161,2026-03-23,CUST1390,Backpack,Accessories,West,Mumbai,2,1826.75,3653.5,15.0,1192.68,272.83,No,Debit Card,Paid,Cancelled
ORD104438,2025-03-12,CUST1745,Tablet,Electronics,West,Ahmedabad,3,19647.03,58941.09,10.0,10872.64,215.38,No,Cash,Pending,Cancelled
ORD102069,2025-10-11,CUST1486,Laptop,Electronics,South,Bengaluru,1,53821.78,53821.78,30.0,37095.97,391.87,Yes,UPI,Paid,Returned
ORD105481,2025-09-11,CUST1519,Headphones,Electronics,North,Lucknow,2,3845.18,7690.36,20.0,2927.24,142.79,No,Credit Card,Paid,Delivered
ORD102636,2025-04-02,CUST1608,Desk,Furniture,North,Jaipur,3,13109.03,39327.09,0.0,9740.85,227.77,No,Credit Card,Paid,Delivered
ORD103308,2025-12-22,,Office Chair,Furniture,East,Patna,5,7994.12,39970.6,10.0,5899.31,341.99,Yes,Cash,Pending,Returned
ORD100313,2025-12-14,,Jacket,Fashion,South,Chennai,4,4781.83,19127.32,10.0,3228.43,422.43,No,Net Banking,Paid,Delivered
ORD104756,2025-08-01,CUST1410,Jacket,Fashion,West,Pune,1,4502.12,4502.12,5.0,3421.25,124.93,No,UPI,Failed,Cancelled
ORD104559,2025-10-22,CUST1440,Smartphone,Electronics,North,Delhi,3,30971.78,92915.34,5.0,25082.56,169.38,No,Credit Card,Pending,Delivered
ORD104474,2026-01-13,CUST1716,Blender,Home Appliances,South,Chennai,2,2686.09,5372.18,0.0,1661.69,334.47,No,Debit Card,Paid,Delivered
ORD104376,2025-05-29,CUST1276,Shoes,Fashion,North,Delhi,5,2860.82,14304.1,25.0,2102.0,216.94,No,Cash,Paid,Delivered
ORD102780,2025-12-26,CUST1468,Smartphone,Electronics,Central,Indore,1,26688.87,26688.87,10.0,19702.9,311.67,No,Net Banking,Paid,Delivered
ORD100622,2026-07-14,CUST1703,Tablet,Electronics,South,Chennai,2,23917.39,47834.78,25.0,15535.51,216.65,No,Cash,Pending,Delivered
ORD102453,2025-05-20,CUST1498,Headphones,electronics,North,Jaipur,2,3838.13,7676.26,15.0,2903.11,157.46,Yes,UPI,Pending,Returned
ORD102968,2026-05-03,CUST1556,Laptop,Electronics,East,Kolkata,3,61933.16,185799.48,30.0,37692.37,286.12,No,Net Banking,Paid,Delivered
ORD102466,2025-05-07,CUST1308,Laptop,Electronics,East,Patna,2,49817.92,99635.84,30.0,38803.39,227.03,No,Net Banking,Paid,Delivered
ORD103762,2025-05-16,CUST1518,Microwave,Home Appliances,South,Hyderabad,1,12047.93,12047.93,0.0,10022.16,345.34,No,Cash,Failed,Delivered
ORD101291,2025-09-08,CUST1436,Blender,Home Appliances,East,Bhubaneswar,3,3354.81,10064.43,25.0,1980.27,127.09,No,Debit Card,Paid,Cancelled
ORD105906,2025-02-15,CUST1572,Coffee Maker,Home Appliances,South,Hyderabad,2,5075.15,10150.3,20.0,3945.35,210.79,No,Cash,Paid,Cancelled
ORD101218,2025-07-04,CUST1559,Smartphone,Electronics,East,Kolkata,5,26201.61,131008.05,10.0,19786.58,69.86,No,UPI,Pending,Delivered
ORD105264,2025-08-31,CUST1306,Coffee Maker,Home Appliances,North,Lucknow,5,5026.47,25132.35,25.0,3343.67,135.24,No,Credit Card,Paid,Delivered
ORD104428,2026-06-02,CUST1330,Tablet,Electronics,West,Ahmedabad,1,24634.9,24634.9,30.0,16686.71,353.99,Yes,Credit Card,Pending,Returned
ORD104363,2026-07-12,CUST1204,Smartwatch,Electronics,North,Delhi,4,6348.43,25393.72,10.0,3551.25,369.42,No,UPI,Paid,Delivered
ORD104906,2025-07-27,CUST1194,Office Chair,Furniture,West,Pune,2,7861.11,15722.22,15.0,5700.61,367.48,No,Net Banking,Failed,Cancelled
ORD104307,2025-05-31,CUST1605,Office Chair,Furniture,West,Mumbai,5,7996.8,39984.0,15.0,5941.72,340.2,No,UPI,Pending,Cancelled
ORD101059,2026-03-14,CUST1432,Headphones,Electronics,West,Pune,1,3435.25,3435.25,30.0,2562.54,135.7,No,Net Banking,Paid,Delivered
ORD104388,2025-11-20,CUST1530,Tablet,Electronics,North,Lucknow,1,20392.38,20392.38,5.0,16021.83,397.82,No,Cash,Pending,Delivered
ORD105171,2025-12-03,CUST1073,Headphones,Electronics,North,Jaipur,2,3456.84,6913.68,,2328.28,493.51,No,Credit Card,Paid,Delivered
ORD105490,2026-05-12,CUST1482,Laptop,Fashion ,East,Kolkata,4,61640.54,246562.16,30.0,43560.12,418.95,No,Credit Card,Paid,Delivered
ORD100725,2025-05-11,CUST1579,Bookshelf,Furniture,West,Ahmedabad,1,7346.83,7346.83,0.0,6379.6,73.84,Yes,Cash,Paid,Returned
ORD101898,2025-10-06,CUST1214,Mixer,Home Appliances,Central,Indore,1,4232.19,4232.19,10.0,2962.15,411.28,No,Net Banking,Paid,Delivered
ORD101018,2026-02-02,CUST1265,Office Chair,Furniture,Central,Indore,1,8268.14,8268.14,20.0,4710.84,482.37,No,Net Banking,Pending,Cancelled
ORD102794,2026-03-16,CUST1075,Mixer,Home Appliances,Central,Bhopal,2,4592.05,9184.1,25.0,3457.24,458.04,No,Net Banking,Paid,Delivered
ORD104536,2026-04-03,CUST1567,T-Shirt,Fashion,North,Lucknow,2,857.22,1714.44,25.0,598.14,253.97,No,Credit Card,Paid,Cancelled
ORD101259,2025-10-06,CUST1706,Desk,Furniture,Central,Bhopal,1,11089.72,11089.72,30.0,8133.62,434.26,No,Net Banking,Paid,Delivered
ORD100657,2025-09-03,CUST1289,Mixer,Home Appliances,West,Pune,2,4023.38,8046.76,10.0,3112.12,363.21,No,Debit Card,Pending,Delivered
ORD105723,2026-05-26,CUST1472,Jacket,Fashion,Central,Bhopal,3,3931.91,11795.73,15.0,3300.87,119.69,No,UPI,Failed,Delivered
ORD103276,2026-07-22,CUST1312,Headphones,Electronics,East,Kolkata,2,4021.16,8042.32,30.0,2623.64,408.18,No,Cash,Pending,Cancelled
ORD101222,2025-08-03,CUST1310,Mixer,Home Appliances,North,Lucknow,2,3614.3,7228.6,110.0,2337.65,463.73,Yes,UPI,Pending,Returned
ORD102820,2025-06-17,CUST1014,Bookshelf,Furniture,West,Pune,2,5722.81,11445.62,25.0,4507.82,259.08,no,Cash,Paid,Returned
ORD101504,2025-04-11,CUST1031,Headphones,Electronics,North,Delhi,2,3763.81,7527.62,15.0,2075.56,40.15,no,Credit Card,Paid,Delivered
ORD100681,2025-09-18,CUST1735,Blender,Home Appliances,South,Hyderabad,1,2882.12,2882.12,5.0,2417.37,78.06,No,Debit Card,Pending,Delivered
ORD101731,2025-03-22,CUST1044,Blender,Home Appliances,West,Ahmedabad,2,3294.28,6588.56,25.0,2219.06,340.89,Yes,Debit Card,Pending,Returned
ORD104444,2025-08-02,CUST1397,T-Shirt,Fashion,West,Pune,2,835.48,1670.96,15.0,711.81,403.46,No,UPI,Failed,Delivered
ORD102305,2025-08-19,CUST1263,Laptop,Electronics,North,Jaipur,2,57106.09,114212.18,15.0,31591.63,unknown,No,Credit Card,Paid,Delivered
ORD100896,2025-07-23,CUST1556,Laptop,Electronics,West,Pune,1,54845.68,54845.68,30.0,47162.12,349.0,Yes,Net Banking,Paid,Returned
ORD105791,2025-01-09,CUST1204,Backpack,Accessories,Central,Indore,2,1705.49,3410.98,20.0,1325.19,392.23,No,,Paid,Delivered
ORD104508,2025-04-09,CUST1540,Laptop,Electronics,South,Chennai,2,56661.39,113322.78,,46658.11,274.34,No,UPI,Paid,Delivered
ORD105095,2025-01-01,CUST1726,Backpack,Accessories,North,Jaipur,2,1774.09,3548.18,0.0,1420.46,463.62,No,Debit Card,Pending,Delivered
ORD105725,2025-06-18,CUST1434,Mixer,Home Appliances,North,Delhi,3,4356.01,13068.03,20.0,3808.83,166.86,No,UPI,Paid,Delivered
ORD105714,2025-10-14,CUST1479,Blender,Home Appliances,South,Chennai,1,3160.76,3160.76,15.0,2363.89,356.56,No,UPI,Failed,Delivered
ORD102632,14/03/2025,CUST1725,Mixer,Home Appliances,East,Patna,1,4641.54,4641.54,5.0,3686.4,394.79,Yes,Debit Card,Pending,Returned
ORD105089,2025-06-21,CUST1420,Office Chair,Furniture,West,Pune,2,8676.83,17353.66,10.0,4887.86,316.94,No,UPI,Pending,Delivered
ORD104172,2025-02-08,CUST1473,Tablet,Electronics,East,Kolkata,3,20747.85,62243.55,0.0,17151.22,91.98,No,Cash,Pending,Delivered
ORD102744,2025-05-12,CUST1363,Smartwatch,Electronics,East,Patna,1,6617.7,6617.7,30.0,3992.34,112.15,No,Credit Card,Failed,Cancelled
ORD104033,27/04/2026,CUST1300,Backpack,Accessories,Central,Nagpur,4,1806.61,7226.44,30.0,1137.63,269.13,No,UPI,Failed,Delivered
ORD105545,2026-02-05,CUST1048,Smartwatch,Electronics,North,Delhi,1,6083.88,6083.88,10.0,3851.39,355.27,No,Cash,Paid,Delivered
ORD104649,2025-10-31,CUST1156,Smartwatch,Electronics,Central,Nagpur,1,6542.95,6542.95,25.0,4866.36,269.94,No,Cash,Pending,Delivered
ORD101721,2025-02-21,CUST1243,Bookshelf,Furniture,South,Hyderabad,4,6828.78,27315.12,30.0,4088.86,382.96,No,Credit Card,Failed,Delivered
ORD104446,2025-04-16,CUST1798,T-Shirt,Fashion,Central,Nagpur,5,1018.95,5094.75,5.0,563.74,344.46,No,Debit Card,Paid,Cancelled
ORD105784,2026-01-01,CUST1321,Microwave,Home Appliances,East,Kolkata,1,12327.05,12327.05,10.0,7334.02,359.77,No,Net Banking,Failed,Cancelled
ORD102994,2025-04-14,CUST1402,Smartwatch,Electronics,East,Kolkata,2,6202.96,12405.92,20.0,3687.21,381.61,No,Net Banking,Paid,Delivered
ORD102297,2025-08-03,CUST1027,Smartphone,Electronics,North,Jaipur,1,30753.2,30753.2,20.0,24192.51,306.09,No,Credit Card,Paid,Cancelled
ORD102227,2025-07-19,CUST1119,Smartwatch,Electronics,Central,Nagpur,1,7936.63,7936.63,15.0,4736.26,248.35,Yes,Cash,Paid,Returned
ORD102446,2026-01-15,CUST1692,Jacket,Fashion,West,Mumbai,4,5017.87,20071.48,30.0,3958.01,348.36,No,Cash,Paid,Delivered
ORD100598,2025-06-13,CUST1551,Laptop,Electronics,North,Delhi,1,58012.89,58012.89,5.0,32916.18,57.28,No,upi,Paid,Delivered
ORD104059,2025-04-26,CUST1138,Blender,Home Appliances,North,Lucknow,1,3061.42,3061.42,0.0,2661.84,376.93,No,UPI,Pending,Delivered
ORD104504,2025-09-04,CUST1092,Desk,Furniture,Central,Indore,1,12132.92,12132.92,0.0,9485.34,335.88,No,UPI,Paid,Delivered
ORD101912,2025-04-05,CUST1447,Smartphone,Electronics,South,Hyderabad,2,28025.72,56051.44,15.0,24192.18,205.27,Yes,UPI,Paid,Returned
ORD101823,2026-07-15,CUST1256,Laptop,Electronics,North,Lucknow,2,59516.57,119033.14,20.0,37079.16,109.57,Yes,Debit Card,Pending,Returned
ORD104733,2026-02-19,CUST1062,T-Shirt,Fashion,West,Ahmedabad,3,826.44,2479.32,15.0,695.44,114.03,No,Net Banking,Paid,Cancelled
ORD100205,2025-07-10,CUST1579,Headphones,Electronics,West,Pune,4,3158.63,12634.52,0.0,2420.28,496.2,Yes,UPI,Failed,Returned
ORD102237,2025-01-31,CUST1358,Backpack,Accessories,Central,Indore,2,1750.11,3500.22,0.0,1349.92,228.76,No,Net Banking,Pending,Delivered
ORD101847,2025-05-13,CUST1380,Backpack,Accessories,West,Pune,5,1776.79,8883.95,25.0,1144.09,412.34,No,Net Banking,Pending,Delivered
ORD102477,2026-02-14,CUST1198,Blender,Home Appliances,South,Bengaluru,1,2698.32,2698.32,0.0,1747.93,353.51,No,UPI,Failed,Delivered
ORD105880,2025-05-18,CUST1225,Bookshelf,Furniture,West,Mumbai,1,6688.76,6688.76,25.0,5186.72,214.8,No,UPI,Failed,Delivered
ORD105226,2025-05-29,CUST1506,Bookshelf,Furniture,South,Bengaluru,2,5688.88,11377.76,5.0,3413.18,137.96,No,Net Banking,Paid,Delivered
ORD105961,2025-03-09,CUST1370,T-Shirt,Fashion,East,Patna,5,901.55,4507.75,20.0,737.64,164.72,No,Credit Card,Paid,Delivered
ORD101008,2025-05-24,CUST1389,Smartwatch,Electronics,South,Chennai,1,7406.89,7406.89,5.0,4478.42,N/A,No,Cash,Paid,Delivered
ORD100939,2026-02-20,CUST1687,Office Chair,Furniture,East,Bhubaneswar,2,9214.63,18429.26,30.0,6016.79,458.52,No,UPI,Paid,Cancelled
 ORD100874 ,2025-01-10,CUST1233,Coffee Maker,Home Appliances,North,Delhi,4,6319.51,25278.04,20.0,4546.35,419.65,No,Cash,Pending,Cancelled
ORD101793,2026-02-15,CUST1412,Blender,Home Appliances,Central,Bhopal,1,3184.52,3184.52,25.0,2259.75,497.72,No,Net Banking,Pending,Delivered
 ORD105174 ,2026-01-17,CUST1018,T-Shirt,Fashion,Central,Bhopal,3,790.68,2372.04,10.0,592.95,137.68,No,Net Banking,Paid,Delivered
ORD102488,2025-12-25,CUST1383,Blender,Home Appliances,East,Kolkata,1,2851.9,2851.9,20.0,2248.62,314.84,yes,Net Banking,Failed,Delivered
ORD101406,2025-01-21,CUST1512,Laptop,Electronics,Central,Nagpur,3,57129.48,171388.44,30.0,37088.95,302.82,Yes,Net Banking,Paid,Returned
ORD100860,2026-07-21,CUST1721,Mixer,Home Appliances,North,Delhi,4,4697.78,18791.12,0.0,3968.17,370.82,No,Cash,Failed,Delivered
ORD105141,2026-01-23,CUST1487,Desk,Furniture,West,Mumbai,5,13252.64,66263.2,30.0,8563.39,258.4,No,Cash,Paid,Delivered
ORD102242,2025-07-14,CUST1351,Smartwatch,Electronics,East,Patna,4,6808.3,27233.2,20.0,4176.8,418.06,No,UPI,Paid,Delivered
ORD105732,2025-09-12,CUST1642,Microwave,Home Appliances,South,Hyderabad,2,11841.26,23682.52,20.0,10123.85,90.05,No,Credit Card,Paid,Cancelled
ORD104170,2025-06-01,CUST1581,Smartwatch,Electronics,North,Jaipur,1,7721.8,7721.8,30.0,4267.61,469.89,No,Debit Card,Paid,Cancelled
ORD102249,2025-12-18,CUST1108,Microwave,Home Appliances,South,Hyderabad,1,10337.35,10337.35,0.0,7751.52,424.8,No,Net Banking,Pending,Delivered
ORD102159,2025-11-05,CUST1249,Mixer,Home Appliances,East,Bhubaneswar,3,3674.62,11023.86,0.0,2409.36,239.85,Yes,Net Banking,Paid,Returned
ORD104871,2025-03-10,CUST1194,Backpack,Accessories,North,Delhi,4,1551.53,6206.12,30.0,1271.65,332.42,No,Credit Card,Failed,Cancelled
ORD101299,2025-09-09,CUST1374,Laptop,Electronics,South,Chennai,4,50921.76,203687.04,15.0,44705.1,97.62,No,Credit Card,Paid,Delivered
ORD100853,2025-12-22,CUST1026,Laptop,Electronics,Central,Bhopal,3,53759.71,161279.13,15.0,41344.09,265.32,No,Credit Card,Paid,Cancelled
ORD104822,2026-05-02,CUST1465,laptop,Home Appliances,North,Lucknow,2,9374.65,18749.3,5.0,8074.49,387.55,No,Net Banking,Paid,Delivered
ORD104854,2025-08-31,CUST1368,Jacket,Fashion,South,Chennai,3,4024.5,12073.5,25.0,3371.67,167.33,No,Debit Card,Paid,Delivered
ORD101999,2025-01-02,CUST1078,Coffee Maker,Home Appliances,East,Patna,5,5896.6,29483.0,30.0,4960.7,417.13,No,Credit Card,Failed,Delivered
ORD100374,2025-06-24,CUST1076,Mixer,Home Appliances,East,Kolkata,1,3849.45,"3,849.45",0.0,2404.39,415.96,No,Credit Card,Failed,Cancelled
ORD105369,2026-04-27,CUST1256,Smartphone,Electronics,West,Ahmedabad,1,30088.51,30088.51,5.0,,278.23,No,Credit Card,Failed,Cancelled
ORD103773,2025-02-20,CUST1407,Microwave,Home Appliances,East,Kolkata,4,9799.0,39196.0,10.0,8404.96,398.35,No,Net Banking,Paid,Delivered
ORD101519,2026-07-10,CUST1143,Headphones,Electronics,Central,Bhopal,3,3429.31,10287.93,5.0,2110.03,289.34,No,Credit Card,Paid,Cancelled
ORD101534,2025-10-16,CUST1379,Laptop,Electronics,Central,,5,53840.06,269200.3,10.0,38418.61,45.9,No,Credit Card,Failed,Delivered
ORD101810,2025-06-24,CUST1492,Smartphone,Electronics,West,Mumbai,4,30136.58,120546.32,0.0,18428.53,192.71,No,Debit Card,Pending,Cancelled
ORD101386,2025-04-29,CUST1374,Coffee Maker,Home Appliances,Central,Bhopal,2,5620.92,11241.84,0.0,4095.81,48.49,Yes,Credit Card,Paid,Returned
ORD103560,2026-04-17,CUST1410,Coffee Maker,Home Appliances,Central,Indore,1,6194.8,6194.8,10.0,3860.2,407.39,No,Net Banking,Paid,Delivered
ORD102136,2025-05-13,CUST1197,Bookshelf,Furniture,East,Bhubaneswar,2,6201.26,12402.52,5.0,4919.67,379.21,No,Debit Card,Paid,Delivered
ORD102578,2026-06-05,CUST1450,Bookshelf,Furniture,East,Bhubaneswar,1,5892.54,5892.54,30.0,3781.44,157.31,No,Net Banking,Paid,Delivered
ORD103382,2025-05-07,CUST1088,Jacket,Fashion,East,Kolkata,5,4469.01,22345.05,0.0,2666.49,93.85,No,Credit Card,Paid,Delivered
ORD103445,2026-07-12,CUST1359,Desk,Furniture,East,Patna,2,12050.66,24101.32,10.0,8626.98,258.83,,Net Banking,Pending,Delivered
ORD102203,2026-05-23,CUST1552,Office Chair,Furniture,East,Patna,1,9925.92,9925.92,25.0,"8,694.54",264.3,No,Credit Card,Paid,Delivered
ORD102764,2026-04-20,CUST1492,Mixer,Home Appliances,West,Mumbai,1,4650.22,4650.22,25.0,2958.71,206.14,No,,Paid,Cancelled
ORD101178,2025-03-19,CUST1336,Office Chair,Furniture,Central,Bhopal,3,9982.68,29948.04,10.0,8750.38,112.54,No,Net Banking,Pending,Delivered
ORD102405,2025-01-05,CUST1468,Desk,Furniture,North,Jaipur,1,13387.66,13387.66,10.0,10144.85,138.22,No,Net Banking,Paid,Delivered
ORD100793,2025-06-19,CUST1375,Backpack,Accessories,East,Kolkata,2,1848.45,3696.9,10.0,1184.67,411.32,No,Net Banking,Paid,Delivered
ORD103392,2026-07-17,CUST1390,Microwave,Home Appliances,North,Delhi,2,11047.44,22094.88,0.0,9152.39,461.64,No,Credit Card,Paid,Delivered
ORD101492,2025-02-23,CUST1346,Smartphone,Electronics,Central,Bhopal,1,24198.0,24198.0,10.0,15910.27,56.14,No,Cash,Paid,Delivered
ORD103665,2025-04-18,CUST1677,Bookshelf,Furniture,Central,Nagpur,4,7246.58,28986.32,10.0,4077.49,271.89,No,Credit Card,Pending,Delivered
ORD105423,2025-06-13,CUST1386,Coffee Maker,Home Appliances,South,Hyderabad,3,4831.92,14495.76,10.0,4200.17,188.11,No,UPI,Paid,Delivered
ORD104660,2025-02-12,CUST1096,Backpack,Accessories,Central,Bhopal,2,1654.47,3308.94,10.0,1261.18,129.56,No,Cash,Paid,Delivered
ORD104519,2025-02-18,CUST1422,Shoes,Electronics,South,Chennai,1,2836.45,2836.45,25.0,1868.07,388.19,Yes,upi,Pending,Returned
ORD101231,2025-12-28,CUST1195,Bookshelf,Home appliance,North,Jaipur,1,5878.07,5878.07,15.0,3428.0,165.05,No,Cash,Pending,Delivered
ORD101498,2025-12-06,CUST1441,Mixer,Home Appliances,East,Kolkata,2,4192.05,8384.1,5.0,2340.97,226.91,Yes,Credit Card,Paid,Returned
ORD103885,2025-03-06,CUST1440,Bookshelf,Furniture,West,Pune,2,5549.72,11099.44,20.0,4306.31,84.82,No,Net Banking,Failed,Delivered
ORD104951,2025-09-18,CUST1028,Shoes,Fashion,Central,Nagpur,1,2850.37,2850.37,30.0,1623.8,193.36,No,Credit Card,Failed,Delivered
ORD102039,2025-01-02,,Blender,Home Appliances,Central,Bhopal,2,3435.58,6871.16,5.0,2063.8,323.28,No,Cash,Pending,Delivered
ORD103093,2025-11-10,CUST1726,Coffee Maker,Home Appliances,South,,1,6128.86,6128.86,20.0,4202.13,475.84,No,Net Banking,Failed,Delivered
ORD103947,2025-11-15,CUST1704,Mixer,Home Appliances,Central,Bhopal,2,4348.32,8696.64,10.0,3638.49,154.86,No,Net Banking,Paid,Delivered
ORD101924,2025-09-29,CUST1017,Headphones,Electronics,South,Chennai,1,3814.7,3814.7,0.0,2427.46,150.01,No,Cash,Paid,Delivered
ORD102308,2026-06-24,CUST1713,Bookshelf,Furniture,South,Hyderabad,3,6028.5,18085.5,15.0,4990.47,477.48,No,UPI,Pending,Cancelled
ORD101104,2025-10-02,CUST1260,Shoes,Fashion,North,Delhi,3,2844.77,8534.31,30.0,1760.67,181.12,No,Credit Card,Pending,Delivered
ORD104615,2025-09-17,CUST1535,Mixer,Home Appliances,South,Bengaluru,1,4215.01,4215.01,20.0,3008.03,,No,Credit Card,Paid,Delivered
ORD102889,2025-09-09,CUST1340,Jacket,Fashion,North,Lucknow,3,4245.57,12736.71,15.0,3558.92,244.38,No,Net Banking,Paid,Cancelled
ORD101324,2025-01-17,CUST1562,Bookshelf,Furniture,Central,,1,6672.95,6672.95,30.0,3714.85,298.59,No,Credit Card,Paid,Delivered
ORD101799,2025-11-02,CUST1191,Shoes,Fashion,Central,Nagpur,3,2763.35,8290.05,15.0,1659.21,55.06,No,UPI,Paid,Delivered
ORD104472,2025-05-25,CUST1625,Bookshelf,Furniture,South,Bengaluru,1,6679.64,6679.64,10.0,5009.27,362.55,No,Credit Card,Paid,Cancelled
ORD101830,2025-02-05,CUST1175,Shoes,Fashion,Central,Indore,2,3055.41,6110.82,15.0,2266.4,114.95,No,Cash,Paid,Delivered
ORD101029,2025-07-31,CUST1092,Smartphone,Electronics,East,,1,31409.36,31409.36,10.0,27636.85,118.9,No,Debit Card,Paid,Delivered
ORD104594,2026-05-13,CUST1001,Desk,Electronics,East,Bhubaneswar,1,12594.86,12594.86,20.0,9494.49,148.14,No,Cash,Failed,Delivered
ORD101689,02/04/2025,CUST1469,Mixer,Home Appliances,West,,2,3632.53,7265.06,15.0,2559.66,75.76,No,Debit Card,Paid,Cancelled
ORD102460,2025-05-15,CUST1188,Blender,Home Appliances,South,Chennai,2,3384.0,6768.0,,2855.48,215.92,Yes,Debit Card,Failed,Returned
ORD102117,2026-01-29,CUST1214,Blender,Home Appliances,Central,Indore,2,3235.36,6470.72,20.0,2512.89,488.1,No,Debit Card,Paid,Cancelled
ORD100580,2026-02-17,CUST1139,Office Chair,electronics,South,Bengaluru,3,9370.99,28112.97,5.0,6801.84,256.81,No,Credit Card,Paid,Cancelled
ORD104922,2025-08-07,CUST1057,Blender,Home Appliances,Central,Indore,2,3195.59,6391.18,10.0,2237.68,293.92,No,Credit Card,Paid,Cancelled
ORD104270,2025-08-14,CUST1624,Backpack,Accessories,North,Lucknow,4,1722.65,6890.6,0.0,1496.71,83.25,No,UPI,Paid,Cancelled
ORD105394,2025-03-26,CUST1017,Coffee Maker,Home Appliances,West,Ahmedabad,5,5726.36,28631.8,0.0,4474.45,427.14,No,Credit Card,Pending,Delivered
ORD100119,2026-05-16,CUST1117,Microwave,Home Appliances,North,Jaipur,3,11612.37,34837.11,15.0,8526.69,143.75,Yes,Debit Card,Failed,Returned
ORD105995,2026-02-27,CUST1477,Backpack,Accessories,North,Jaipur,1,1785.06,1785.06,25.0,1349.07,271.6,,UPI,Paid,Cancelled
ORD101408,2025-12-20,CUST1474,Laptop,Electronics,East,Kolkata,1,56696.94,56696.94,0.0,47804.36,387.58,No,Cash,Failed,Delivered
ORD103471,2025-09-21,CUST1147,Backpack,Accessories,South,Hyderabad,4,1620.92,6483.68,30.0,1417.81,453.74,No,Cash,Paid,Delivered
ORD104283,2025-02-25,CUST1041,Microwave,Home Appliances,East,Patna,2,11409.24,22818.48,15.0,unknown,161.44,No,UPI,Paid,Delivered
ORD103755,2025-10-06,CUST1768,Smartwatch,Electronics,South,Chennai,3,7880.11,23640.33,20.0,5140.95,212.43,No,Credit Card,Paid,Delivered
ORD105689,2026-04-30,CUST1544,Coffee Maker,Home Appliances,East,Kolkata,1,5241.69,5241.69,20.0,4319.28,133.73,No,Cash,Paid,Cancelled
ORD104586,2025-06-04,CUST1542,T-Shirt,Fashion,East,Patna,1,1024.6,1024.6,0.0,706.05,222.18,Yes,Credit Card,Paid,Returned
ORD102054,2026-04-21,CUST1162,Office Chair,Furniture,South,Bengaluru,1,9236.84,9236.84,20.0,6342.28,315.25,No,UPI,Failed,Cancelled
ORD102860,2026-05-29,CUST1136,Laptop,Electronics,Central,Nagpur,3,59582.77,178748.31,0.0,48076.39,254.51,No,UPI,Paid,Cancelled
ORD103747,2026-07-03,CUST1762,Office Chair,Furniture,North,Delhi,2,9110.29,18220.58,10.0,5592.16,144.16,Yes,Net Banking,Paid,Returned
ORD100807,2025-09-28,CUST1014,Blender,Electronics,West,Pune,2,2636.12,5272.24,30.0,2284.66,204.44,Yes,Cash,Paid,Returned
ORD103257,2026-04-22,CUST1630,Smartwatch,Electronics,Central,Bhopal,2,7908.83,15817.66,20.0,4627.8,483.49,No,Cash,Pending,Delivered
ORD105773,2025-10-21,CUST1343,Jacket,Fashion,North,Jaipur,1,4807.07,4807.07,15.0,3672.6,329.48,No,Cash,Paid,Delivered
ORD105102,2025-10-28,CUST1327,Microwave,Home Appliances,East,Patna,3,11197.94,33593.82,5.0,7614.31,-50,No,Net Banking,Paid,Delivered
ORD101382,2025-05-13,CUST1584,Smartwatch,Electronics,East,Bhubaneswar,5,6730.01,33650.05,10.0,4051.97,220.38,No,Net Banking,Pending,Delivered
 ORD100067 ,2025-11-14,CUST1236,Blender,Home Appliances,Central,Bhopal,1,3234.21,3234.21,10.0,2283.82,318.81,No,Net Banking,Paid,Delivered
ORD102353,2025-09-19,CUST1654,Desk,Furniture,North,Jaipur,3,11188.8,33566.4,15.0,7967.63,304.27,No,UPI,Failed,Cancelled
 ORD100859 ,2025-10-27,CUST1403,T-Shirt,Fashion,South,Hyderabad,2,981.75,1963.5,30.0,689.33,,No,Cash,Paid,Delivered
ORD100043,2026-01-22,CUST1348,Mixer,Home Appliances,South,Chennai,2,4290.06,8580.12,15.0,2527.75,94.06,No,UPI,Pending,Delivered
ORD103152,2025-02-03,CUST1129,Desk,Furniture,North,Jaipur,4,12250.15,49000.6,10.0,6830.64,435.49,No,Credit Card,Paid,Cancelled
ORD104952,2026-03-18,CUST1614,Desk,Furniture,South,Hyderabad,3,13079.87,39239.61,25.0,11258.46,456.68,No,UPI,Pending,Delivered
ORD100112,2026-04-29,CUST1242,Coffee Maker,Home Appliances,South,Hyderabad,4,5322.05,21288.2,30.0,4564.03,87.15,No,UPI,Pending,Cancelled
ORD105966,2025-03-26,CUST1430,Shoes,Fashion,Central,Indore,4,3169.73,12678.92,5.0,2275.61,177.28,No,Debit Card,Paid,Delivered
ORD105006,2025-05-24,CUST1570,Laptop,Electronics,East,Bhubaneswar,1,58581.51,58581.51,15.0,47458.68,71.29,Yes,Net Banking,Paid,Returned
ORD102153,2026-02-02,CUST1182,Office Chair,Furniture,Central,Indore,1,8502.22,8502.22,15.0,4979.61,291.58,No,Debit Card,Failed,Cancelled
ORD105695,2026-02-17,CUST1050,Tablet,Electronics,North,Delhi,1,21527.52,21527.52,25.0,11939.69,55.24,No,Credit Card,Paid,Delivered
ORD105167,2025-07-17,CUST1421,Laptop,Electronics,South,Chennai,2,59429.33,118858.66,25.0,37386.81,262.28,No,Cash,Failed,Delivered
ORD103035,18/06/2025,CUST1284,Headphones,Electronics,Central,Bhopal,1,3514.62,3514.62,15.0,2458.53,402.28,No,Credit Card,Pending,Delivered
ORD101502,2025-10-20,CUST1689,Desk,Furniture,South,Bengaluru,2,11255.2,22510.4,20.0,9291.63,121.71,Yes,UPI,Failed,Returned
ORD105639,2025-09-22,CUST1725,Smartwatch,Electronics,West,Pune,1,6276.47,6276.47,25.0,4047.2,77.83,Yes,UPI,Paid,Returned
ORD105270,2026-04-12,CUST1520,Smartwatch,Electronics,West,Mumbai,3,6567.15,19701.45,0.0,4878.09,79.3,No,Debit Card,Pending,Delivered
ORD101581,2025-03-26,CUST1524,Backpack,Accessories,North,Jaipur,1,1749.61,1749.61,25.0,unknown,280.06,No,Credit Card,Pending,Delivered
ORD101143,2026-01-29,CUST1652,Office Chair,Furniture,East,Bhubaneswar,1,9709.71,9709.71,5.0,7918.23,323.13,Yes,Credit Card,Failed,Returned
ORD103097,2025-06-18,CUST1769,Jacket,Fashion,East,Bhubaneswar,1,5133.1,5133.1,5.0,3140.0,232.34,No,Credit Card,Paid,Delivered
ORD102683,2026-06-25,CUST1275,T-Shirt,Fashion,West,Pune,4,849.29,3397.16,5.0,522.17,250.5,No, UPI ,Pending,Delivered
ORD105293,2025-06-18,CUST1432,Coffee Maker,Home Appliances,South,Chennai,4,5358.28,21433.12,20.0,3270.34,366.68,No,Cash,Paid,Cancelled
ORD103313,2025-06-15,CUST1203,Desk,Furniture,North,Delhi,3,11182.65,33547.95,30.0,8403.2,226.31,No,Credit Card,Paid,Cancelled
ORD105200,2025-07-14,CUST1439,Shoes,Fashion,East,Patna,1,3478.78,3478.78,30.0,2372.39,376.12,No,Debit Card,Paid,Cancelled
ORD103893,2025-01-11,CUST1600,Coffee Maker,Home Appliances,East,Patna,5,5780.66,28903.3,30.0,3412.28,346.26,Yes,Credit Card,Paid,Returned
ORD105493,2026-07-29,CUST1102,Smartphone,Electronics,North,Delhi,4,28173.42,112693.68,5.0,17727.29,203.07,No,UPI,Paid,Delivered
ORD105868,2025-01-04,CUST1213,Mixer,Home Appliances,East,Bhubaneswar,1,3682.27,3682.27,5.0,2544.3,420.24,No,Net Banking,Paid,Delivered
ORD100327,2025-07-26,CUST1780,Blender,Home Appliances,North,Jaipur,2,3403.87,6807.74,5.0,1893.63,398.39,No,Cash,Paid,Delivered
ORD105928,2026-01-11,CUST1564,Bookshelf,Furniture,South,Bengaluru,1,5629.92,5629.92,20.0,3168.25,347.01,No,Net Banking,Failed,Cancelled
ORD102051,2025-09-26,CUST1701,T-Shirt,Fashion,West,Mumbai,1,939.23,939.23,0.0,822.05,365.57,No,Net Banking,Paid,Delivered
ORD102647,2026-01-23,CUST1396,Blender,Home Appliances,South,Bengaluru,1,3190.78,3190.78,5.0,1996.08,332.51,No,Net Banking,Pending,Delivered
ORD104098,2025-04-29,CUST1639,Blender,Home Appliances,North,Lucknow,3,3337.93,10013.79,0.0,1980.34,128.47,Yes,Credit Card,Paid,Returned
ORD100179,2025-01-12,CUST1209,Jacket,Fashion,South,Chennai,1,4331.6,4331.6,0.0,3174.61,42.41,No,UPI,Paid,Delivered
ORD102091,2025-06-01,CUST1013,Tablet,electronics,North,Lucknow,5,20358.65,101793.25,20.0,17393.75,358.58,No,Credit Card,Paid,Cancelled
ORD102993,2025-07-03,CUST1631,Smartphone,Electronics,West,Mumbai,1,29893.53,29893.53,0.0,24085.89,156.35,No,Debit Card,Paid,Delivered
ORD102581,2025-04-19,CUST1652,Headphones,Electronics,South,Bengaluru,4,3371.83,13487.32,25.0,1983.33,477.08,No,Net Banking,Paid,Delivered
ORD104029,2025-03-07,CUST1527,Smartwatch,Electronics,South,Bengaluru,1,6902.9,6902.9,10.0,4598.91,256.2,,Net Banking,Failed,Delivered
ORD103969,2025-04-11,CUST1148,Backpack,Accessories,Central,Nagpur,1,1868.6,1868.6,0.0,1058.63,194.43,No,Debit Card,Failed,Delivered
ORD104713,2025-08-03,CUST1077,Smartphone,Electronics,Central,Nagpur,2,26411.62,52823.24,20.0,22291.92,47.74,No,UPI,Paid,Delivered
ORD102743,2025-03-10,CUST1471,Laptop,Electronics,East,Patna,2,55331.54,110663.08,10.0,45975.57,193.64,Yes,UPI,Paid,Returned
ORD100519,2026-06-27,CUST1587,Bookshelf,Furniture,Central,Nagpur,1,6654.66,6654.66,30.0,4042.52,291.57,No,Net Banking,Paid,Delivered
ORD103306,2025-12-13,CUST1393,Smartwatch,Electronics,West,Ahmedabad,1,7981.89,7981.89,0.0,4432.46,219.87,Yes,Cash,Paid,Returned
ORD103215,2025-06-17,CUST1258,Headphones,Electronics,Central,Bhopal,2,3678.99,7357.98,30.0,3161.69,313.35,No,Net Banking,Paid,Delivered
ORD100288,2026-05-10,CUST1230,Coffee Maker,Home Appliances,South,Hyderabad,2,5581.85,11163.7,25.0,4854.07,317.67,Yes,UPI,Pending,Returned
ORD103218,2026-01-19,CUST1208,Coffee Maker,Home Appliances,East,Patna,2,5912.74,11825.48,25.0,4056.91,300.8,No,UPI,Paid,Delivered
ORD100250,2025-09-20,CUST1274,Backpack,Accessories,East,Patna,3,2005.28,6015.84,0.0,1629.81,386.85,Yes,Cash,Pending,Returned
ORD105824,2026-07-10,CUST1473,Blender,Home Appliances,North,Jaipur,1,2995.43,2995.43,20.0,1883.3,168.11,No,Net Banking,Paid,Delivered
ORD105559,2026-06-21,CUST1147,Laptop,Electronics,East,Patna,2,60050.84,120101.68,5.0,46910.75,109.35,No,,Paid,Cancelled
ORD105144,2026-04-05,CUST1128,Blender,Home Appliances,North,Lucknow,2,3352.85,6705.7,30.0,2713.67,205.86,No,Credit Card,Pending,Cancelled
ORD102413,2025-12-07,CUST1704,Jacket,Fashion,North,Lucknow,1,3941.11,3941.11,30.0,2502.91,182.7,No,Net Banking,Paid,Delivered
ORD103181,2025-12-23,CUST1033,T-Shirt,Fashion,West,Pune,1,998.4,998.4,0.0,561.16,361.16,,Debit Card,Paid,Returned
ORD100781,2025-11-26,CUST1723,Tablet,Electronics,North,Lucknow,4,19113.97,76455.88,5.0,11193.67,72.04,No,UPI,Paid,Delivered
ORD102346,2026-06-05,CUST1432,Backpack,Accessories,South,Hyderabad,2,1548.6,3097.2,5.0,861.84,131.0,No,UPI,Paid,Cancelled
ORD101122,2025-08-10,CUST1397,Coffee Maker,Home Appliances,West,Pune,4,6064.71,24258.84,20.0,4709.02,186.33,Yes,UPI,Paid,Returned
ORD100202,2025-12-30,CUST1457,Mixer,Home Appliances,North,Delhi,2,4726.94,9453.88,25.0,3707.72,184.6,No,Credit Card,Paid,Delivered
ORD101801,2025-06-10,CUST1103,T-Shirt,Fashion,East,Bhubaneswar,2,778.76,1557.52,0.0,526.84,294.49,No,Cash,Paid,Delivered
ORD101596,2025-04-08,CUST1241,Coffee Maker,Home Appliances,West,Mumbai,1,5026.74,5026.74,25.0,4109.9,,Yes,UPI,Paid,Returned
ORD100074,2025-12-12,CUST1302,Shoes,Fashion,East,Patna,1,3051.87,3051.87,10.0,2644.43,197.56,No,Cash,Paid,Delivered
ORD104463,2026-07-09,CUST1607,Shoes,Fashion,West,Pune,3,3285.57,9856.71,5.0,2409.69,396.67,Yes,Cash,Pending,Returned
ORD100040,2025-08-18,CUST1519,Headphones,Electronics,Central,Bhopal,1,3716.12,3716.12,30.0,2219.22,390.29,No,Net Banking,Paid,Delivered
ORD100730,2025-12-02,CUST1607,Bookshelf,Furniture,East,Bhubaneswar,1,7345.67,7345.67,10.0,5995.12,122.64,No,Net Banking,Failed,Delivered
ORD102646,2026-04-12,CUST1757,Microwave,Home Appliances,North,Jaipur,1,9954.15,9954.15,30.0,6326.42,427.21,No,Cash,Paid,Delivered
ORD100109,2026-07-11,CUST1761,Jacket,Fashion,Central,Indore,1,5080.62,5080.62,15.0,3831.51,386.25,Yes,Credit Card,Paid,Returned
ORD105391,2026-01-29,CUST1667,Microwave,Home Appliances,Central,Nagpur,2,10276.03,20552.06,30.0,7521.06,,No,Credit Card,Paid,Cancelled
ORD105063,2026-01-18,CUST1188,Backpack,Accessories,Central,Bhopal,5,2035.76,10178.8,30.0,1618.06,359.44,No,Net Banking,Failed,Delivered
ORD100192,2026-03-21,CUST1425,Tablet,Electronics,East,Kolkata,4,20007.44,80029.76,0.0,14067.19,487.12,No,Credit Card,Failed,Delivered
ORD105650,2026-01-10,CUST1625,Desk,Furniture,East,Kolkata,3,12500.79,37502.37,20.0,10035.39,98.24,No,Credit Card,Paid,Delivered
ORD103005,2025-06-20,CUST1525,Blender,Home Appliances,North,Delhi,4,2796.26,11185.04,0.0,1981.18,180.45,No,UPI,Paid,Cancelled
ORD105927,2025-07-10,CUST1104,Laptop,Electronics,North,Lucknow,2,58038.97,116077.94,10.0,51008.18,71.59, YES ,Net Banking,Pending,Returned
ORD105365,2025-11-09,CUST1033,Backpack,Accessories,North,Delhi,4,1866.01,7464.04,15.0,1508.54,97.22,Yes,Cash,Pending,Returned
ORD101368,2025-05-15,CUST1654,Jacket,Fashion,Central,Bhopal,1,4650.57,4650.57,20.0,3547.9,194.03,No,Credit Card,Paid,Delivered
ORD104402,2025-09-24,CUST1794,Smartphone,Electronics,Central,Indore,5,30171.96,150859.8,10.0,18086.67,230.13,Yes,Cash,Pending,Returned
ORD101709,2026-05-28,CUST1399,Smartwatch,Electronics,North,Lucknow,5,7487.08,37435.4,10.0,4933.06,443.49,Yes,Debit Card,Failed,Returned
ORD105154,2025-05-22,CUST1346,Tablet,Electronics,South,Hyderabad,2,19108.92,38217.84,20.0,11647.97,422.96,No,Credit Card,Pending,Delivered
ORD100042,2026-06-15,CUST1039,Smartwatch,Electronics,West,Pune,3,7437.18,22311.54,10.0,5997.78,296.87,No,Debit Card,Failed,Delivered
ORD103718,2026-02-08,CUST1275,T-Shirt,Fashion,West,Pune,3,834.22,2502.66,15.0,520.25,171.09,no,Debit Card,Paid,Delivered
ORD104362,2025-08-16,CUST1414,Bookshelf,Furniture,South,Chennai,5,6255.17,31275.85,15.0,4999.33,,No,UPI,Paid,Cancelled
ORD104100,2025-02-02,CUST1236,T-Shirt,Fashion,North,,2,931.14,1862.28,20.0,756.23,260.77,No,Debit Card,Paid,Delivered
ORD101673,2025-12-13,CUST1170,Smartwatch,Electronics,East,Bhubaneswar,1,6301.19,6301.19,20.0,4735.71,186.54,No,Credit Card,Paid,Delivered
ORD101014,2025-04-16,CUST1122,Jacket,Fashion,Central,Bhopal,1,4289.99,4289.99,30.0,2972.85,213.35,No,Cash,Failed,Delivered
ORD102817,2026-01-25,CUST1752,Office Chair,Furniture,West,Ahmedabad,2,7939.2,15878.4,0.0,5037.03,88.01,No,Net Banking,Paid,Cancelled
ORD100916,2025-08-03,CUST1683,Smartwatch,Electronics,West,Mumbai,1,7521.14,7521.14,15.0,4914.91,425.8,No,UPI,Paid,Cancelled
ORD105734,2026-07-22,CUST1424,Bookshelf,Furniture,South,Chennai,3,7011.3,21033.9,20.0,5326.27,103.0,No,Debit Card,Paid,Delivered
ORD103278,2026-03-18,CUST1133,Smartwatch,Electronics,North,Delhi,1,5977.95,5977.95,15.0,4330.6,243.37,Yes,Debit Card,Paid,Returned
ORD101892,2025-11-18,CUST1538,Headphones,Electronics,North,Jaipur,1,3177.54,3177.54,5.0,2567.78,332.51,No,UPI,Pending,Delivered
ORD101981,2025-04-15,CUST1175, LAPTOP ,Furniture,South,Chennai,5,8693.43,43467.15,30.0,7279.68,49.19,Yes,Credit Card,Failed,Returned
ORD102214,2025-01-02,CUST1217,Smartwatch,Electronics,West,Mumbai,1,6380.41,6380.41,5.0,4968.76,298.27,No,UPI,Failed,Delivered
ORD103859,2025-01-16,CUST1037,Office Chair,Furniture,Central,Nagpur,4,8361.06,33444.24,15.0,5998.2,180.27,No,Debit Card,Paid,Delivered
ORD101322,2025-04-11,CUST1097,Headphones,Electronics,South,Bengaluru,3,3232.05,9696.15,0.0,2597.15,172.86,No,Credit Card,Failed,Delivered
ORD105498,2025-06-08,CUST1535,T-Shirt,Fashion,South,Bengaluru,3,914.1,2742.3,5.0,738.93,341.08,No,Debit Card,Failed,Cancelled
ORD103327,2025-09-14,CUST1715,T-Shirt,Fashion,South,Chennai,1,972.82,972.82,20.0,832.96,299.69,No,Net Banking,Paid,Delivered
ORD103794,2026-06-20,CUST1284,Shoes,Fashion,North,Delhi,4,3004.21,12016.84,10.0,1900.62,149.85,Yes,Net Banking,Paid,Returned
ORD102727,2025-08-03,CUST1330,Jacket,Fashion,East,Patna,2,4891.38,9782.76,15.0,3269.9,430.25,No,Credit Card,Paid,Delivered
ORD103662,2026-06-01,CUST1195,Smartphone,Electronics,Central,Indore,2,30472.34,60944.68,30.0,19784.27,43.73,No,Net Banking,Paid,Delivered
ORD100869,2025-01-11,CUST1582,Coffee Maker,Home Appliances,East,,1,5082.49,5082.49,25.0,3009.21,82.79,No,UPI,Paid,Delivered
ORD101606,2026-07-03,CUST1659,Coffee Maker,Home Appliances,West,Ahmedabad,2,5776.79,11553.58,15.0,3666.17,283.42,No,UPI, PAID ,Delivered
ORD102302,2026-01-22,CUST1350,Backpack,Accessories,South,Bengaluru,1,1583.83,1583.83,0.0,1192.59,245.87,Yes,Debit Card,Paid,Returned
ORD104233,2025-03-16,CUST1060,Smartphone,Electronics,South,Bengaluru,1,32048.24,32048.24,20.0,20731.12,127.72,No,UPI,Pending,Delivered
ORD104906,2025-07-27,CUST1194,Office Chair,Furniture,West,Pune,2,7861.11,15722.22,15.0,5700.61,367.48,No,Net Banking,Failed,Cancelled
ORD104129,2026-04-09,CUST1770,Mixer,Home Appliances,South,Bengaluru,4,4504.86,18019.44,0.0,3913.59,456.5,No,Debit Card,Paid,Delivered
ORD105686,2025-04-05,CUST1627,Jacket,Fashion,West,Mumbai,3,4362.63,13087.89,25.0,2631.24,405.98,No,Net Banking,Paid,Delivered
ORD100045,2026-02-19,CUST1513,T-Shirt,Fashion,Central,,2,914.54,1829.08,15.0,525.76,116.46,No,Debit Card,Paid,Delivered
ORD104618,2026-04-30,CUST1201,Smartphone,Electronics,North,Jaipur,2,28262.58,56525.16,5.0,18690.13,462.59,No,Debit Card,Paid,Delivered
ORD100333,2025-03-27,CUST1516,Microwave,Home Appliances,West,Ahmedabad,1,10196.33,10196.33,0.0,6798.1,179.14,No,Credit Card,Paid,Delivered
ORD103039,2026-07-13,CUST1100,Bookshelf,Furniture,South,Bengaluru,1,7258.15,7258.15,5.0,4045.6,484.31,Yes,Net Banking,Paid,Returned
ORD105020,2026-01-22,CUST1533,Smartwatch,Electronics,East,Kolkata,3,6364.74,19094.22,5.0,3603.63,387.64,No,Credit Card,Failed,Delivered
ORD101753,2025-10-23,CUST1713,Backpack,Accessories,South,Chennai,1,1827.44,1827.44,10.0,1455.92,unknown,No, UPI ,Paid,Delivered
ORD101224,2025-04-26,CUST1404,Bookshelf,Furniture,South,Chennai,2,7455.19,14910.38,5.0,4206.67,488.19,Yes,Credit Card,Paid,Returned
ORD100727,2025-03-18,CUST1673,Smartwatch,Electronics,East,Kolkata,4,6216.37,24865.48,10.0,4269.17,357.19,No,Net Banking,Paid,Cancelled
ORD105292,2026-06-10,CUST1498,Jacket,Fashion,East,Kolkata,1,4609.69,4609.69,0.0,3446.78,317.49,No,Net Banking,Paid,Delivered
ORD103373,2026-07-22,CUST1519,T-Shirt,Fashion,Central,Indore,5,828.69,4143.45,10.0,495.85,236.77,No,Credit Card,Failed,Delivered
ORD102607,2025-03-30,CUST1135,Smartphone,Electronics,East,Patna,1,24302.72,unknown,15.0,16001.54,181.02,No,Credit Card,Pending,Delivered
ORD102190,2026-07-07,CUST1106,Desk,Furniture,Central,Bhopal,1,13366.28,"13,366.28",10.0,11327.36,174.17,Yes,Cash,Paid,Returned
ORD102071,2026-07-26,CUST1043,Headphones,Electronics,West,Mumbai,1,3175.66,3175.66,30.0,2257.47,300.71,No,Net Banking,Failed,Delivered
ORD104221,2025-05-23,CUST1487,Blender,Home Appliances,South,Chennai,2,2592.78,5185.56,0.0,1432.41,483.93,Yes,Credit Card,Paid,Returned
ORD103475,2025-10-22,CUST1129,Blender,Home Appliances,Central,Indore,2,2671.42,5342.84,10.0,2296.43,249.41,Yes,UPI,Pending,Returned
ORD100180,2025-05-12,CUST1623,Tablet,Electronics,North,Delhi,2,20857.75,41715.5,10.0,17267.09,256.35,No,Cash,Pending,Delivered
ORD103369,2025-10-09,CUST1074,Smartwatch,Electronics,West,Mumbai,2,5956.74,11913.48,15.0,5061.66,114.19,No,Net Banking,Paid,Delivered
ORD100963,2025-09-19,CUST1159,Bookshelf,Furniture,North,Delhi,1,6060.42,6060.42,15.0,3880.63,272.78,No,Cash,Paid,Delivered
ORD103955,2025-04-22,CUST1139,Headphones,Electronics,Central,Bhopal,1,3363.23,3363.23,25.0,2021.61,389.25,No,Debit Card,Paid,Delivered
ORD105856,2025-01-19,CUST1362,Microwave,Home Appliances,West,Pune,1,12252.06,12252.06,20.0,9256.37,174.8,Yes,Credit Card,Failed,Returned
ORD102388,2025-01-14,CUST1633,Blender,Home Appliances,East,Patna,3,3212.62,9637.86,30.0,2009.88,180.42,No,Debit Card,Failed,Delivered
ORD103371,2026-06-27,CUST1608,Headphones,Electronics,North,Jaipur,1,3823.66,3823.66,0.0,2534.12,319.84,No,Net Banking,Failed,Delivered
ORD100232,2025-04-01,CUST1117,Tablet,Electronics,Central,Bhopal,5,18960.43,94802.15,0.0,14876.2,,Yes,Debit Card,Failed,Returned
ORD103537,2025-11-21,CUST1460,Mixer,Home Appliances,Central,Indore,2,3663.75,7327.5,20.0,3036.61,254.32,No,Debit Card,Failed,Delivered
ORD101301,2025-08-25,CUST1018,Bookshelf,Furniture,East,Patna,1,6134.39,6134.39,25.0,5094.11,183.51,No,Cash,Paid,Cancelled
ORD101089,2026-03-22,CUST1052,Blender,Home Appliances,North,Jaipur,5,2879.7,14398.5,15.0,2326.49,109.73, YES ,Debit Card,Pending,Delivered
ORD103995,2026-02-07,CUST1253,Laptop,Electronics,East,Bhubaneswar,2,56343.26,112686.52,5.0,38834.16,304.21,No,UPI,Failed,Delivered
ORD104521,2026-03-04,CUST1536,Laptop,Electronics,Central,Nagpur,4,47341.85,189367.4,30.0,34927.98,236.92,No,UPI,Pending,Cancelled
ORD101550,2025-01-25,CUST1529,Smartphone,Electronics,West,Pune,1,32089.77,32089.77,10.0,18439.61,324.03,No,Net Banking,Pending,Cancelled
ORD100076,2026-02-09,CUST1346,Backpack,Accessories,East,Bhubaneswar,2,1586.29,3172.58,0.0,1356.97,247.39,no,Cash,Paid,Returned
ORD105476,2025-10-28,CUST1141,Office Chair,Electronics,West,Mumbai,5,8633.26,43166.3,25.0,5047.47,98.42,No,Credit Card,Paid,Cancelled
ORD100233,2026-07-12,CUST1524,Blender,Home Appliances,West,Pune,3,2667.59,8002.77,10.0,1950.75,66.56,No,UPI,Paid,Delivered
ORD101428,2025-10-02,CUST1647,Coffee Maker,Home Appliances,East,Bhubaneswar,5,5941.78,29708.9,30.0,3423.16,94.13,Yes,UPI,Paid,Returned
ORD105143,2025-11-01,CUST1177,Tablet,Electronics,North,Lucknow,1,21248.2,21248.2,15.0,12256.29,158.42,No,Net Banking,Paid,Delivered
ORD100256,2026-05-04,CUST1157,Bookshelf,Furniture,North,Jaipur,4,7046.73,28186.92,20.0,4801.23,179.34,Yes,Credit Card,Pending,Returned
ORD103792,2025-09-25,CUST1494,Smartphone,Electronics,North,Jaipur,1,31187.75,31187.75,20.0,23118.62,448.59,No,Credit Card,Paid,Cancelled
ORD102226,2025-09-24,CUST1685,Backpack,Accessories,South,Chennai,3,1774.97,5324.91,15.0,1004.7,328.29,No,Credit Card,Paid,Delivered
ORD102881,2025-09-07,CUST1744,Mixer,Home Appliances,South,Chennai,2,4425.91,8851.82,0.0,2803.41,459.36,Yes,Cash,Paid,Returned
ORD100318,2026-03-13,CUST1207,Laptop,Electronics,Central,Indore,5,49900.29,249501.45,5.0,32030.55,341.17,No,Cash,Paid,Delivered
ORD101256,2025-07-14,CUST1269,Shoes,Fashion,Central,Indore,1,3519.54,3519.54,25.0,2000.02,412.54,No,Credit Card,Paid,Cancelled
ORD103126,2026-07-11,CUST1437,Office Chair,Furniture,South,Chennai,3,7896.72,23690.16,15.0,6466.97,287.38,No,UPI,Paid,Delivered
ORD100154,2025-02-24,CUST1012,Smartwatch,Electronics,Central,Nagpur,2,7283.42,14566.84,30.0,4488.83,286.48,Yes,Cash,Pending,Returned
ORD103285,2025-03-16,CUST1725,Microwave,Home Appliances,Central,Indore,2,10907.63,21815.26,30.0,6844.95,400.41,Yes,Credit Card,Paid,Returned
ORD105747,2025-08-26,CUST1356,T-Shirt,Fashion,Central,Bhopal,5,869.0,4345.0,15.0,683.91,278.92,No,Credit Card,Failed,Cancelled
ORD105363,2025-01-30,CUST1414,Mixer,Home Appliances,East,Kolkata,3,4821.98,14465.94,5.0,4142.05,241.41,No,Net Banking,Failed,Delivered
ORD102612,2025-08-18,CUST1439,Mixer,Home Appliances,South,Chennai,2,3926.48,7852.96,10.0,3327.24,419.39,Yes,UPI,Paid,Returned
ORD103799,2025-06-18,CUST1079,Laptop,Electronics,East,Patna,4,47053.21,188212.84,0.0,37416.04,365.0,No,Debit Card,Paid,Delivered
ORD103670,2025-01-18,CUST1174,T-Shirt,Fashion,Central,Indore,4,1022.94,4091.76,0.0,572.74,96.51,Yes,Net Banking,Paid,Returned
ORD101096,2026-04-09,CUST1605,Blender,Home Appliances,South,Bengaluru,2,3160.52,6321.04,5.0,2588.09,205.23,No,Credit Card,Failed,Delivered
ORD102201,2026-07-22,CUST1768,Tablet,Electronics,East,Patna,1,18837.69,18837.69,25.0,10873.62,427.32,Yes,UPI,Paid,Returned
ORD103474,2025-07-05,CUST1342,Office Chair,Furniture,East,Bhubaneswar,5,7811.31,39056.55,5.0,5270.26,175.19,No,Net Banking,Failed,Cancelled
ORD104278,2026-01-12,CUST1153,T-Shirt,Fashion,South,Hyderabad,1,933.87,933.87,30.0,793.85,453.42,No,Cash,Pending,Delivered
ORD103480,2025-02-23,CUST1469,Backpack,Accessories,Central,Nagpur,4,1638.0,6552.0,0.0,1403.12,357.6,No,Cash,Pending,Delivered
ORD101394,2026-06-12,CUST1561,T-Shirt,Fashion,Central,Bhopal,4,1009.56,4038.24,5.0,560.9,280.16,No,Cash,Paid,Cancelled
ORD101367,2025-09-01,CUST1341,Jacket,Fashion,West,Ahmedabad,3,4458.29,13374.87,20.0,2963.67,,No,UPI,Paid,Delivered
ORD103440,2025-07-15,CUST1325,Smartwatch,Electronics,East,Bhubaneswar,4,6572.53,26290.12,25.0,5580.36,120.88,No,Debit Card,Pending,Delivered
ORD101994,2025-04-05,CUST1688,Smartphone,Electronics,Central,Indore,2,26380.55,52761.1,0.0,20676.24,278.65,No,Cash,Paid,Cancelled
ORD102561,2026-02-22,CUST1343,T-Shirt,Fashion,South,Bengaluru,5,910.7,4553.5,15.0,627.14,130.48,Yes,Net Banking,Paid,Returned
ORD100808,2025-02-12,CUST1647,Blender,Home Appliances,West,Mumbai,1,2781.29,2781.29,0.0,1686.23,452.81,No,Credit Card,Pending,Cancelled
ORD105825,2025-06-16,CUST1262,Coffee Maker,Home Appliances,Central,Bhopal,1,5924.32,5924.32,5.0,3874.63,152.06,No,Cash,Paid,Delivered
ORD100386,2025-05-05,CUST1280,Smartwatch,Electronics,East,Kolkata,1,7344.03,7344.03,25.0,5003.5,410.75,No,Credit Card,Failed,Cancelled
ORD100911,2026-05-20,CUST1276,Bookshelf,Furniture,South,Bengaluru,4,6525.82,26103.28,10.0,4681.88,191.3,No,Debit Card,Paid,Delivered
ORD102717,2025-08-02,CUST1166,Office Chair,Furniture,North,,1,8236.3,8236.3,0.0,6955.24,497.17,No,Net Banking,Failed,Delivered
ORD103970,2026-01-18,CUST1595,Smartwatch,Electronics,North,Lucknow,4,6480.23,25920.92,25.0,3616.09,61.24,No,Cash,Paid,Delivered
ORD101374,2026-02-05,CUST1571,Laptop,Electronics,Central,Indore,5,63100.14,315500.7,10.0,41000.44,435.83,Yes,Credit Card,Paid,Returned
ORD101405,2026-07-30,CUST1449,Microwave,Home Appliances,South,Hyderabad,3,12100.46,36301.38,20.0,8120.21,389.98,No,Cash,Paid,Delivered
ORD104577,2026-05-08,CUST1684,Smartphone,Electronics,West,Pune,4,31773.95,127095.8,10.0,18205.98,470.8,Yes,UPI,Paid,Returned
ORD101468,2026-07-15,CUST1428,Blender,Home Appliances,Central,Indore,1,2979.25,2979.25,15.0,2192.67,378.42,No,Debit Card,Failed,Delivered
ORD100779,2025-09-01,CUST1420,Headphones,Electronics,west,Nagpur,2,3595.42,7190.84,30.0,2441.1,403.79,No,Credit Card,Paid,Delivered
ORD101488,2026-04-14,CUST1680,Jacket,Fashion,West,Ahmedabad,3,4617.34,13852.02,20.0,2932.72,73.56,No,Net Banking,Paid,Delivered
ORD103729,2025-08-09,CUST1339,Office Chair,Furniture,South,Bengaluru,1,8620.56,8620.56,20.0,5960.96,183.45,No,Debit Card,Failed,Delivered
ORD105865,2025-11-25,CUST1475,Office Chair,Furniture,North,Lucknow,5,8151.18,40755.9,30.0,5289.99,159.61,Yes,Debit Card,Paid,Returned
ORD101153,2025-07-14,CUST1065,Smartwatch,Electronics,Central,Nagpur,4,7022.5,28090.0,0.0,4104.56,136.33,No,Net Banking,Failed,Delivered
ORD100976,2026-06-06,CUST1214,Jacket,Fashion,East,Kolkata,3,3896.58,11689.74,15.0,3189.84,397.36,No,Debit Card,Failed,Cancelled
ORD102482,2026-07-22,CUST1213,Office Chair,Furniture,West,Pune,1,9793.21,9793.21,0.0,8398.71,455.37,No,Debit Card,Pending,Delivered
ORD105287,2026-02-18,CUST1740,Mixer,Home Appliances,Central,Indore,3,3777.77,11333.31,0.0,2618.8,257.71,Yes,UPI,Pending,Returned
ORD104369,2025-06-05,CUST1515,Office Chair,Furniture,North,Jaipur,1,7955.14,7955.14,10.0,6978.31,334.41,Yes,Net Banking,Paid,Returned
ORD102222,2025-07-01,CUST1166,Mixer,Home Appliances,North,Lucknow,4,4699.72,18798.88,20.0,3440.12,230.58,Yes,UPI,Failed,Returned
ORD100001,2025-11-10,CUST1022,Office Chair,Furniture,Central,Nagpur,1,9599.4,9599.4,25.0,5952.32,123.64,No,Cash,Paid,Cancelled
ORD101565,2025-02-12,CUST1361,Desk,Furniture,Central,Indore,4,12250.67,49002.68,10.0,9185.27,323.5,Yes,Debit Card,Paid,Returned
ORD101479,2026-07-16,CUST1095,Shoes,Fashion,South,Chennai,1,3064.81,3064.81,30.0,2066.09,272.88,No,Net Banking,Paid,Delivered
ORD102010,2025-06-21,CUST1358,Tablet,Electronics,North,Delhi,2,23241.94,46483.88,25.0,20438.11,425.68,No,Net Banking,Paid,Delivered
ORD105108,2026-06-01,CUST1651,Blender,Home Appliances,North,Jaipur,1,3447.42,3447.42,5.0,2207.28,287.09,No,Debit Card,Paid,Cancelled
ORD105572,2025-08-23,CUST1726,Jacket,Fashion,South,,1,4311.93,4311.93,15.0,3696.37,129.54,No,Credit Card,Failed,Delivered
ORD102696,2026-02-19,CUST1500,Bookshelf,Furniture,South,Hyderabad,5,7151.83,35759.15,20.0,5590.11,191.79,No,UPI,Failed,Delivered
ORD104828,2025-03-16,CUST1486,Laptop,Electronics,West,Ahmedabad,1,55862.78,55862.78,0.0,36880.27,446.28,No,Net Banking,Paid,Delivered
ORD101708,2026-01-02,CUST1548,Smartwatch,Electronics,North,Jaipur,4,8015.56,32062.24,15.0,5407.89,311.33,Yes,Cash,Paid,Returned
ORD104319,2025-11-11,CUST1065,Laptop,Electronics,West,Mumbai,5,53031.93,265159.65,10.0,30264.39,393.91,Yes,Cash,Pending,Returned
ORD103606,2025-03-30,CUST1275,Jacket,Fashion,East,Kolkata,1,5155.54,5155.54,15.0,3966.11,334.62,No,Net Banking,Failed,Delivered
ORD103131,2026-01-26,CUST1115,Coffee Maker,Home Appliances,Central,Indore,5,5876.17,29380.85,30.0,3442.84,289.64,Yes,Credit Card,Paid,Returned
ORD102187,2025-04-02,CUST1545,Headphones,Electronics,East,Bhubaneswar,2,3568.6,7137.2,20.0,2472.07,59.35,Yes,Credit Card,Paid,Returned
ORD100995,2026-06-04,CUST1052,Tablet,Electronics,East,Kolkata,5,23008.57,115042.85,15.0,13621.83,418.91,No,Net Banking,Paid,Delivered
ORD105941,2026-01-29,CUST1164,Tablet,Electronics,North,Delhi,4,21752.83,87011.32,30.0,14580.55,121.75,No,Debit Card,Pending,Delivered
ORD103169,2025-09-22,CUST1605,Desk,Furniture,North,Lucknow,1,13386.47,13386.47,15.0,10655.59,93.81,No,UPI,Paid,Delivered
ORD101781,2026-05-18,CUST1184,Backpack,Accessories,Central,Nagpur,4,1851.2,7404.8,0.0,1320.09,53.18,No,Cash,Paid,Delivered
ORD104317,2025-09-09,CUST1228,Mixer,Home Appliances,East,Bhubaneswar,1,4710.89,4710.89,20.0,3372.35,291.43,No,UPI,Failed,Delivered
ORD100409,2025-07-16,CUST1554,Coffee Maker,Home Appliances,West,Mumbai,5,5038.8,25194.0,30.0,3566.72,49.67,No,Debit Card,Paid,Delivered
ORD100803,2025-06-19,CUST1039,Jacket,Fashion,Central,Nagpur,1,4629.85,4629.85,25.0,4025.69,464.55,No,Cash,Failed,Delivered
ORD101061,2026-07-18,CUST1662,Microwave,Home Appliances,West,Mumbai,5,9377.18,46885.9,5.0,5322.74,322.96,Yes,Net Banking,Paid,Returned
ORD105469,2025-06-27,CUST1671,Jacket,Fashion,West,Ahmedabad,2,5160.23,10320.46,5.0,4439.2,491.36,No,Cash,Paid,Delivered
ORD102745,2025-01-10,CUST1139,Coffee Maker,Home Appliances,Central,Indore,5,6105.46,30527.3,25.0,5044.27,435.06,Yes,Debit Card,Paid,Returned
ORD100855,2026-01-06,CUST1664,Office Chair,Furniture,Central,Indore,2,7732.34,N/A,0.0,6441.26,162.47,No,Credit Card,Pending,Delivered
ORD103634,2026-03-03,CUST1342,Headphones,Electronics,South,Hyderabad,2,3944.34,7888.68,0.0,2427.58,185.77,No,Credit Card,Failed,Delivered
ORD100281,2025-11-11,CUST1168,Jacket,Fashion,West,Ahmedabad,1,3840.41,3840.41,5.0,2892.79,427.91,Yes,Net Banking,Paid,Returned
ORD105584,2025-08-06,CUST1460,Backpack,Accessories,Central,Bhopal,1,1892.81,1892.81,25.0,1321.42,448.09,No,UPI,Pending,Cancelled
ORD102463,2025-07-26,CUST1229,Jacket,Fashion,North,Delhi,3,4403.07,13209.21,30.0,3426.83,377.07,No,Cash,Paid,Delivered
ORD104145,2026-06-26,CUST1284,Coffee Maker,Home Appliances,North,Delhi,1,4709.08,4709.08,5.0,3724.96,165.08,No,Cash,Paid,Delivered
ORD100211,2025-11-21,CUST1304,Microwave,Home Appliances,North,Delhi,5,9464.41,47322.05,10.0,6041.76,403.01,No,Debit Card,Pending,Delivered
ORD104366,2026-05-01,CUST1422,Smartphone,Electronics,Central,Bhopal,2,27796.69,55593.38,20.0,21978.57,229.68,No,Credit Card,Paid,Delivered
ORD100583,2026-05-27,CUST1555,Microwave,Home Appliances,North,Lucknow,1,12605.68,12605.68,20.0,9635.14,179.21,No,Credit Card,Paid,Delivered
ORD102040,2026-01-19,CUST1247,Coffee Maker,Home Appliances,North,Lucknow,2,5926.44,11852.88,30.0,4565.3,134.49,No,Credit Card,Failed,Delivered
ORD101969,2025-12-06,CUST1674,Mixer,Home Appliances,East,Patna,2,3851.43,7702.86,25.0,2249.81,253.26,No,UPI,Pending,Delivered
ORD100532,2026-05-17,CUST1592,Bookshelf,Furniture,South,Bengaluru,3,6379.19,19137.57,0.0,4618.07,307.97,No,Net Banking,Paid,Delivered
ORD104069,2026-02-21,CUST1281,Office Chair,Furniture,Central,Indore,1,7727.59,7727.59,5.0,4958.81,238.34,No,UPI,Pending,Delivered
ORD100255,2025-08-16,CUST1623,Desk,Furniture,South,Hyderabad,4,11453.14,45812.56,25.0,8456.02,301.32,No,UPI,Paid,Delivered
ORD102260,2025-12-18,CUST1463,Mixer,Home Appliances,West,Mumbai,1,4156.28,4156.28,25.0,3184.41,129.35,No,Net Banking,Pending,Cancelled
ORD100515,2025-09-16,CUST1324,Tablet,Electronics,South,Bengaluru,1,20135.19,20135.19,10.0,12000.08,438.46,No,Net Banking,Paid,Delivered
ORD103917,2025-12-11,CUST1397,Smartwatch,Electronics,East,Patna,1,6883.58,6883.58,0.0,5193.7,214.84,Yes,Net Banking,Pending,Returned
ORD102751,2025-06-08,CUST1701,Office Chair,Furniture,West,Mumbai,4,9108.71,36434.84,5.0,6678.06,408.85,No,UPI,Pending,Delivered
ORD103053,2025-03-17,CUST1704,Blender,Home Appliances,North,Lucknow,2,2638.55,5277.1,5.0,2096.96,108.56,No,Net Banking,Paid,Delivered
ORD103829,2025-03-20,CUST1019,T-Shirt,Fashion,East,Bhubaneswar,5,804.53,4022.65,30.0,567.26,111.18,No,Debit Card,Failed,Cancelled
ORD102579,2026-05-18,CUST1406,Coffee Maker,Home Appliances,North,Jaipur,1,6095.37,6095.37,15.0,3646.34,60.42,Yes,Net Banking,Paid,Returned
ORD105242,2025-10-24,CUST1512,Office Chair,Furniture,North,Jaipur,1,9572.6,9572.6,30.0,6498.1,227.62,Yes,Net Banking,Failed,Returned
ORD100531,2026-06-17,CUST1200,Microwave,Home Appliances,East,Patna,3,12118.17,36354.51,10.0,8072.36,245.23,No,Net Banking,Pending,Delivered
ORD101460,2026-02-16,CUST1114,Mixer,Home Appliances,South,Hyderabad,1,3578.18,3578.18,15.0,2803.98,68.22,No,Debit Card,Pending,Delivered
ORD100326,2025-03-05,CUST1260,Bookshelf,Furniture,East,Kolkata,2,6756.7,13513.4,30.0,5256.66,360.68,No,Cash,Paid,Delivered
ORD100246,2025-06-26,CUST1198,Jacket,Fashion,East,Patna,1,4962.66,4962.66,15.0,3665.9,457.31,No,Net Banking,Paid,Delivered
ORD103846,2025-10-30,CUST1370,Headphones,Electronics,West,Ahmedabad,5,3763.87,18819.35,25.0,2696.24,217.52,Yes,Debit Card,Failed,Returned
ORD101622,2025-03-09,CUST1092,Coffee Maker,Home Appliances,East,Bhubaneswar,2,4713.04,9426.08,5.0,3851.78,385.53,No,Debit Card,Paid,Cancelled
ORD100930,2025-05-21,CUST1474,Shoes,Fashion,East,Patna,1,3425.03,3425.03,25.0,2361.73,300.25,No,Cash,Failed,Delivered
ORD103109,2026-06-06,CUST1771,Shoes,Fashion,North,Jaipur,2,3424.03,6848.06,15.0,2229.01,494.66,No,Credit Card,Failed,Delivered
ORD102150,2025-12-07,CUST1329,Desk,Furniture,North,Lucknow,1,10448.07,10448.07,0.0,7116.74,216.62,No,UPI,Failed,Delivered
ORD101713,2025-09-06,CUST1364,Blender,Home Appliances,North,Delhi,3,2596.94,7790.82,15.0,1724.39,107.02,No,Net Banking,Paid,Cancelled
ORD100069,2025-10-23,CUST1295,Tablet,Electronics,Central,Bhopal,1,23090.3,23090.3,5.0,19617.42,185.45,No,Debit Card,Failed,Delivered
ORD100388,2025-04-14,CUST1755,Smartwatch,Electronics,West,Pune,1,7170.51,7170.51,30.0,3946.41,165.1,No,Cash,Paid,Cancelled
ORD103486,2025-07-24,CUST1578,Backpack,Accessories,East,Bhubaneswar,2,2010.2,4020.4,5.0,1197.59,244.12,No,Cash,Pending,Delivered
ORD101343,2026-02-24,CUST1561,Office Chair,Furniture,West,Ahmedabad,1,8059.5,8059.5,20.0,4686.81,91.18,No,Debit Card,Paid,Delivered
ORD101971,01/06/2026,CUST1686,Blender,Home Appliances,Central,Nagpur,3,3149.27,9447.81,30.0,2136.71,312.72,No,Debit Card,Paid,Cancelled
ORD103959,2025-06-06,CUST1668,Tablet,Electronics,West,Pune,1,20781.29,20781.29,10.0,16331.08,238.15,No,Net Banking,Failed,Cancelled
ORD100698,2026-06-27,CUST1462,Headphones,Electronics,North,Lucknow,1,3427.53,3427.53,25.0,3001.64,298.13,No,UPI,Failed,Delivered
ORD103037,2025-12-22,CUST1532,Smartwatch,Electronics,Central,Bhopal,3,7260.44,21781.32,25.0,4780.83,140.3,No,Net Banking,Pending,Delivered
ORD100747,2025-02-07,CUST1139,Laptop,Electronics,East,Patna,2,48900.8,97801.6,0.0,39984.17,80.28,No,UPI,Paid,Cancelled
ORD104590,2025-06-16,CUST1494,Tablet,Electronics,East,Patna,1,20666.41,20666.41,20.0,14594.25,448.72,No,Credit Card,Paid,Cancelled
ORD102095,2025-09-27,CUST1709,Mixer,Home Appliances,West,Ahmedabad,3,4090.41,12271.23,5.0,2408.2,231.78,No,Net Banking,Pending,Delivered
ORD104603,2025-02-09,CUST1505,Mixer,Home Appliances,Central,Nagpur,4,4635.75,18543.0,25.0,3943.65,95.06,Yes,Net Banking,Paid,Returned
ORD104212,2025-02-27,CUST1296,Headphones,Electronics,East,Patna,2,3337.63,6675.26,10.0,2252.62,314.9,No,Cash,Paid,Delivered
ORD102236,2025-02-15,CUST1393,T-Shirt,Fashion,North,Jaipur,2,862.97,1725.94,30.0,497.57,438.2,No,Debit Card, PAID ,Delivered
ORD103627,2025-09-21,CUST1241,T-Shirt,Fashion,South,Chennai,5,1009.85,5049.25,15.0,583.58,44.24,No,Net Banking,Failed,Delivered
ORD100830,2025-07-05,CUST1261,Mixer,Home Appliances,East,Kolkata,4,4164.41,16657.64,20.0,2451.28,125.07,Yes,Credit Card,Pending,Returned
ORD104007,2025-03-17,CUST1405,Laptop,Electronics,North,Delhi,2,57911.64,115823.28,20.0,37041.0,348.51,Yes,Debit Card,Paid,Returned
ORD100227,2025-08-22,CUST1563,Microwave,Home Appliances,East,Bhubaneswar,1,12531.26,12531.26,15.0,7302.84,136.08,No,Debit Card,Failed,Delivered
ORD101035,2025-09-11,CUST1500,Backpack,Accessories,East,Kolkata,2,1659.96,3319.92,25.0,1438.99,156.69,No,Credit Card,Failed,Delivered
ORD103549,2025-09-29,CUST1420,Blender,Home Appliances,East,Bhubaneswar,1,2917.55,2917.55,5.0,2013.73,425.64,No,UPI,Pending,Delivered
ORD101859,2025-07-13,CUST1693,Coffee Maker,Home Appliances,Central,Nagpur,5,5641.71,28208.55,0.0,3497.72,279.91,No,Net Banking,Paid,Delivered
ORD103241,2026-02-24,CUST1105,Shoes,Fashion,East,Bhubaneswar,1,2888.01,2888.01,20.0,1660.37,116.7,No,UPI,Pending,Delivered
ORD104412,2026-03-27,CUST1291,Bookshelf,Furniture,East,Kolkata,1,7029.51,7029.51,30.0,6142.09,418.12,No,UPI,Paid,Delivered
ORD101095,2025-04-28,CUST1184,Microwave,Home Appliances,Central,Indore,2,11375.25,22750.5,25.0,9139.66,424.55,Yes,Debit Card,Paid,Returned
ORD103875,2025-04-08,CUST1217,Mixer,Home Appliances,Central,Indore,1,4350.3,4350.3,30.0,3780.99,288.86,No,Credit Card,Failed,Delivered
ORD103412,2025-06-29,CUST1536,Office Chair,Furniture,Central,Indore,4,8369.28,33477.12,20.0,6620.4,355.58,No,Credit Card,Failed,Delivered
ORD104252,2025-01-05,CUST1152,Smartwatch,Electronics,Central,Nagpur,4,7856.94,31427.76,30.0,4720.5,42.7,No,Net Banking,Paid,Delivered
ORD104675,2025-08-15,CUST1761,Backpack,Accessories,Central,Nagpur,2,2065.56,4131.12,30.0,1375.93,403.64,No,Credit Card,Pending,Delivered
ORD105246,2026-01-22,CUST1063,Smartwatch,Electronics,Central,Bhopal,4,7287.54,29150.16,30.0,4616.66,77.73,No,Credit Card,Failed,Delivered
ORD101998,2025-07-25,CUST1521,Desk,Furniture,South,Bengaluru,3,11831.41,35494.23,15.0,9830.29,352.03,No,Credit Card,Paid,Cancelled
ORD102773,2026-02-14,CUST1611,Headphones,Electronics,North,Delhi,5,3051.8,15259.0,10.0,2498.1,279.94,No,Cash,Paid,Delivered
ORD104416,2026-06-30,CUST1064,T-Shirt,Fashion,South,,1,807.14,807.14,10.0,602.74,172.12,No,Debit Card,Paid,Delivered
ORD100962,2026-03-20,CUST1428,Mixer,Home Appliances,North,Lucknow,2,4048.33,8096.66,20.0,2668.25,435.84,No,Net Banking,Paid,Delivered
ORD100891,2026-03-22,CUST1503,Backpack,Accessories,East,Bhubaneswar,2,2021.0,4042.0,20.0,1668.64,185.75,No,Debit Card,Failed,Cancelled
ORD100189,2025-09-27,CUST1632,Smartwatch,Electronics,Central,Bhopal,3,6543.77,19631.31,5.0,4208.44,160.38,No,Credit Card,Paid,Cancelled
ORD100946,2025-09-29,CUST1726,Headphones,Electronics,North,Delhi,2,3246.07,6492.14,15.0,1915.45,319.93,No,Cash,Paid,Delivered
ORD101054,2025-06-27,CUST1382,Smartwatch,Electronics,South,Hyderabad,1,6527.61,6527.61,30.0,4223.26,66.17,Yes,Debit Card,Paid,Returned
ORD103293,2025-09-19,CUST1722,Coffee Maker,Home Appliances,North,Delhi,1,5900.6,5900.6,30.0,3993.74,118.74,No,UPI,Failed,Delivered
ORD103802,2026-05-06,CUST1773,Shoes,Fashion,Central,Indore,1,3387.48,3387.48,5.0,2156.56,373.07,No,Net Banking,Paid,Delivered
ORD100172,2025-06-18,CUST1217,Blender,Home Appliances,North,Jaipur,1,2893.75,2893.75,5.0,1601.52,157.49,No,Credit Card,Paid,Delivered
ORD105922,2025-02-22,CUST1080,Backpack,Accessories,East,Kolkata,1,1928.53,1928.53,0.0,1642.1,391.89,No,Net Banking,Paid,Delivered
ORD101588,2026-05-24,CUST1712,Blender,Furn,North,Lucknow,2,3107.18,6214.36,30.0,2330.86,324.86,No,Net Banking,Paid,Delivered
ORD104641,2025-10-29,CUST1786,Smartphone,Electronics,West,Pune,2,26116.63,52233.26,20.0,18136.65,442.41,No,UPI,Paid,Cancelled
ORD102833,2025-08-23,CUST1619,Smartwatch,Electronics,Central,Bhopal,1,5997.91,5997.91,5.0,N/A,486.75,Yes,Credit Card,Pending,Returned
ORD102255,2025-11-18,CUST1549,Jacket,Fashion,North,Jaipur,1,4946.15,4946.15,30.0,2861.83,174.46,Yes,Net Banking,Pending,Returned
ORD100271,2025-05-27,CUST1112,Tablet,Electronics,West,Ahmedabad,4,21843.82,87375.28,30.0,15939.15,134.05,No,Cash,Paid,Cancelled
ORD101874,2026-07-17,CUST1256,Desk,Furniture,West,Nagpur,2,13332.87,26665.74,25.0,9667.8,87.12,No,Credit Card,Paid,Delivered
ORD104395,2025-02-05,CUST1068,Backpack,Accessories,East,Bhubaneswar,1,1891.04,1891.04,25.0,1210.2,88.12,No,UPI,Paid,Delivered
ORD104771,2026-03-29,CUST1273,T-Shirt,Fashion,North,Jaipur,3,961.64,2884.92,25.0,824.76,466.62,No,UPI,Pending,Delivered
ORD104437,2025-05-09,CUST1123,Shoes,Fashion,South,Bengaluru,3,2913.25,8739.75,10.0,unknown,50.63,No,Cash,Paid,Delivered
ORD103810,2025-02-03,CUST1187,Coffee Maker,Home Appliances,North,Lucknow,3,5545.86,16637.58,30.0,4516.47,447.47,No,UPI,Paid,Delivered
ORD100714,2025-02-06,CUST1583,Backpack,Accessories,North,Delhi,1,1804.26,1804.26,25.0,1333.88,417.91,Yes,Net Banking,Pending,Returned
ORD102408,2026-05-14,CUST1710,Blender,Home Appliances,East,Patna,4,3154.48,12617.92,10.0,2374.47,398.81,Yes,UPI,Pending,Returned
ORD105477,2025-03-05,CUST1524,Microwave,Home Appliances,South,Hyderabad,1,11447.4,11447.4,5.0,10040.13,302.33,No,Net Banking,Failed,Cancelled
ORD100177,2025-04-18,CUST1367,Mixer,Home Appliances,East,Kolkata,2,4313.84,8627.68,10.0,2796.19,299.91,No,Net Banking,Paid,Delivered
ORD101699,2026-05-31,CUST1033,Smartwatch,Electronics,North,Lucknow,1,7694.66,7694.66,30.0,5290.3,369.53,No,Net Banking,Paid,Cancelled
ORD101360,2025-01-27,CUST1663,Office Chair,Furniture,Central,Indore,1,10063.95,10063.95,30.0,6093.75,106.17,No,Cash,Failed,Delivered
ORD104773,2025-02-28,CUST1419,Headphones,Electronics,Central,Bhopal,4,4003.24,16012.96,25.0,3189.79,332.25,No,Credit Card,Paid,Delivered
ORD100872,2025-01-15,CUST1259,Blender,Home Appliances,East,Bhubaneswar,1,2767.98,2767.98,10.0,2426.25,,No,UPI,Paid,Delivered
ORD102017,2025-10-14,CUST1768,Office Chair,Furniture,North,Delhi,2,7702.47,15404.94,15.0,4771.62,381.17,Yes,UPI,Failed,Returned
ORD105758,2026-04-15,CUST1799,Smartphone,Electronics,South,Hyderabad,5,29601.31,148006.55,0.0,24503.93,124.76,No,Cash,Paid,Cancelled
ORD100928,2025-09-01,CUST1474,Microwave,Home Appliances,South,Chennai,5,10458.7,52293.5,30.0,6287.05,430.56,No,UPI,Failed,Delivered
ORD102257,2025-06-24,CUST1298,Blender,Home Appliances,North,Lucknow,1,3259.49,3259.49,10.0,2256.41,208.08,No,Net Banking,Paid,Delivered
ORD104950,2025-04-26,CUST1320,Smartwatch,Electronics,East,Bhubaneswar,2,7422.67,14845.34,0.0,5431.09,490.99,No,Net Banking,Paid,Delivered
ORD102849,23/02/2026,CUST1468,Bookshelf,Furniture,Central,Bhopal,1,5601.78,5601.78,0.0,3191.57,264.3,Yes,Credit Card,Paid,Returned
ORD104814,2025-11-02,CUST1715,Headphones,Electronics,West,Ahmedabad,1,3788.59,3788.59,0.0,3018.59,256.3,No,Credit Card,Paid,Cancelled
ORD100777,2025-05-29,CUST1583,Headphones,Electronics,North,Delhi,1,3553.88,3553.88,5.0,3098.62,390.27,No,Net Banking,Failed,Cancelled
ORD102052,2025-07-22,CUST1612,Smartphone,Electronics,North,Mumbai,2,25924.52,51849.04,0.0,17293.01,462.38,No,Cash, PAID ,Delivered
ORD102910,2026-05-14,CUST1291,Office Chair,Furniture,South,Bengaluru,2,9504.48,19008.96,5.0,7132.46,287.13,Yes,Cash,Paid,Returned
ORD100980,2026-05-15,CUST1699,Office Chair,Furniture,East,Patna,4,8860.21,35440.84,15.0,7053.56,134.42,No,Credit Card,Pending,Delivered
ORD105131,2026-02-18,CUST1787,Shoes,Fashion,East,Bhubaneswar,1,2961.73,2961.73,0.0,1971.75,138.17,No,UPI,Paid,Cancelled
ORD102642,2025-03-06,CUST1246,Smartwatch,Electronics,Central,Indore,4,7514.92,30059.68,25.0,6396.73,499.51,No,UPI,Failed,Cancelled
ORD100476,2026-04-22,CUST1460,Backpack,Accessories,South,Bengaluru,5,1681.0,8405.0,15.0,1212.63,130.88,No,Credit Card,Failed,Cancelled
ORD101069,2025-10-25,CUST1154,Blender,Home Appliances,East,Kolkata,4,2628.7,10514.8,25.0,2297.1,200.76,No,Debit Card,Failed,Delivered
ORD103196,2025-04-18,CUST1799,Backpack,Accessories,South,Hyderabad,5,1851.36,9256.8,0.0,1432.57,493.01,no,Cash,Paid,Delivered
ORD104051,2025-11-22,CUST1286,Microwave,Home Appliances,West,Ahmedabad,3,10067.14,30201.42,30.0,6859.83,249.49,No,Cash,Paid,Delivered
ORD100786,2025-12-05,CUST1437,Blender,Home Appliances,East,Kolkata,2,2667.84,5335.68,25.0,1767.61,290.03,No,Cash,Failed,Delivered
ORD103538,2025-07-19,CUST1669,Mixer,Home Appliances,South,Hyderabad,2,4261.11,8522.22,30.0,unknown,424.5,No,Credit Card,Paid,Delivered
ORD101490,2026-01-11,CUST1287,Headphones,Electronics,East,Bhubaneswar,1,3267.63,3267.63,15.0,2276.14,121.36,No,Debit Card,Paid,Delivered
ORD101327,2026-05-27,,Shoes,Fashion,West,Mumbai,2,3415.2,6830.4,110.0,2195.73,49.14,No,Credit Card,Pending,Cancelled
ORD105775,2025-02-25,CUST1259,Microwave,Home Appliances,North,Lucknow,4,12212.24,48848.96,30.0,9420.33,187.63,No,Credit Card,Paid,Cancelled
ORD103363,2026-02-01,CUST1262,Jacket,Fashion,South,Hyderabad,3,4313.08,12939.24,5.0,3110.95,469.16,No,Credit Card,Failed,Delivered
ORD101326,2025-01-30,CUST1577,Blender,Home Appliances,Central,Indore,5,2681.48,13407.4,30.0,1767.02,187.3,No,Debit Card,Paid,Delivered
ORD100564,2025-09-05,CUST1302,Smartwatch,Electronics,West,Pune,2,7361.93,14723.86,10.0,4261.44,470.79,No,Net Banking,Paid,Cancelled
ORD103281,2026-01-27,CUST1230,Tablet,Electronics,North,Ahmedabad,1,24680.9,24680.9,5.0,unknown,458.03,No,Cash,Pending,Delivered
ORD102269,2025-12-09,CUST1593,Blender,Home Appliances,South,Bengaluru,4,2569.19,10276.76,15.0,1942.42,70.28,No,UPI,Paid,Delivered
ORD103401,2026-03-28,CUST1469,Laptop, Electronics ,West,Mumbai,2,47312.59,94625.18,30.0,38733.39,307.22,No,Net Banking,Paid,Cancelled
ORD105232,2025-10-17,CUST1499,Mixer,Home Appliances,Central,Nagpur,1,3748.01,3748.01,0.0,2070.82,143.18,No,Credit Card,Pending,Delivered
ORD104068,2025-10-19,CUST1480,Desk,Furniture,Central,Bhopal,2,12554.62,25109.24,0.0,8290.77,230.24,No,Net Banking,Paid,Cancelled
ORD103000,2026-04-16,CUST1431,Mixer,Home Appliances,North,Lucknow,1,4375.96,4375.96,5.0,2662.32,290.11,No,Net Banking,Failed,Cancelled
ORD105184,2025-04-26,CUST1675,Smartphone,Electronics,South,Hyderabad,1,31852.43,31852.43,25.0,21955.72,384.52,No,UPI,Paid,Delivered
ORD103809,2026-03-01,CUST1216,Mixer,Home Appliances,West,Mumbai,1,4744.13,4744.13,20.0,3102.19,181.9,No,Credit Card,Paid,Delivered
ORD104712,2026-02-15,CUST1421,Blender,Home Appliances,South,Hyderabad,1,2881.29,"2,881.29",30.0,2224.71,330.36,No,Cash,Pending,Cancelled
ORD104549,2026-07-01,CUST1273,Tablet,Electronics,North,Lucknow,2,23336.63,46673.26,0.0,12877.44,496.0,Yes,Debit Card,Paid,Returned
ORD103532,2026-07-07,CUST1519,Jacket,Fashion,South,Chennai,2,4938.72,9877.44,15.0,3045.99,111.43,No,Cash,Paid,Cancelled
ORD100669,2025-01-11,CUST1187,Shoes,Fashion,North,Jaipur,4,3042.18,12168.72,15.0,2107.66,262.72,No,Credit Card,Paid,Cancelled
ORD105380,2025-05-28,CUST1343,Shoes,Fashion,West,Mumbai,1,3191.82,3191.82,10.0,2266.64,423.69,No,Cash,Pending,Cancelled
ORD103211,2025-02-15,CUST1570,Coffee Maker,Home Appliances,North,Delhi,5,6018.44,30092.2,25.0,4483.19,97.19,No,Cash,Failed,Cancelled
ORD101834,2026-04-30,CUST1197,Jacket,Fashion,East,Kolkata,4,4690.86,18763.44,20.0,3579.5,498.44,No,Cash,Pending,Delivered
ORD100804,2026-07-03,CUST1646,Backpack,Accessories,Central,Indore,1,1672.29,1672.29,30.0,1386.74,248.07,No,Credit Card,Paid,Delivered
ORD104890,2025-10-18,CUST1369,Jacket,Fashion,West,Ahmedabad,2,4871.79,9743.58,20.0,3939.51,410.93,Yes,Net Banking,Paid,Returned
ORD105745,2026-05-13,CUST1391,Microwave,Home Appliances,West,Mumbai,3,12021.93,36065.79,30.0,9084.41,375.13,No,Debit Card,Failed,Delivered
ORD105308,2026-03-29,CUST1264,Mixer,Home Appliances,West,Mumbai,5,4828.84,24144.2,25.0,2736.93,196.65,No,Credit Card,Paid,Delivered
ORD104880,2025-01-06,CUST1142,Microwave,Home Appliances,Central,Indore,2,9671.12,19342.24,20.0,6843.05,420.53,No,Net Banking,Paid,Cancelled
ORD101266,2025-11-30,CUST1143,Smartphone,Electronics,South,Chennai,2,31468.33,62936.66,25.0,17391.26,388.97,No,Credit Card,Failed,Delivered
ORD104824,2025-07-14,CUST1631,Office Chair,Furniture,North,Jaipur,1,9447.41,9447.41,0.0,7954.08,373.33,Yes,Debit Card,Pending,Returned
ORD105806,2025-05-11,CUST1669,Office Chair,Home appliance,South,Chennai,1,9282.92,9282.92,10.0,5213.43,71.43,No,Debit Card,Paid,Delivered
ORD100456,2025-03-10,CUST1130,Desk,Furniture,West,Ahmedabad,1,11468.38,11468.38,30.0,8955.28,432.35,Yes,Credit Card,Paid,Returned
ORD102670,2026-07-22,CUST1167,Coffee Maker,Home Appliances,Central,Nagpur,5,5046.91,25234.55,20.0,3406.53,384.89,No,Cash,Paid,Cancelled
ORD100416,2025-06-24,CUST1588,Tablet,Electronics,North,Lucknow,2,19881.61,39763.22,30.0,12298.14,310.34,Yes,Net Banking,Paid,Returned
ORD105192,2025-05-15,CUST1062,Shoes,Fashion,Central,Indore,2,3202.22,6404.44,5.0,2480.35,125.48,Yes,Credit Card,Failed,Returned
ORD102172,2025-10-27,CUST1174,Mixer,Home Appliances,Central,Bhopal,1,4241.28,4241.28,30.0,3097.28,68.44,No,Net Banking,Paid,Delivered
ORD102624,2026-07-13,CUST1587,Laptop,Electronics,East,Patna,4,55466.97,221867.88,25.0,38918.16,457.13,No,UPI,Paid,Delivered
ORD102018,2026-05-09,CUST1031,Headphones,Electronics,South,Bengaluru,1,3132.26,3132.26,15.0,2032.15,137.07,No,Debit Card,Paid,Delivered
ORD104267,2025-11-13,CUST1718,Office Chair,Furniture,Central,Bhopal,5,10177.37,unknown,30.0,7114.19,51.5,No,Credit Card,Failed,Delivered
ORD105633,2026-06-14,CUST1674,Office Chair,Furniture,South,Chennai,5,9069.06,45345.3,20.0,6673.45,296.58,No,Credit Card,Paid,Cancelled
ORD103723,2025-03-03,CUST1163,Tablet,Electronics,North,Lucknow,2,22244.05,44488.1,0.0,12429.17,204.56,Yes,Debit Card,Pending,Returned
ORD101966,2026-06-26,CUST1094,Desk,Furniture,South,Hyderabad,5,13519.9,67599.5,0.0,11409.6,212.42,No,,Paid,Cancelled
ORD102543,2025-05-22,CUST1661,Tablet,Electronics,West,Pune,5,25067.72,125338.6,0.0,19627.03,317.05,No,Credit Card,Paid,Delivered
ORD102901,2026-03-25,CUST1576,Jacket,Fashion,South,Hyderabad,5,4872.73,24363.65,20.0,2836.62,127.69,No,Debit Card,Paid,Delivered
ORD105137,2026-06-14,CUST1514,Smartwatch,Electronics,North,Delhi,2,6007.46,12014.92,5.0,3920.08,486.43,No,UPI,Paid,Delivered
ORD100614,2026-03-17,CUST1653,Mixer,Home Appliances,North,Lucknow,4,4167.81,16671.24,10.0,2341.76,342.86,No,Debit Card,Paid,Cancelled
ORD105263,2025-02-15,CUST1217,Shoes,Fashion,South,Bengaluru,1,3480.84,3480.84,5.0,2382.51,197.78,No,Credit Card,Failed,Delivered
ORD100955,2026-04-11,CUST1652,Office Chair,Furniture,West,Ahmedabad,5,9798.07,48990.35,20.0,6222.04,208.47,No,Debit Card,Paid,Delivered
ORD100083,2025-02-20,CUST1609,Backpack,Accessories,East,Patna,5,1635.9,8179.5,30.0,910.39,87.89,No,Credit Card,Paid,Delivered
ORD101067,2026-03-02,CUST1772,Smartwatch,Electronics,East,Patna,1,6192.4,6192.4,15.0,unknown,121.56,No,Debit Card,Paid,Delivered
ORD103691,2025-01-19,CUST1413,Smartphone,Electronics,South,Chennai,1,26051.4,26051.4,25.0,19393.77,256.65,No,Cash,Paid,Cancelled
 ORD100957 ,2025-05-15,CUST1374,Blender,Home Appliances,South,Hyderabad,4,2934.7,11738.8,25.0,2318.72,352.49,No,Cash,Paid,Cancelled
ORD102535,2025-03-09,CUST1492,Laptop,Electronics,Central,Bhopal,1,59590.97,59590.97,5.0,37251.02,383.77,Yes,UPI,Paid,Returned
ORD102728,2025-12-21,CUST1173,Smartphone,Electronics,South,Chennai,2,28890.07,57780.14,25.0,23505.5,385.47,No,Debit Card,Paid,Cancelled
ORD104669,2025-03-16,CUST1278,Desk,Furniture,Central,Bhopal,4,11900.64,47602.56,25.0,9015.6,155.49,No,Cash,Paid,Delivered
ORD101825,2025-12-28,CUST1264,Shoes,Fashion,Central,Nagpur,2,3119.12,6238.24,10.0,2602.26,455.31,No,Cash,Pending,Delivered
ORD102861,2025-10-05,CUST1448,Microwave,Home Appliances,North,Lucknow,4,12038.74,48154.96,25.0,7857.86,76.66,No,UPI,Pending,Delivered
ORD104183,2026-05-10,CUST1722,Office Chair, Electronics ,East,Bhubaneswar,4,9968.06,39872.24,20.0,8294.66,43.42,No,Cash,Paid,Delivered
ORD101267,2025-08-20,CUST1660,T-Shirt,Fashion,West,Mumbai,2,1006.2,2012.4,20.0,693.1,423.11,Yes,Debit Card,Paid,Returned
ORD101657,2025-03-25,CUST1058,Office Chair,Furniture,South,Bengaluru,2,10322.25,20644.5,30.0,6575.78,362.28,No,Net Banking,Failed,Delivered
ORD104269,2025-01-31,CUST1314,Office Chair,Furniture,North,Delhi,2,9142.47,18284.94,10.0,6957.59,135.05,No,Credit Card,Paid,Cancelled
ORD105987,2026-05-31,CUST1513,Office Chair,Furniture,South,Chennai,2,9760.12,19520.24,15.0,6404.62,202.84,No,Debit Card,Paid,Delivered
ORD103632,2025-10-27,CUST1341,Smartphone,Electronics,North,Lucknow,1,26484.26,26484.26,20.0,21659.55,238.52,No,Credit Card,Paid,Cancelled
ORD104195,2026-01-10,CUST1061,Smartwatch,Electronics,South,Hyderabad,1,6416.4,6416.4,25.0,4056.28,234.39,Yes,Cash,Paid,Returned
ORD104791,2025-12-17,CUST1325,Headphones,Electronics,Central,Nagpur,1,3602.88,3602.88,10.0,2482.22,238.69,No,Cash,Paid,Delivered
ORD101889,2026-06-28,CUST1502,Smartphone,Electronics,Central,Indore,5,29173.18,145865.9,0.0,17080.28,298.22,No,Net Banking,Paid,Delivered
ORD103225,2025-06-23,CUST1390,Shoes,Fashion,West,Pune,2,3290.75,6581.5,10.0,1846.33,375.61,Yes,Credit Card,Paid,Returned
ORD104187,2025-09-23,CUST1083,Microwave,Home Appliances,Central,Nagpur,1,10802.35,10802.35,30.0,6355.52,260.46,No,Debit Card,Pending,Delivered
ORD103977,2025-06-07,CUST1104,Jacket,Fashion,North,Lucknow,4,4814.27,19257.08,25.0,3169.95,201.51,No,Cash,Failed,Delivered
ORD105466,2025-04-12,CUST1030,Bookshelf,Furniture,Central,,5,6690.55,33452.75,15.0,5006.03,371.01,No,Debit Card,paid,Delivered
ORD102809,2026-03-06,CUST1001,Backpack,Accessories,South,Bengaluru,5,1798.41,8992.05,5.0,1012.81,423.84,No,UPI,Pending,Cancelled
ORD104502,2026-04-07,CUST1006,Backpack,Accessories,North,Lucknow,1,1854.07,1854.07,30.0,1565.08,-50,No,UPI,Paid,Delivered
ORD100835,2025-02-01,CUST1661,Microwave,Home Appliances,Central,Bhopal,1,9622.8,9622.8,,7618.47,469.23,No,Net Banking,Paid,Delivered
ORD105028,2025-04-09,CUST1167,Tablet,Electronics,Central,Indore,1,22194.9,22194.9,25.0,12348.36,149.64,No,UPI,Pending,Delivered
ORD100044,2025-05-29,CUST1080,Laptop,Electronics,North,Jaipur,5,55468.11,277340.55,20.0,48138.74,45.59,No,Net Banking,Paid,Delivered
ORD101510,2025-07-17,CUST1799,Laptop,Electronics,North,Lucknow,5,48753.8,243769.0,,33821.83,297.3,No,Cash,Paid,Delivered
ORD100503,2025-04-19,CUST1184,Headphones,Electronics,North,Lucknow,5,3137.25,15686.25,30.0,2095.87,69.39,Yes,Debit Card,Failed,Returned
ORD105301,2025-12-12,CUST1154,Blender,Home Appliances,West,Pune,1,2857.52,2857.52,5.0,1760.81,307.62,No,Credit Card,Paid,Delivered
ORD104538,2026-04-07,CUST1078,Backpack,Accessories,North,Lucknow,5,1868.56,9342.8,20.0,1360.23,384.13,Yes,UPI,Paid,Returned
ORD105276,2026-02-24,CUST1624,Mixer,Home Appliances,North,Lucknow,1,3680.86,3680.86,0.0,3141.48,92.44,No,Cash,Failed,Cancelled
ORD105553,2025-07-12,CUST1425,Desk,Furniture,East,Bhubaneswar,1,11373.84,11373.84,10.0,6566.74,76.33,No,Credit Card,Paid,Delivered
ORD104740,2026-05-29,CUST1286,Blender,Home Appliances,Central,Nagpur,1,2815.41,2815.41,20.0,2395.76,175.76,No,Debit Card,Pending,Cancelled
ORD101300,2025-11-30,CUST1565,Smartphone,Electronics,East,Patna,2,23897.66,47795.32,25.0,13432.6,314.49,No,Credit Card,Pending,Delivered
ORD100505,2025-03-22,CUST1551,Laptop,Electronics,East,Kolkata,4,55563.3,222253.2,25.0,43264.92,377.25,No,Cash,Paid,Delivered
ORD100441,2026-04-22,CUST1704,Mixer,Home Appliances,North,Delhi,1,4035.11,4035.11,15.0,2921.81,118.93,Yes,UPI,Paid,Returned
ORD101654,2025-04-12,CUST1186,Backpack,Accessories,West,Ahmedabad,2,1798.72,3597.44,20.0,1453.73,365.63,No,Debit Card,Paid,Cancelled
ORD101599,2025-04-29,CUST1470,Smartphone,Accessories,North,Jaipur,4,1592.56,6370.24,25.0,1385.08,186.93,Yes,UPI,Failed,Returned
ORD103050,2026-04-03,CUST1225,Office Chair,Electronics,South,Hyderabad,1,8340.94,8340.94,25.0,5941.37,281.18,No,,Pending,Cancelled
ORD100839,2026-06-05,CUST1703,Blender,Home Appliances,West,Mumbai,5,2716.24,13581.2,25.0,2239.51,491.02,No,UPI,Failed,Delivered
ORD103957,2026-06-08,CUST1337,Smartwatch,Electronics,South,Chennai,1,7017.15,7017.15,30.0,3941.81,444.31,No,UPI,Pending,Cancelled
ORD104135,2025-12-11,CUST1538,Office Chair,Furniture,South,Chennai,2,9066.97,18133.94,25.0,6139.38,103.88,Yes,UPI,Paid,Returned
ORD103997,2026-05-28,CUST1277,Tablet,Electronics,Central,Nagpur,4,21165.27,84661.08,30.0,16754.98,192.2,No,Net Banking,Paid,Delivered
ORD103981,2026-03-10,CUST1611,Coffee Maker,Home Appliances,East,Kolkata,2,6313.42,12626.84,20.0,5553.96,217.41,No,UPI,Paid,Delivered
ORD101817,2025-06-20,CUST1334,Desk,Furniture,South,Bengaluru,4,12447.82,49791.28,25.0,9111.35,183.98,Yes,Net Banking,Paid,Returned
ORD100915,2026-01-13,CUST1764,Desk,Furniture,West,Mumbai,1,12786.46,12786.46,25.0,7592.25,278.57,No,Credit Card,Pending,Cancelled
ORD100735,09/02/2025,CUST1519,Tablet,Electronics,East,Bhubaneswar,2,22120.24,44240.48,5.0,16782.98,172.62,No,Debit Card,Failed,Delivered
ORD100107,2025-11-14,CUST1349,Smartphone,Electronics,Central,Indore,2,24719.54,49439.08,15.0,14216.78,431.56,No,Credit Card,Paid,Cancelled
ORD105821,2025-01-17,CUST1771,Smartphone,Electronics,South,Chennai,3,31866.29,95598.87,20.0,,330.63,No,Cash,Paid,Delivered
ORD102880,2025-10-20,CUST1378,Tablet,Electronics,Central,Indore,5,18884.3,94421.5,10.0,11629.75,246.25,No,Cash,Paid,Cancelled
ORD100688,2026-04-06,CUST1571,Smartphone,Electronics,North,Delhi,3,27425.31,82275.93,20.0,21947.57,318.77,No,Net Banking,Paid,Delivered
ORD104387,2025-02-06,CUST1761,Mixer,Home Appliances,East,Bhubaneswar,4,4122.85,16491.4,10.0,3310.72,428.49,No,Debit Card,Pending,Cancelled
ORD101677,2025-09-16,CUST1477,Office Chair,Furniture,North,Lucknow,3,8241.05,24723.15,20.0,6016.72,219.88,No,Cash,Pending,Delivered
ORD104551,2025-04-23,CUST1409,Smartphone,Electronics,West,Ahmedabad,4,29794.66,119178.64,0.0,19278.06,90.38,No,Debit Card,Failed,Delivered
ORD101162,2025-08-08,CUST1357,Blender,Home Appliances,Central,Nagpur,1,2865.0,2865.0,30.0,1898.34,344.48,No,Cash,Paid,Cancelled
ORD105761,2026-07-07,CUST1140,Laptop,Electronics,South,Chennai,4,59658.76,238635.04,15.0,39279.24,387.79,No,Debit Card,Paid,Delivered
ORD100064,2026-03-17,CUST1194,Smartwatch,Electronics,West,Ahmedabad,1,7767.56,7767.56,25.0,6771.54,265.74,No,Debit Card,Paid,Delivered
ORD105516,2025-09-06,CUST1415,Smartphone,Electronics,Central,Nagpur,5,30953.58,154767.9,15.0,25859.01,236.63,No,Net Banking,Failed,Cancelled
ORD102673,2025-09-28,CUST1441,Shoes,Fashion,North,Lucknow,1,2770.92,2770.92,0.0,2200.18,411.91,No,Cash,Pending,Delivered
ORD102603,2025-12-05,CUST1605,Coffee Maker,Home Appliances,West,Ahmedabad,1,5820.22,5820.22,5.0,4924.73,404.18,No,Credit Card,Paid,Cancelled
ORD100761,2025-05-13,CUST1086,Backpack,Accessories,North,Lucknow,5,2022.28,10111.4,30.0,1647.05,222.91,yes,Cash,Pending,Cancelled
ORD105136,2025-06-16,CUST1685,Headphones,Electronics,North,Delhi,3,3599.42,10798.26,30.0,2666.41,411.57,Yes,Net Banking,Failed,Returned
ORD100909,2025-02-05,CUST1507,Bookshelf,Furniture,South,Hyderabad,4,7367.65,29470.6,15.0,6282.84,468.1,No,UPI,Paid,Delivered
ORD102869,2025-06-24,CUST1367,T-Shirt,Fashion,Central,Indore,4,982.2,3928.8,30.0,716.05,355.85,No,Debit Card,Paid,Delivered
ORD103727,2025-09-13,CUST1608,Smartwatch,Electronics,East,Bhubaneswar,3,6504.4,19513.2,15.0,5366.77,285.51,No,Net Banking,Failed,Delivered
ORD100831,2025-12-30,CUST1615,Smartwatch,Electronics,South,Chennai,2,7014.22,14028.44,0.0,4223.15,391.59,No,Cash,Failed,Delivered
ORD105016,2025-10-31,CUST1046,T-Shirt,Fashion,East,Bhubaneswar,3,847.95,2543.85,15.0,unknown,223.15,Yes,UPI,Paid,Returned
ORD102573,2025-04-21,CUST1303,Jacket,Fashion,East,Bhubaneswar,1,4159.88,4159.88,15.0,unknown,432.96,Yes,Net Banking,Pending,Returned
ORD104223,2025-10-06,CUST1725,Office Chair,Furniture,West,Mumbai,1,8857.48,8857.48,0.0,5485.85,369.77,Yes,Debit Card,Paid,Returned
ORD103163,2025-08-29,CUST1614,Coffee Maker,Home Appliances,Central,Bhopal,4,5533.93,22135.72,30.0,3943.5,485.99,No,Net Banking,Paid,Cancelled
ORD104710,2025-10-23,CUST1626,Laptop,Home Appliances,South,Chennai,1,5771.4,5771.4,25.0,5072.4,252.96,Yes,Credit Card,Paid,Returned
ORD100871,2026-06-10,CUST1347,Mixer,Home Appliances,East,Patna,4,4456.96,17827.84,20.0,2799.88,246.07,No,Cash,Failed,Delivered
ORD103119,2025-10-01,CUST1279,Laptop,Electronics,South,Hyderabad,3,54979.7,164939.1,30.0,31108.84,323.07,Yes,,Paid,Returned
ORD104527,2025-08-20,CUST1571,Laptop,Electronics,South,Hyderabad,1,58902.41,58902.41,20.0,35608.03,91.58,No,Net Banking,Paid,Delivered
ORD105336,2026-02-19,CUST1616,Jacket,Fashion,South,Hyderabad,1,4712.32,4712.32,10.0,3289.9,428.74,No,Net Banking,Pending,Delivered
ORD100998,2025-01-28,CUST1548,Mixer,Home Appliances,Central,Bhopal,4,4517.36,18069.44,10.0,3871.64,313.3,No,UPI,Paid,Delivered
ORD101098,2025-01-14,CUST1246,Smartwatch,Electronics,North,Lucknow,1,6111.77,6111.77,25.0,4040.57,106.46,No,Debit Card,Paid,Delivered
ORD100295,2025-10-31,CUST1503,Coffee Maker,Home Appliances,South,Chennai,5,5260.52,26302.6,5.0,4165.29,319.1,No,Credit Card,Paid,Delivered
ORD104410,2025-02-10,CUST1651,Bookshelf,Furniture,Central,Nagpur,1,5570.5,"5,570.50",20.0,3819.83,418.21,No,Debit Card,Paid,Delivered
ORD104841,2025-10-16,CUST1538,Office Chair,Furniture,North,Jaipur,1,9365.98,9365.98,,7165.47,250.21,Yes,Debit Card,Paid,Returned
ORD103961,2026-05-19,CUST1685,Shoes,Fashion,Central,Nagpur,1,3580.85,3580.85,15.0,3002.4,N/A,No,Credit Card,Paid,Delivered
ORD102086,2025-06-16,CUST1019,Smartphone,Electronics,South,Bengaluru,1,29179.41,29179.41,30.0,20948.51,177.07,Yes,UPI,Paid,Returned
ORD105197,2026-01-12,CUST1479,Smartwatch,Electronics,East,Kolkata,4,7903.21,31612.84,25.0,6785.69,235.06,Yes,Credit Card,Paid,Returned
ORD105342,2026-01-27,CUST1647,Office Chair,Furniture,West,Mumbai,3,9421.04,28263.12,15.0,5364.67,126.51,No,Cash,Paid,Delivered
ORD100397,2025-02-15,CUST1600,Desk,Furniture,Central,Nagpur,2,10883.77,21767.54,5.0,8753.25,195.16,No,Net Banking,Paid,Delivered
ORD100854,2025-02-22,CUST1704,Smartphone,Electronics,North,Lucknow,2,31016.7,62033.4,25.0,24337.96,175.99,No,Cash,Paid,Delivered
ORD105235,2026-07-24,CUST1742,Bookshelf,Furniture,West,Mumbai,5,6482.98,32414.9,25.0,3670.46,243.88,No,Credit Card,Failed,Delivered
ORD105502,2025-04-08,CUST1052,Desk,Furniture,East,Patna,3,12358.33,37074.99,15.0,7529.19,344.24,No,Debit Card,Failed,Cancelled
ORD102080,2025-10-19,CUST1051,Mixer,Home Appliances,West,Pune,5,4092.27,20461.35,25.0,3413.91,325.96,No,UPI,Paid,Delivered
ORD100018,2025-04-30,CUST1673,Tablet,Electronics,East,Patna,4,20937.6,83750.4,10.0,16354.74,429.46,No,UPI,Pending,Delivered
ORD105886,2026-04-10,CUST1043,Laptop,Electronics,South,Hyderabad,1,59303.27,59303.27,10.0,36747.56,486.25,No,Cash,Paid,Cancelled
ORD104352,2026-06-19,CUST1529,Bookshelf,Furniture,South,Chennai,3,7226.95,21680.85,5.0,5095.57,336.39,No,Cash,Failed,Delivered
ORD100715,2025-01-10,CUST1592,Jacket,Fashion,North,Jaipur,3,4814.76,14444.28,5.0,3231.5,289.46,Yes,Cash,Paid,Returned
ORD101252,2025-04-23,CUST1701,Mixer,Home Appliances,North,Lucknow,4,4486.33,17945.32,5.0,2604.94,277.73,,Cash,Pending,Delivered
ORD100195,2026-01-18,CUST1068,Jacket,Fashion,South,Chennai,1,3895.14,3895.14,30.0,2781.5,196.3,No,Cash,Failed,Delivered
ORD105464,2026-07-26,CUST1793,Smartphone,Electronics,North,Lucknow,1,26878.79,26878.79,10.0,19947.21,446.24,No,Net Banking,Paid,Delivered
ORD100203,2026-06-30,CUST1041,T-Shirt,Fashion,West,Ahmedabad,3,811.92,2435.76,20.0,476.82,80.1,No,Credit Card,Paid,Delivered
ORD100292,2025-02-23,CUST1690,Smartwatch,Electronics,North,Lucknow,2,7246.22,14492.44,25.0,6321.69,86.87,Yes,Cash,Paid,Returned
ORD101345,2026-05-25,CUST1335,Bookshelf,Furniture,South,Bengaluru,1,5976.46,5976.46,15.0,4542.47,357.1,No,Net Banking,Paid,Delivered
ORD102960,2025-05-04,CUST1213,Smartwatch,Electronics,West,Pune,3,7284.85,21854.55,25.0,4639.42,277.09,No,Cash,Pending,Cancelled
ORD102161,2026-07-19,CUST1125,Shoes,Fashion,West,Ahmedabad,1,3072.69,3072.69,0.0,1919.31,431.09,No,UPI,Paid,Delivered
ORD103816,2026-04-19,CUST1685,Smartwatch,Electronics,South,Chennai,1,7686.88,7686.88,10.0,6136.91,416.05,No,Debit Card,Paid,Delivered
ORD105035,2025-02-22,CUST1027,Bookshelf,Furniture,West,Pune,2,7219.95,14439.9,5.0,5531.04,266.9,No,Cash,Pending,Delivered
ORD105796,2026-03-02,CUST1690,Laptop,Home Appliances,South,Bengaluru,5,10985.9,54929.5,5.0,"9,482.28",168.26,No,Credit Card,Paid,Delivered
ORD103115,2026-02-10,CUST1018,Headphones,Electronics,West,Pune,3,3230.74,9692.22,30.0,2753.53,248.18,No,Cash,Paid,Delivered
ORD105285,2025-12-13,CUST1117,Backpack,Accessories,North,Lucknow,3,2028.99,6086.97,5.0,1137.46,449.33,No,Credit Card,Failed,Delivered
ORD104545,2025-06-10,CUST1115,Bookshelf,Furniture,Central,Bhopal,2,7073.78,14147.56,15.0,5812.16,329.25,No,UPI,Pending,Delivered
ORD101629,2025-01-06,CUST1542,Bookshelf,Furniture,East,Patna,1,6482.3,6482.3,15.0,4870.7,118.2,No,Net Banking,Paid,Cancelled
ORD104354,2025-09-26,CUST1764,Microwave,Home Appliances,North,Delhi,4,10631.43,42525.72,5.0,7545.16,253.94,No,UPI,Paid,Delivered
ORD104026,2026-02-10,CUST1115,Bookshelf,Furniture,Central,Indore,1,6532.81,6532.81,5.0,4804.69,425.85,No,Credit Card,Paid,Delivered
ORD100004,2026-04-22,,Mixer,Home Appliances,East,Bhubaneswar,3,4062.74,12188.22,5.0,3122.75,183.39,No,Credit Card,Pending,Delivered
ORD100175,2025-10-29,CUST1360,Headphones,Electronics,South,Chennai,5,3307.77,16538.85,30.0,2743.3,462.71,No,Cash,Paid,Delivered
ORD100412,2026-03-01,CUST1790,Coffee Maker,Home Appliances,North,Delhi,2,5100.87,10201.74,20.0,2887.45,85.08,Yes,Net Banking,Pending,Returned
ORD102349,2025-08-16,CUST1221,Backpack,Accessories,North,Jaipur,3,1973.1,5919.3,25.0,1652.46,118.22,Yes,UPI,Pending,Returned
ORD101990,2026-04-08,CUST1609,Blender,Home Appliances,East,Bhubaneswar,1,3103.74,3103.74,10.0,1728.08,400.3,Yes,Debit Card,Failed,Returned
ORD101430,2025-06-13,CUST1361,Microwave,Home Appliances,Central,Nagpur,2,11350.01,22700.02,25.0,8197.01,239.68,No,Net Banking,Paid,Delivered
ORD101940,2025-12-23,CUST1186,Office Chair,Furniture,South,Chennai,3,10093.88,30281.64,5.0,8578.89,175.47,No,Credit Card,Pending,Cancelled
ORD102584,2025-09-14,CUST1515,T-Shirt,Fashion,East,Kolkata,5,965.14,4825.7,15.0,713.2,59.6,No,Credit Card,Pending,Cancelled
ORD100023,2025-05-08,CUST1018,Blender,Home Appliances,East,Kolkata,2,3317.71,6635.42,30.0,2159.43,,No,Credit Card,Paid,Delivered
ORD105438,2025-06-21,CUST1378,Jacket,Fashion,West,Mumbai,5,4548.9,22744.5,20.0,2995.64,335.12,Yes,Debit Card,Pending,Returned
ORD102292,2025-11-17,CUST1098,Laptop,Electronics,South,Bengaluru,1,48278.5,48278.5,20.0,35047.06,384.97,No,Credit Card,Paid,Cancelled
ORD103863,2026-03-14,CUST1458,Smartwatch,Electronics,South,Chennai,1,6533.45,6533.45,5.0,4960.58,447.89,Yes,Net Banking,Pending,Returned
ORD103381,2026-07-26,CUST1776,Tablet,Electronics,Central,Indore,3,21927.61,65782.83,5.0,17436.57,202.55,No,UPI,Paid,Cancelled
ORD100966,2025-01-28,CUST1794,Shoes,Fashion,South,Hyderabad,2,3153.28,6306.56,15.0,2370.7,398.38,No,Cash,Paid,Delivered
ORD105004,2026-06-27,CUST1742,Desk,Furniture,North,Delhi,5,13007.54,65037.7,20.0,9141.09,333.22,No,Debit Card,Pending,Delivered
ORD103157,2025-05-14,CUST1285,Office Chair,Furniture,South,Hyderabad,3,9719.89,29159.67,5.0,8182.7,437.6,No,Credit Card,Pending,Delivered
ORD102074,2025-10-06,CUST1363,Desk,Furniture,North,Delhi,1,12263.97,12263.97,30.0,8260.74,300.1,No,UPI,Paid,Delivered
ORD100420,2025-12-18,CUST1158,Shoes,Fashion,Central,Nagpur,1,3112.72,3112.72,25.0,2077.1,347.84,No,Debit Card,Paid,Delivered
ORD100959,2026-03-29,CUST1756,Jacket,Fashion,North,Kolkata,4,4141.16,16564.64,10.0,3094.76,137.43,No,Debit Card,Failed,Cancelled
ORD100602,2025-08-28,CUST1363,Shoes,Fashion,West,Pune,2,3044.83,6089.66,25.0,1885.01,58.13,No,Net Banking,Failed,Delivered
ORD101791,2026-05-31,CUST1165,Smartwatch,Electronics,South,Chennai,4,7115.28,28461.12,10.0,5673.07,337.19,No,Net Banking,Pending,Cancelled
ORD104995,2025-09-21,CUST1783,Smartwatch,Electronics,North,Delhi,1,6348.64,6348.64,25.0,4953.95,42.11,No,Cash,Failed,Delivered
ORD100829,2025-02-21,CUST1116,Coffee Maker,Home Appliances,Central,Bhopal,5,6281.59,31407.95,0.0,4032.32,394.93,No,Net Banking,Failed,Delivered
ORD102563,2025-10-18,CUST1368,Shoes,Fashion,South,Chennai,1,3629.23,3629.23,30.0,2256.7,141.2,No,Debit Card,Failed,Delivered
ORD103326,2025-05-27,CUST1245,Smartphone,Electronics,West,Ahmedabad,4,30221.1,120884.4,0.0,17894.14,441.14,Yes,UPI,Pending,Returned
ORD105802,2026-05-04,CUST1789,Office Chair,Furniture,North,Delhi,5,8341.75,41708.75,25.0,6415.35,176.63,No,UPI,Pending,Delivered
ORD105738,2025-02-09,CUST1617,Microwave,Home Appliances,West,Mumbai,1,12360.24,12360.24,5.0,9774.7,328.85,No,Credit Card,Failed,Delivered
ORD100506,2025-02-26,CUST1723,Tablet,Electronics,West,Pune,2,22681.42,45362.84,0.0,14508.15,87.73,,UPI,Paid,Delivered
ORD104345,2026-03-10,CUST1416,Office Chair,Furniture,Central,Indore,1,8750.42,8750.42,15.0,7159.93,418.83,No,Net Banking,Failed,Delivered
ORD103175,2025-01-26,CUST1488,Shoes,Fashion,Central,Indore,2,2841.58,5683.16,15.0,1813.96,175.82,No,Net Banking,Paid,Delivered
ORD104048,2025-07-22,CUST1563,Coffee Maker,Home Appliances,South,Hyderabad,1,5698.55,5698.55,5.0,4233.94,240.94,No,Cash,Paid,Delivered
ORD103500,2026-01-30,CUST1376,Coffee Maker,Home Appliances,East,Bhubaneswar,1,5080.73,5080.73,5.0,4017.64,102.64,Yes,Debit Card,Pending,Returned
ORD102528,2025-03-17,CUST1426,Office Chair,Furniture,West,Ahmedabad,1,7992.35,7992.35,30.0,4477.57,431.99,No,UPI,Paid,Delivered
ORD103441,2026-01-11,CUST1376,Shoes,Fashion,East,Patna,4,3123.56,12494.24,5.0,1853.87,460.12,Yes,Cash,Pending,Returned
ORD101576,2026-07-25,CUST1196,Office Chair,Furniture,North,Lucknow,5,8522.48,42612.4,20.0,5364.27,389.46,No,Debit Card,Paid,Delivered
ORD100582,2025-05-31,CUST1141,Shoes,Fashion,East,Kolkata,4,2850.61,11402.44,25.0,2032.05,464.66,Yes,Cash,Pending,Returned
ORD104927,2025-04-07,CUST1490,Smartphone,Electronics,Central,Nagpur,1,28681.92,28681.92,15.0,17334.73,257.8,No,Credit Card,Paid,Cancelled
ORD104427,2025-07-16,CUST1299,Tablet,Electronics,North,Delhi,5,24550.71,122753.55,5.0,15959.38,101.54,No,Debit Card,Paid,Cancelled
ORD100858,2026-07-31,CUST1326,Smartphone,Electronics,West,Mumbai,4,26524.23,106096.92,5.0,16237.11,201.42,No,UPI,Failed,Delivered
ORD103137,2026-03-05,CUST1035,Bookshelf,Furniture,West,Mumbai,1,5975.53,5975.53,25.0,3683.29,173.76,Yes,Credit Card,Paid,Returned
ORD103874,2025-02-16,CUST1167,Office Chair,Furniture,Central,Bhopal,2,9396.45,18792.9,10.0,7813.75,99.83,yes,Debit Card,Paid,Cancelled
ORD102874,2025-09-30,CUST1198,Jacket,Fashion,East,Kolkata,3,4257.13,12771.39,30.0,3099.61,89.66,No,Debit Card,Paid,Delivered
ORD101226,2026-07-10,CUST1082,Desk,Furniture,West,Pune,5,12229.02,61145.1,30.0,10224.3,478.51,No,Credit Card,Paid,Delivered
ORD100697,2025-12-03,CUST1472,Jacket,Fashion,Central,Indore,5,5041.23,25206.15,,3636.36,177.11,No,Cash,Failed,Delivered
ORD105554,2026-06-26,CUST1071,Headphones,Electronics,South,Chennai,2,3878.59,7757.18,0.0,3289.78,104.78,No,UPI,Paid,Delivered
ORD104596,2025-07-01,CUST1243,Office Chair,Furniture,West,Ahmedabad,1,8788.42,8788.42,15.0,6997.06,336.94,No,Cash,Failed,Delivered
ORD101485,2025-12-23,CUST1148,Shoes,Fashion,East,Kolkata,1,2870.9,2870.9,10.0,2161.31,440.37,No,UPI,Paid,Delivered
ORD100454,2025-01-02,CUST1010,Desk,Furniture,West,Pune,4,13362.3,53449.2,20.0,9083.64,290.5,Yes,Net Banking,Paid,Returned
ORD103561,2025-11-22,CUST1744,Smartphone,Electronics,West,Mumbai,2,29971.25,59942.5,15.0,22068.47,185.98,No,Credit Card,Paid,Delivered
ORD102323,2025-09-20,CUST1670,Laptop,Electronics,Central,Bhopal,3,56920.53,170761.59,5.0,34966.04,376.35,No,Credit Card,Pending,Delivered
ORD101215,2025-08-22,CUST1633,Tablet,Electronics,Central,Bhopal,4,20491.8,81967.2,30.0,12262.05,457.96,No,Cash,Paid,Delivered
ORD102129,2025-09-18,CUST1383,Shoes,Fashion,East,Kolkata,1,3416.79,3416.79,20.0,2127.73,251.53,No,Cash,Failed,Cancelled
ORD101676,2025-05-04,CUST1552,Laptop,Electronics,East,Kolkata,3,61682.17,185046.51,30.0,41218.9,340.51,No,Credit Card,Paid,Delivered
ORD103151,2026-05-19,CUST1450,Mixer,Home Appliances,East,Bhubaneswar,4,4056.73,16226.92,30.0,3305.72,86.44,No,UPI,Paid,Delivered
ORD100861,2026-02-06,CUST1360,T-Shirt,Fashion,West,Pune,1,974.68,974.68,0.0,792.08,258.54,No,Credit Card,Paid,Delivered
ORD100501,2025-08-07,CUST1533,Microwave,Home Appliances,Central,Indore,1,11117.29,11117.29,5.0,7034.89,274.44,No,Cash,Pending,Delivered
ORD103331,2025-05-18,CUST1451,Desk,Furniture,West,Mumbai,1,12448.09,12448.09,0.0,9695.28,309.3,No,Net Banking,Paid,Delivered
ORD103614,2025-08-25,CUST1472,Bookshelf,Furniture,North,Jaipur,1,5602.52,5602.52,10.0,4854.22,364.42,Yes,Net Banking,Paid,Returned
ORD105645,2026-04-30,CUST1551,Desk,Furniture,North,Delhi,1,13391.36,13391.36,20.0,9039.07,153.64,No,UPI,Paid,Delivered
ORD102099,2025-05-09,CUST1713,Mixer,Home Appliances,Central,Nagpur,1,4683.24,4683.24,5.0,4018.34,468.53,No,UPI,Paid,Delivered
ORD105632,2025-10-03,CUST1612,Smartphone,Home Appliances,Central,Indore,2,4248.15,"8,496.30",10.0,2753.76,274.27,No,Cash,Pending,Delivered
ORD103267,2026-06-25,CUST1182,Jacket,Fashion,North,Lucknow,1,4515.48,4515.48,25.0,3910.49,218.85,No,Debit Card,Paid,Cancelled
ORD105386,2025-08-27,CUST1197,Laptop,Electronics,South,Bengaluru,1,51630.22,51630.22,30.0,38732.4,420.45,No,Debit Card,Pending,Delivered
ORD104874,2026-06-20,CUST1775,Jacket,Fashion,West,Mumbai,1,4375.69,4375.69,25.0,2940.48,90.03,Yes,Net Banking,Paid,Returned
ORD102212,2025-12-03,CUST1300,Microwave,Home Appliances,East,Patna,5,12123.11,60615.55,30.0,7783.23,242.62,No,,Pending,Delivered
ORD101800,2026-04-30,CUST1244,Smartwatch,Electronics,South,Hyderabad,4,8014.89,32059.56,5.0,5195.48,373.67,No,UPI,Paid,Delivered
ORD101190,2025-06-09,CUST1492,Smartwatch,Electronics,Central,Nagpur,3,6675.33,20025.99,30.0,5178.34,79.22,No,Net Banking,Paid,Cancelled
ORD101366,2025-11-19,CUST1773,Laptop,Electronics,East,Kolkata,4,62163.56,248654.24,10.0,37888.53,68.93,No,Net Banking,Pending,Cancelled
ORD105329,2025-01-31,CUST1004,Mixer,Home Appliances,West,Ahmedabad,2,3980.39,7960.78,5.0,3403.28,41.13,No,Credit Card,Paid,Cancelled
ORD100752,2025-05-13,CUST1055,Blender,Home Appliances,West,Mumbai,4,2685.28,10741.12,5.0,2153.3,309.77,No,Net Banking,Paid,Delivered
ORD102306,2026-05-14,CUST1174,Blender,Home Appliances,South,Hyderabad,5,2623.62,13118.1,30.0,1681.59,300.7,No,Net Banking,Failed,Delivered
ORD101294,2026-02-01,CUST1216,Desk,Furniture,Central,Indore,4,12564.56,50258.24,0.0,10801.31,333.65,No,Credit Card,Paid,Cancelled
ORD103130,2025-10-20,CUST1730,Bookshelf,Furniture,South,Hyderabad,5,7463.24,37316.2,25.0,4410.15,471.38,No,Cash,Paid,Delivered
ORD105535,2026-04-23,CUST1723,Desk,Furniture,Central,Bhopal,4,10769.18,43076.72,20.0,9370.44,252.38,Yes,UPI,Paid,Returned
ORD102454,2026-06-26,CUST1165,Laptop,Electronics,South,Bengaluru,1,57187.07,57187.07,15.0,41814.47,154.33,No,UPI,Failed,Cancelled
ORD104411,2025-07-24,CUST1568,Laptop,Electronics,East,Patna,4,53013.96,212055.84,15.0,32618.64,150.25,Yes,Cash,Pending,Returned
ORD104293,2026-07-12,CUST1148,Shoes,Fashion,North,Lucknow,1,3351.12,3351.12,15.0,2489.65,123.47,No,Net Banking,Paid,Cancelled
ORD102427,2026-02-03,CUST1182,Jacket,Fashion,South,Bengaluru,1,4456.17,4456.17,20.0,2995.37,127.61, YES ,Net Banking,Paid,Delivered
ORD102980,2025-07-04,CUST1037,Microwave,Home Appliances,West,Ahmedabad,1,9651.72,9651.72,0.0,6712.99,478.35,No,Credit Card,Paid,Delivered
ORD104012,2025-05-25,CUST1679,Smartphone,Electronics,West,Pune,2,24202.22,48404.44,10.0,16837.98,401.5,No,Net Banking,Failed,Delivered
ORD105905,2025-08-31,CUST1181,Desk,Furniture,Central,Indore,1,12271.9,12271.9,25.0,7382.11,294.08,No,Credit Card,Paid,Delivered
ORD100216,2025-12-07,CUST1757,Bookshelf,Furniture,North,Delhi,2,6572.16,13144.32,0.0,3631.31,140.77,Yes,Credit Card,Paid,Returned
ORD103837,2025-01-23,CUST1762,Jacket,Fashion,Central,Bhopal,4,4398.71,17594.84,25.0,3752.02,350.23,No,Cash,Paid,Delivered
ORD104631,2026-01-25,CUST1063,smartphone,Electronics,Central,Bhopal,1,29339.51,29339.51,15.0,18715.01,451.6,No,Debit Card,Paid,Cancelled
 ORD100738 ,2025-02-28,CUST1353,Headphones,Electronics,South,Hyderabad,1,3410.97,3410.97,10.0,1992.42,238.49,No,Net Banking,Paid,Delivered
ORD105638,2025-08-03,CUST1589,Mixer,Home Appliances,West,Mumbai,1,4155.64,4155.64,15.0,3593.37,234.11,No,Debit Card,Paid,Delivered
ORD100493,2025-05-30,CUST1132,Coffee Maker,Home Appliances,East,Kolkata,1,6103.19,6103.19,25.0,5137.87,N/A,No,Debit Card,Paid,Delivered
ORD103841,2025-08-17,CUST1410,Smartphone,Electronics,East,Patna,2,30612.17,61224.34,25.0,24271.51,297.73,No,Credit Card,Paid,Delivered
ORD100472,2026-06-19,CUST1693,Tablet,Electronics,East,Kolkata,2,23826.87,47653.74,10.0,18454.55,166.1,No,UPI,Paid,Delivered
ORD101651,2025-08-04,CUST1687,Smartwatch,Electronics,North,Delhi,5,7245.86,36229.3,20.0,6239.22,289.95,Yes,Credit Card,Paid,Returned
ORD102357,2025-01-11,CUST1632,Smartphone,Electronics,Central,Nagpur,3,27644.55,82933.65,5.0,22602.93,74.89,No,Credit Card,Paid,Delivered
ORD102894,2025-07-20,CUST1231,Desk,Furniture,west,Bhopal,1,10732.36,10732.36,5.0,9352.63,470.5,No,Debit Card,Paid,Delivered
ORD101754,2026-07-30,CUST1246,Smartphone,Electronics,West,Mumbai,2,27917.69,55835.38,20.0,18745.33,142.94,No,Net Banking,Paid,Delivered
ORD105330,2025-04-09,CUST1683,Smartphone,Electronics,South,Bengaluru,5,24811.05,124055.25,5.0,21632.9,168.97,No,Credit Card,Pending,Cancelled
ORD100996,2026-02-23,CUST1698,T-Shirt,Fashion,North,Delhi,2,1006.83,2013.66,15.0,845.42,261.66,No,UPI,Failed,Delivered
ORD104753,2025-08-08,CUST1272,Microwave,Home Appliances,South,Hyderabad,3,12508.5,37525.5,5.0,10459.49,491.27,No,UPI,Failed,Delivered
ORD100126,2025-02-04,CUST1445,Desk,Furniture,East,Kolkata,2,12199.31,24398.62,5.0,9339.51,192.86,No,UPI,Pending,Delivered
ORD105445,2026-07-03,CUST1217,Blender,Home Appliances,South,Bengaluru,2,3325.4,6650.8,20.0,2304.75,84.83,Yes,Net Banking,Pending,Returned
ORD101860,2025-09-20,CUST1472, LAPTOP ,Fashion,South,Hyderabad,4,3076.68,12306.72,25.0,2191.79,157.68,Yes,Credit Card,Failed,Returned
ORD102321,2025-09-10,CUST1634,Mixer,Home Appliances,East,Kolkata,2,4054.37,8108.74,10.0,2360.9,64.66,No,Debit Card,Paid,Delivered
ORD104517,2026-05-18,CUST1364,Backpack,Accessories,South,Bengaluru,2,1905.32,3810.64,15.0,1072.1,161.53,No,,Failed,Cancelled
ORD102355,2026-07-10,CUST1596,Jacket,Fashion,Central,Indore,5,4685.34,23426.7,5.0,2881.05,123.29,No,UPI,Pending,Delivered
ORD100886,2025-05-13,CUST1312,Laptop,Electronics,North,Lucknow,1,51787.88,51787.88,20.0,39444.74,394.26,Yes,Credit Card,Paid,Returned
ORD100396,2025-08-20,CUST1328,Jacket,Fashion,South,Hyderabad,1,4191.91,4191.91,25.0,2654.58,181.57,No,Cash,Paid,Delivered
ORD103002,2026-04-07,CUST1455,Coffee Maker,Home Appliances,North,Jaipur,3,5125.39,15376.17,15.0,3507.96,207.91,No,Net Banking,Paid,Delivered
ORD104679,2025-01-25,CUST1555,Smartwatch,Electronics,North,Lucknow,2,6275.76,12551.52,15.0,4273.56,450.63,No,Cash,Pending,Delivered
ORD102801,2025-09-04,CUST1630,Office Chair,Furniture,North,Jaipur,3,8449.64,25348.92,0.0,4882.96,403.29,Yes,UPI,Failed,Returned
ORD102216,2026-07-18,CUST1233,Smartwatch,Electronics,South,Chennai,1,7855.89,7855.89,25.0,5167.04,334.86,Yes,Debit Card,Paid,Returned
ORD100625,2025-10-29,CUST1548,Mixer,Home Appliances,South,Chennai,5,4484.09,22420.45,25.0,3067.57,263.13,No,Cash,Paid,Cancelled
ORD104225,2025-11-15,CUST1388,Microwave,Home Appliances,South,Bengaluru,1,10294.78,10294.78,10.0,5952.44,375.88,No,Debit Card,Failed,Delivered
ORD101853,2025-10-08,CUST1351,Jacket,Fashion,East,Bhubaneswar,4,4673.19,18692.76,15.0,unknown,70.29,Yes,UPI,Pending,Returned
ORD102380,2025-06-24,CUST1088,T-Shirt,Fashion,West,Ahmedabad,2,835.86,1671.72,25.0,501.27,405.84,Yes,Net Banking,Paid,Returned
ORD105367,2025-11-26,CUST1564,Backpack,Accessories,South,Bengaluru,1,1537.49,1537.49,,989.07,407.5,Yes,Debit Card,Paid,Returned
ORD100379,2025-06-30,CUST1288,Blender,Home Appliances,West,Pune,1,2702.16,2702.16,30.0,2074.2,305.79,No,Debit Card,Pending,Delivered
ORD102859,2026-01-13,CUST1257,Bookshelf,Furniture,South,Bengaluru,1,6537.55,6537.55,0.0,5637.96,168.87,No,UPI,Pending,Delivered
ORD105903,2025-05-22,CUST1538,Mixer,Home Appliances,South,Bengaluru,5,4695.66,23478.3,0.0,3283.88,,No,Debit Card,Paid,Delivered
ORD102141,2025-12-09,CUST1708,smartphone,Furniture,Central,Nagpur,1,9239.86,9239.86,30.0,5500.78,254.99,Yes,Net Banking,Paid,Returned
ORD104476,2025-05-12,CUST1339,Jacket,Fashion,East,,1,4733.18,4733.18,5.0,3680.66,404.82,No,Credit Card,Paid,Cancelled
ORD103292,2025-05-24,CUST1757,Backpack,Accessories,North,Lucknow,2,1952.2,3904.4,30.0,1681.79,469.9,No,UPI,Paid,Delivered
ORD103529,2025-11-30,CUST1664,Office Chair,Furniture,East,Patna,5,8397.9,41989.5,30.0,4869.49,320.43,No,Cash,Paid,Cancelled
ORD104413,2025-03-01,CUST1105,Desk,Furniture,North,Jaipur,4,10269.4,41077.6,0.0,7445.13,285.73,No,Net Banking,Failed,Delivered
ORD104315,2025-12-12,CUST1072,Shoes,Fashion,West,Ahmedabad,5,3383.7,16918.5,25.0,2236.3,102.26,No,Net Banking,Failed,Delivered
ORD102194,2025-10-17,CUST1444,Blender,Home Appliances,East,Patna,4,3178.73,12714.92,25.0,2013.93,168.21,Yes,Debit Card,Pending,Returned
ORD100149,2025-06-09,CUST1523,T-Shirt,Fashion,South,Chennai,1,823.52,823.52,0.0,501.43,183.65,No,UPI,Failed,Delivered
ORD105615,2025-07-03,CUST1616,Mixer,Home Appliances,Central,Nagpur,5,4302.09,21510.45,5.0,3674.1,57.48,No,UPI,Paid,Delivered
ORD102240,2025-05-02,CUST1251,Jacket,Fashion,South,Bengaluru,3,3908.51,11725.53,30.0,3044.3,296.09,No,Debit Card,Paid,Cancelled
ORD100721,2026-07-20,CUST1138,Laptop,Electronics,South,Bengaluru,3,62979.36,188938.08,25.0,52985.67,464.14,Yes,Net Banking,Paid,Returned
ORD103743,2026-07-02,CUST1099,T-Shirt,Fashion,East,Bhubaneswar,1,932.0,932.0,25.0,798.03,149.85,Yes,,Failed,Returned
ORD102410,2025-02-03,CUST1684,Desk,Furniture,Central,Bhopal,1,12341.26,12341.26,25.0,7198.27,417.77,Yes,Net Banking,Paid,Returned
ORD103233,2025-04-29,CUST1434,Backpack,Accessories,Central,Indore,5,1826.8,9134.0,5.0,1527.83,460.82,No,UPI,Paid,Cancelled
ORD100430,2025-03-14,CUST1308,Headphones,Electronics,Central,Indore,2,3000.85,6001.7,15.0,2145.67,350.45,No,Credit Card,Pending,Cancelled
ORD104381,2026-05-03,CUST1372,Backpack,Accessories,South,Bengaluru,1,2038.65,2038.65,0.0,1722.55,285.0,No,Debit Card,Paid,Delivered
ORD102489,2025-12-16,CUST1072,Microwave,Home Appliances,South,Bengaluru,3,11968.64,35905.92,15.0,8170.79,150.73,No,Debit Card,Failed,Delivered
ORD105223,2025-08-02,CUST1359,Office Chair,Furniture,East,Kolkata,2,9402.68,18805.36,25.0,5451.68,141.54,No,Cash,Paid,Delivered
ORD105118,2025-06-18,CUST1323,T-Shirt,Fashion,Central,Bhopal,1,947.26,947.26,15.0,606.3,208.98,No,Cash,Paid,Delivered
ORD101105,2025-09-14,CUST1168,Mixer,Home Appliances,North,Delhi,5,4740.71,23703.55,30.0,3111.66,241.48,No,Net Banking, PAID ,Delivered
ORD101361,2025-11-23,CUST1542,Smartwatch,Electronics,South,Bengaluru,2,6190.08,12380.16,25.0,3491.94,499.95,No,Credit Card,Paid,Delivered
ORD101580,2026-07-24,CUST1582,Mixer,Home Appliances,West,Mumbai,2,4001.21,8002.42,10.0,unknown,,No,Net Banking,Pending,Delivered
ORD104546,2026-01-01,CUST1302,Coffee Maker,Home Appliances,East,Patna,2,4989.79,9979.58,5.0,2995.1,95.19,No,Net Banking,Paid,Delivered
ORD101051,2026-01-02,CUST1670,Blender,Home Appliances,East,Bhubaneswar,4,3364.92,13459.68,20.0,2482.61,215.99,No,UPI,Paid,Delivered
ORD103756,2026-04-11,CUST1639,Office Chair,Furniture,Central,Nagpur,3,8324.99,24974.97,30.0,4995.45,341.2,Yes,Credit Card,Paid,Returned
ORD103958,2026-02-06,CUST1488,Bookshelf,Furniture,East,Bhubaneswar,5,6320.67,"31,603.35",5.0,4741.95,332.84,No, UPI ,Failed,Cancelled
ORD104164,2025-07-05,CUST1211,Office Chair,Furniture,West,Mumbai,1,8325.85,8325.85,15.0,6417.53,337.04,No,Debit Card,Failed,Cancelled
ORD100867,2025-12-17,CUST1143,T-Shirt,Fashion,North,Lucknow,3,820.63,2461.89,15.0,596.98,110.4,No,Cash,Paid,Delivered
ORD104086,2026-05-13,CUST1542,Laptop,Electronics,East,Patna,4,60328.43,241313.72,30.0,34129.17,300.18,No,Credit Card,Failed,Delivered
ORD101555,2025-09-18,CUST1306,Desk,Furniture,South,Bengaluru,1,11378.4,11378.4,15.0,8704.33,277.67,No,UPI,Paid,Delivered
ORD105561,2026-03-24,CUST1771,Desk,Furniture,Central,Nagpur,5,10893.04,54465.2,0.0,8113.06,191.22,No,UPI,Paid,Delivered
ORD105942,2026-01-15,CUST1396,Smartphone,Electronics,North,Delhi,2,25985.8,51971.6,5.0,15390.56,309.39,No,Debit Card, PAID ,Delivered
ORD100359,2025-06-15,CUST1496,Tablet,Furniture,North,Jaipur,3,21850.51,65551.53,20.0,17742.54,unknown,Yes,Net Banking,Paid,Returned
ORD102031,2025-10-31,CUST1288,Mixer,Home Appliances,West,Ahmedabad,2,4704.57,9409.14,20.0,3910.23,215.3,No,Debit Card,Paid,Cancelled
ORD104161,2025-01-07,CUST1273,Microwave,Home Appliances,South,Bengaluru,2,10893.27,21786.54,10.0,9005.7,402.35,No,Net Banking,Paid,Cancelled
ORD103764,2025-06-29,CUST1218,Headphones,Electronics,West,Pune,1,3317.64,3317.64,15.0,2810.72,499.63,No,Credit Card,Paid,Delivered
ORD103951,2026-07-09,CUST1787,Mixer,Home Appliances,North,Delhi,5,3887.9,19439.5,10.0,2393.85,90.85,No,Cash,Paid,Delivered
ORD101671,2026-06-02,CUST1377,Mixer,Home Appliances,Central,Indore,2,4614.22,9228.44,10.0,3474.15,146.26,No,Credit Card,Failed,Cancelled
ORD105077,2025-06-11,CUST1453,Tablet,Electronics,South,Hyderabad,1,21437.82,21437.82,10.0,15666.11,281.01,No,Credit Card,Paid,Delivered
ORD101972,2026-01-12,CUST1289,Shoes,Fashion,North,Jaipur,2,3483.1,6966.2,0.0,2674.11,159.19,No,Cash,Pending,Delivered
ORD100877,2025-08-23,CUST1337,Office Chair,Furniture,North,Lucknow,4,8598.66,34394.64,20.0,5722.02,365.83,No,Net Banking,Paid,Cancelled
ORD101410,2025-10-18,CUST1458,Backpack,Fashion ,North,Jaipur,1,1843.19,1843.19,10.0,1134.24,291.56,No,Credit Card,Pending,Delivered
ORD100352,2025-12-17,CUST1434,Shoes,Fashion,West,Patna,5,3472.84,17364.2,10.0,2153.53,345.22,No,Cash,Paid,Delivered
ORD102567,2025-11-21,CUST1367,T-Shirt,Fashion,West,Mumbai,1,787.5,787.5,10.0,517.04,221.1,No,Credit Card,Pending,Delivered
ORD105988,2025-01-27,CUST1291,Mixer,Home Appliances,East,Kolkata,1,3862.3,3862.3,0.0,3011.16,209.86,Yes,Cash,Paid,Returned
ORD102907,2025-09-17,CUST1361,Headphones,Electronics,North,Lucknow,3,3290.24,9870.72,20.0,1913.69,202.59,No,Cash,Paid,Delivered
ORD103757,2025-07-05,CUST1122,Tablet,Electronics,North,Delhi,1,21751.31,21751.31,30.0,12731.28,239.83,No,Credit Card,Paid,Delivered
ORD101948,2025-04-06,CUST1167,T-Shirt,Fashion,East,Kolkata,2,867.12,1734.24,15.0,638.94,463.13,No,Debit Card,Paid,Delivered
ORD104358,2025-05-23,CUST1345,Mixer,Home Appliances,North,Delhi,2,4248.72,8497.44,5.0,3365.05,78.96,Yes,Cash,Failed,Returned
ORD105424,2026-04-08,CUST1687,Office Chair,Furniture,West,Ahmedabad,5,8607.5,43037.5,0.0,4894.4,192.63,No,UPI,Paid,Delivered
ORD104747,2026-06-03,,Jacket,Fashion,South,Bengaluru,2,4590.04,9180.08,10.0,3971.12,76.85,No,Credit Card,Paid,Delivered
ORD101357,2025-05-18,CUST1135,Backpack,Accessories,West,Mumbai,2,1651.37,3302.74,20.0,1250.64,377.69,No,UPI,Failed,Delivered
ORD100407,2025-12-30,CUST1607,Smartwatch,Electronics,North,Bhopal,2,6064.59,12129.18,10.0,3714.34,251.29,No,Debit Card,Pending,Delivered
ORD105989,2025-05-26,CUST1791,T-Shirt,Fashion,West,Pune,4,862.49,3449.96,20.0,552.33,354.62,No,Cash,Failed,Delivered
ORD104917,2025-07-31,CUST1291,Blender,Home Appliances,West,Mumbai,2,2979.52,5959.04,0.0,2398.34,439.65,No,Debit Card,Paid,Cancelled
ORD101330,2026-03-07,CUST1495,Office Chair,Furniture,South,Hyderabad,2,8911.7,17823.4,25.0,4994.17,344.75,no,Cash,Paid,Delivered
ORD103307,2025-11-17,CUST1318,Smartphone,Electronics,East,Kolkata,2,27303.73,54607.46,5.0,18412.6,273.79,Yes,Credit Card,Paid,Returned
ORD105460,2025-04-14,CUST1082,Bookshelf,Furniture,North,Jaipur,1,6987.14,6987.14,25.0,4535.71,,No,Debit Card,Paid,Delivered
ORD102600,2025-06-05,CUST1733,Laptop,Electronics,North,Lucknow,1,57469.09,57469.09,15.0,48389.77,402.86,No,Net Banking,Paid,Cancelled
ORD104865,2025-12-19,CUST1213,Office Chair,Furniture,North,Jaipur,4,9112.74,36450.96,15.0,5113.97,446.46,No,Net Banking,Failed,Delivered
ORD101930,2026-07-03,CUST1265,Laptop,Electronics,South,Chennai,1,62814.06,62814.06,,47931.51,125.2,No,Net Banking,Pending,Delivered
ORD102892,2025-05-14,CUST1655,Mixer,Home Appliances,west,Kolkata,1,3683.17,3683.17,30.0,2667.38,422.4,No,Debit Card,Pending,Delivered
ORD105573,2025-11-17,CUST1164,T-Shirt,Fashion,North,Jaipur,4,808.72,3234.88,5.0,530.58,136.37,No,Credit Card,Pending,Cancelled
ORD103343,2026-07-04,CUST1665,Office Chair,Furniture,Central,Nagpur,1,8520.7,8520.7,20.0,4692.63,269.55,No,UPI,Paid,Cancelled
ORD103074,2025-07-11,CUST1656,Laptop,Electronics,Central,Bhopal,1,60885.37,60885.37,10.0,41038.94,48.65,Yes,UPI,Failed,Returned
ORD104022,2025-08-26,CUST1619,Laptop,Electronics,North,Jaipur,1,53068.23,53068.23,5.0,39920.08,267.84,No,UPI,Paid,Delivered
ORD101201,2025-05-09,CUST1135,Smartwatch,Electronics,East,Kolkata,2,6831.73,13663.46,20.0,4734.44,167.25,No,Credit Card,Paid,Cancelled
ORD101415,2026-02-08,CUST1427,Desk,Furniture,East,Patna,1,10770.95,10770.95,20.0,6594.5,357.07,Yes,Cash,Paid,Returned
ORD104530,2026-03-25,CUST1203,Jacket,Fashion,West,Pune,4,4626.96,18507.84,30.0,3774.26,415.9,No,Cash,Paid,Delivered
ORD104377,2026-07-22,CUST1749,Headphones,Electronics,West,Mumbai,4,3277.75,13111.0,10.0,1990.3,259.61,No,Net Banking,Paid,Cancelled
ORD102524,2025-11-25,CUST1196,Desk,Furniture,East,Bhubaneswar,2,13251.74,26503.48,5.0,7465.08,299.22,Yes,UPI,Pending,Returned
ORD101469,2025-04-22,CUST1148,Desk,Furniture,South,Bengaluru,1,11767.05,11767.05,5.0,7534.24,466.32,No,Debit Card,Paid,Delivered
ORD103690,2025-12-19,CUST1011,Desk,Furniture,West,Pune,2,10421.78,20843.56,15.0,7255.55,78.37,Yes,Net Banking,Paid,Returned
ORD104124,2025-09-17,CUST1200,Microwave,Home Appliances,North,Delhi,4,10878.17,43512.68,30.0,7065.17,98.44,No,Cash,Paid,Delivered
ORD101624,2025-01-30,CUST1439,Smartphone,Electronics,East,Bhubaneswar,2,30067.36,60134.72,20.0,23631.76,384.72,No,Cash,Paid,Delivered
ORD102688,2025-07-26,CUST1062,Office Chair,Furniture,East,Patna,3,8733.39,26200.17,10.0,5923.08,477.29,No,Cash,Paid,Cancelled
ORD101827,2025-07-15,CUST1322,Jacket,Fashion,South,Chennai,1,4286.89,4286.89,20.0,2433.43,274.49,No,Debit Card,Failed,Delivered
ORD104037,2025-02-14,CUST1707,Jacket,Fashion,South,Bengaluru,1,4671.24,4671.24,10.0,3629.22,165.46,No,Debit Card,Pending,Delivered
ORD102427,2026-02-03,CUST1182,Jacket,Fashion,South,Bengaluru,1,4456.17,4456.17,20.0,2995.37,127.61,No,Net Banking,Paid,Delivered
ORD104694,2025-04-09,CUST1405,Coffee Maker,Home Appliances,South,Chennai,2,5205.38,10410.76,15.0,3422.47,345.94,No,Credit Card,Pending,Delivered
ORD105514,2025-04-15,CUST1029,T-Shirt,Fashion,East,Kolkata,1,795.65,795.65,0.0,668.41,363.8,Yes,Credit Card,Failed,Returned
ORD105389,2026-05-05,CUST1562,Headphones,Electronics,Central,Indore,5,3211.86,16059.3,25.0,2059.16,391.62,No,Credit Card,Paid,Cancelled
ORD103490,2025-01-12,CUST1104,Office Chair,Furniture,North,Lucknow,4,8462.9,33851.6,15.0,4918.55,292.6,No,Debit Card,Failed,Cancelled
ORD102946,02/04/2025,CUST1329,Laptop,Electronics,North,Jaipur,3,49274.42,147823.26,110.0,,187.74,No,Net Banking,Failed,Delivered
ORD103978,2025-03-03,CUST1210,Jacket,Fashion,East,Patna,3,4584.13,13752.39,20.0,3471.37,279.28,No,Cash,Paid,Cancelled
ORD103274,2026-01-23,CUST1035,T-Shirt,Fashion,North,Lucknow,4,881.57,3526.28,20.0,661.79,136.91,No,,Paid,Cancelled
ORD101270,2025-11-25,CUST1071,Office Chair,Furniture,East,Bhubaneswar,5,7950.5,39752.5,25.0,5766.46,354.08,No,Net Banking,Paid,Delivered
ORD101680,2025-11-14,CUST1458,T-Shirt,Fashion,Central,Nagpur,4,1023.52,4094.08,0.0,597.7,43.59,Yes,UPI,Pending,Returned
ORD101248,2025-04-20,CUST1307,Office Chair,Furniture,West,Pune,4,7906.04,31624.16,25.0,6820.99,99.22,Yes,UPI,Pending,Returned
ORD100277,2026-07-14,CUST1436,Shoes,Fashion,East,Patna,1,3469.41,3469.41,0.0,2215.98,329.08,No,UPI,Paid,Delivered
ORD101584,2025-01-14,CUST1359,Coffee Maker,Home Appliances,North,Delhi,3,6239.98,18719.94,0.0,3467.25,,No,Debit Card,Paid,Delivered
 ORD105046 ,2025-08-19,CUST1312,Tablet,Electronics,North,Delhi,4,24033.13,96132.52,5.0,20758.26,448.26,No,Credit Card,Pending,Cancelled
ORD103090,2026-06-16,CUST1199,Shoes,Fashion,West,Ahmedabad,1,3111.49,3111.49,25.0,2440.66,52.76,No,Net Banking,Pending,Delivered
ORD103165,2025-07-06,CUST1542,Jacket,Fashion,Central,Indore,1,4257.58,4257.58,0.0,3337.25,57.98,No,Credit Card,Paid,Cancelled
ORD102360,2025-02-08,CUST1084,Coffee Maker,Home Appliances,West,Mumbai,5,5230.85,26154.25,15.0,2877.74,387.62,No,Net Banking,Paid,Delivered
ORD104529,2025-01-17,CUST1522,Laptop,Electronics,South,Hyderabad,5,56827.35,284136.75,25.0,44695.95,,Yes,Credit Card,Paid,Returned
ORD100136,2026-01-10,CUST1008,Desk,Furniture,East,Bhubaneswar,1,11433.55,11433.55,25.0,6815.37,53.79,No,Net Banking,Paid,Cancelled
ORD102382,2025-11-13,CUST1012,Office Chair,Furniture,Central,Bhopal,3,8538.6,25615.8,25.0,6683.56,158.53,No,Cash,Paid,Delivered
ORD104136,2025-12-19,CUST1051,Laptop,Elec,Central,Bhopal,1,49385.14,49385.14,15.0,31724.5,335.86,No,Cash,Paid,Delivered
ORD102259,2025-12-10,CUST1195,Bookshelf,Furniture,South,Chennai,4,7242.32,28969.28,20.0,4641.04,417.33,No,Cash,Failed,Delivered
ORD103031,2026-05-23,CUST1592,Headphones,Electronics,Central,Indore,3,3216.84,9650.52,30.0,1804.32,157.29,No,UPI,Pending,Cancelled
ORD105565,2025-07-29,CUST1154,T-Shirt,Fashion,West,Ahmedabad,5,904.01,4520.05,0.0,657.24,107.07,No,Net Banking,Failed,Delivered
ORD100339,2025-09-04,CUST1072,Microwave,Home Appliances,East,Bhubaneswar,2,10969.52,21939.04,25.0,9022.26,171.43,Yes,UPI,Paid,Cancelled
ORD104159,2025-09-03,CUST1166,Tablet,Electronics,North,Delhi,1,25054.47,25054.47,10.0,16499.07,422.4,No,UPI,Failed,Delivered
ORD104097,2025-05-26,CUST1328,Blender,Home Appliances,North,Lucknow,5,3376.95,16884.75,25.0,,62.41,No,Debit Card,Paid,Cancelled
ORD102048,2026-05-28,CUST1020,Office Chair,Furniture,West,Mumbai,1,8725.84,8725.84,25.0,5641.13,222.05,No,Cash,Paid,Delivered
ORD102245,2026-06-08,CUST1288,Mixer,Home Appliances,East,Patna,1,4612.48,4612.48,5.0,3485.16,103.25,No,Credit Card,Paid,Delivered
ORD104883,2026-05-11,CUST1293,Laptop,Electronics,Central,Indore,2,54800.44,109600.88,20.0,31499.7,243.14,No,UPI,Failed,Delivered
ORD104043,2025-02-12,CUST1474, LAPTOP ,Fashion,North,Jaipur,1,5038.58,5038.58,25.0,3654.2,469.48,Yes,Credit Card,Pending,Returned
ORD105377,2026-01-12,CUST1187,Smartwatch,Electronics,Central,Indore,1,7004.91,7004.91,10.0,4189.41,82.65,No,UPI,Paid,Delivered
ORD103899,2025-02-28,CUST1588,Mixer,Home Appliances,East,Patna,5,3636.08,18180.4,0.0,2607.88,220.11,No,Cash,Paid,Delivered
ORD105550,2026-04-18,CUST1336,Smartphone,Electronics,East,Bhubaneswar,2,26775.58,53551.16,25.0,16416.15,239.73,No, UPI ,Pending,Delivered
ORD104767,2025-02-25,CUST1300,Smartphone,Electronics,Central,Bhopal,3,30164.3,90492.9,0.0,25268.21,335.92,No,UPI,Paid,Delivered
ORD103081,2025-10-05,CUST1539,Backpack,Accessories,North,Delhi,1,1870.55,1870.55,15.0,1522.91,334.45,No,UPI,Paid,Cancelled
ORD100791,2025-02-14,CUST1472,Headphones,Electronics,South,Hyderabad,3,3283.45,9850.35,10.0,2051.68,304.73,No,Cash,Paid,Delivered
ORD103807,2025-04-05,CUST1725,Office Chair,Furniture,West,Pune,4,9037.03,36148.12,15.0,unknown,,No,Net Banking,Failed,Delivered
ORD101845,2026-04-06,CUST1139,Desk,Furniture,East,Kolkata,1,13006.71,13006.71,15.0,9497.27,362.14,No,Cash,Pending,Delivered
ORD103872,2025-12-31,CUST1434,Laptop,Electronics,Central,Indore,1,52256.12,52256.12,30.0,37561.55,392.7,No,UPI,Paid,Cancelled
ORD103245,2026-07-31,CUST1743,Shoes,Fashion,West,Mumbai,2,2818.23,5636.46,0.0,2303.83,69.7,No,Credit Card,Paid,Delivered
ORD105320,2026-05-11,CUST1081,Mixer,Home Appliances,South,Bengaluru,2,3695.64,7391.28,10.0,2255.89,480.03,No,Credit Card,Paid,Delivered
ORD104651,2026-04-11,CUST1450,Laptop,Electronics,Central,Nagpur,1,53704.23,53704.23,10.0,41442.51,328.97,No,UPI,Pending,Delivered
ORD101907,2025-04-05,CUST1631,Office Chair,Furniture,East,Bhubaneswar,2,9198.74,18397.48,30.0,6895.0,362.28,No,Credit Card,Paid,Delivered
ORD101790,17/09/2025,CUST1276,Coffee Maker,Home Appliances,Central,Nagpur,2,5641.03,11282.06,15.0,3463.67,493.68,Yes,Debit Card,Paid,Returned
ORD101344,2025-01-01,CUST1673,Desk,Furniture,East,Patna,2,13433.81,26867.62,5.0,9605.83,234.28,Yes,Debit Card,Paid,Returned
ORD101805,2025-03-25,CUST1117,T-Shirt,Fashion,Central,Bhopal,5,855.6,4278.0,30.0,704.63,165.02,No,Debit Card,Paid,Delivered
ORD101816,2026-06-06,CUST1121,Backpack,Accessories,South,Bengaluru,4,1977.74,7910.96,30.0,1561.12,78.3,No,Net Banking,Paid,Delivered
ORD103906,2025-05-01,CUST1097,Bookshelf,Furniture,East,Kolkata,1,7396.27,7396.27,20.0,5867.44,104.05,No,Debit Card,Pending,Delivered
ORD102906,2025-08-22,CUST1489,Smartwatch,Electronics,North,Jaipur,1,7107.87,7107.87,15.0,5511.36,144.62,No,Credit Card,Failed,Cancelled
ORD100824,2025-07-07,CUST1013,Laptop,Electronics,Central,Indore,1,50381.09,50381.09,0.0,43381.09,422.81,No,Credit Card,Pending,Delivered
ORD103525,2025-08-19,CUST1014,Office Chair,Furniture,South,Chennai,2,9845.13,19690.26,10.0,6043.46,383.81,Yes,Cash,Paid,Returned
ORD100990,2026-07-26,CUST1294,Tablet,Electronics,South,Hyderabad,1,22544.86,22544.86,15.0,17712.22,439.08,Yes,Credit Card,Pending,Returned
ORD102916,2025-09-30,CUST1697,Smartwatch,Electronics,North,Lucknow,3,6319.82,18959.46,20.0,4707.2,366.93,No,Cash,Paid,Delivered
ORD100817,2025-02-13,CUST1078,Laptop,Electronics,South,Chennai,5,54011.99,270059.95,30.0,40197.53,227.56,No,Credit Card,Paid,Cancelled
ORD105795,2026-03-01,CUST1796,Headphones,Electronics,North,Jaipur,5,3823.85,19119.25,15.0,2792.49,328.99,No,Net Banking,Pending,Delivered
ORD103116,2026-04-26,CUST1180,Tablet,Electronics,West,Pune,2,24986.61,"49,973.22",15.0,16614.84,332.16,No,UPI,Paid,Cancelled
ORD101574,2025-01-13,CUST1649,Smartphone,Electronics,East,Patna,2,30435.43,60870.86,30.0,17497.11,424.29,No,Net Banking,Failed,Delivered
ORD103543,2026-07-18,CUST1158,Desk,Furniture,Central,Nagpur,4,12594.26,50377.04,30.0,7465.6,328.74,No,Credit Card,Paid,Delivered
ORD104067,2025-05-01,CUST1150,Shoes,Fashion,West,Mumbai,1,3328.97,3328.97,30.0,,457.57,No,UPI,Pending,Delivered
ORD103439,2025-01-12,CUST1226,Tablet,Electronics,East,Bhubaneswar,1,23608.05,23608.05,20.0,16829.39,378.87,,Net Banking,Paid,Delivered
ORD101017,2026-03-28,CUST1169,Shoes,Fashion,South,Hyderabad,2,2773.01,5546.02,15.0,1622.85,415.65,No,Net Banking,Paid,Delivered
ORD103197,2026-07-02,CUST1239,Office Chair,Furniture,South,Bengaluru,1,8758.51,8758.51,15.0,5682.7,400.53,No,Credit Card,Pending,Delivered
ORD105901,2026-04-14,CUST1052,Office Chair,Furniture,Central,Bhopal,3,9352.89,28058.67,20.0,7971.33,476.74,No,Net Banking,Paid,Cancelled
ORD102455,2026-05-24,CUST1186,Shoes,Fashion,South,Chennai,2,2787.74,5575.48,0.0,1819.9,482.96,Yes,Debit Card,Paid,Returned
ORD100977,2025-07-20,CUST1402,Blender,Home Appliances,East,Kolkata,5,2667.41,13337.05,20.0,1739.55,301.79,No,Cash,Pending,Delivered
ORD100340,2025-12-11,CUST1127,Shoes,Fashion,East,Kolkata,5,2803.54,14017.7,0.0,2216.82,303.68,No,Net Banking,Paid,Cancelled
ORD100331,2025-12-30,CUST1570,Laptop,Electronics,North,Jaipur,5,61466.24,307331.2,20.0,35532.66,217.37,Yes,Debit Card,Pending,Returned
ORD102354,2025-06-09,CUST1334,Mixer,Home Appliances,Central,Indore,1,4638.0,4638.0,5.0,3321.16,319.64,No,Cash,Failed,Delivered
ORD102856,2026-01-04,CUST1215,T-Shirt,Fashion,East,,1,858.84,858.84,15.0,541.1,191.69,No,UPI,Failed,Delivered
ORD102215,2025-01-04,CUST1627,Bookshelf,Furniture,West,Ahmedabad,1,6516.41,6516.41,25.0,5680.99,367.81,No,UPI,Failed,Delivered
ORD105882,2025-11-26,CUST1221,Tablet,Electronics,East,Patna,5,22678.72,113393.6,30.0,18054.09,223.14,Yes,Debit Card,Paid,Returned
ORD103852,2025-02-10,CUST1445,Blender,Home Appliances,Central,Nagpur,1,2979.33,2979.33,20.0,2053.88,290.78,No,Debit Card,Pending,Delivered
ORD104177,2025-09-13,CUST1553,Desk,Furniture,South,Bengaluru,2,12527.26,25054.52,30.0,8729.31,428.42,No,Cash,Paid,Delivered
ORD100296,2026-05-09,CUST1490,Smartwatch,Electronics,East,Kolkata,4,7092.93,28371.72,25.0,4831.41,276.26,No,UPI,Failed,Delivered
ORD101213,2025-05-07,CUST1202,Coffee Maker,Home Appliances,West,Mumbai,5,6001.19,30005.95,0.0,4874.53,482.86,Yes,Credit Card,Paid,Returned
ORD105681,2025-05-02,CUST1226,Smartwatch,Electronics,North,Delhi,1,7157.43,7157.43,30.0,5457.98,451.02,Yes,Cash,Pending,Returned
ORD100319,2026-06-01,CUST1120,Tablet,Electronics,West,Pune,2,19694.01,39388.02,0.0,13847.19,161.44,No,Credit Card,Paid,Cancelled
ORD105753,2025-07-28,CUST1647,Mixer,Home Appliances,East,Patna,3,4739.39,14218.17,0.0,3296.51,71.28,No,Cash,Paid,Cancelled
ORD100662,2025-02-10,CUST1167,Blender,Home Appliances,East,Bhubaneswar,4,2550.22,10200.88,15.0,1971.43,154.41,Yes,Credit Card,Paid,Returned
ORD104686,2026-07-09,CUST1678,Shoes,Fashion,South,Hyderabad,1,3583.31,3583.31,20.0,2312.73,129.12,No,Debit Card,Paid,Delivered
ORD105172,2025-04-22,CUST1641,Laptop,Fashion,Central,Bhopal,1,940.84,940.84,30.0,608.16,119.68,No,UPI,Paid,Delivered
ORD102614,2026-01-05,CUST1090,Microwave,Home Appliances,South,Hyderabad,1,11297.02,11297.02,30.0,6359.18,46.39,No,UPI,Paid,Cancelled
ORD105196,2026-05-27,CUST1657,Tablet,Electronics,Central,Bhopal,2,23821.58,47643.16,15.0,17608.86,96.35,No,Net Banking,Paid,Delivered
ORD100535,2025-11-10,CUST1326,Backpack,Accessories,Central,Nagpur,1,2049.88,2049.88,5.0,1474.35,197.92,No,Credit Card,Paid,Delivered
ORD101587,2025-03-15,CUST1453,Smartwatch,Electronics,Central,Indore,1,7538.88,7538.88,20.0,4851.94,341.0,No,Cash,Paid,Delivered
ORD100332,23/10/2025,CUST1236,Smartphone,Electronics,South,Hyderabad,5,25206.93,126034.65,20.0,18271.52,493.24,Yes,Debit Card,Failed,Returned
ORD101263,2025-09-08,CUST1123,Tablet,Electronics,South,Bengaluru,3,23898.83,71696.49,0.0,14254.89,461.96,No,Credit Card,Paid,Delivered
ORD102857,2025-04-10,CUST1794,Tablet,Electronics,West,Ahmedabad,4,19814.96,79259.84,15.0,14120.37,420.73,No,Cash,Failed,Delivered
ORD102985,2025-09-25,CUST1695,T-Shirt,Fashion,West,Mumbai,2,841.36,1682.72,5.0,682.81,361.07,No,Net Banking,Pending,Delivered
ORD102422,2025-07-10,CUST1778,Headphones,Electronics,West,Ahmedabad,2,3219.57,6439.14,10.0,2127.31,201.19,Yes,Net Banking,Pending,Returned
ORD105774,2025-10-31,CUST1250,Smartwatch,Electronics,Central,Nagpur,1,7658.16,7658.16,5.0,6625.3,215.82,No,Debit Card,Failed,Delivered
ORD102568,2025-06-22,CUST1416,Microwave,Home Appliances,North,Lucknow,4,11562.7,46250.8,30.0,,499.73,Yes,UPI,Paid,Returned
ORD103823,2025-12-21,CUST1234,Headphones,Electronics,West,Pune,5,3535.79,17678.95,0.0,2968.99,465.42,No,Net Banking,Pending,Cancelled
ORD102119,2025-04-17,CUST1740,Office Chair,Furniture,Central,Bhopal,3,8335.87,25007.61,15.0,5752.29,366.84,No,Credit Card,Pending,Delivered
ORD104259,2026-07-09,CUST1212,Bookshelf,Furniture,Central,Nagpur,1,5869.82,5869.82,0.0,3267.15,244.84,No,Credit Card,Paid,Delivered
ORD100960,2025-06-06,CUST1125,Tablet,Electronics,West,Mumbai,4,24317.97,97271.88,30.0,14327.09,302.38,No,Cash,Paid,Delivered
ORD101441,2025-02-05,CUST1778,Laptop,Electronics,West,Mumbai,1,58939.34,58939.34,0.0,36951.35,388.36,No,Cash,Paid,Delivered
ORD104523,2025-07-17,CUST1209,Shoes,Fashion,North,Delhi,1,3666.08,3666.08,0.0,2408.82,344.89,No,Credit Card,Paid,Delivered
ORD102015,2025-07-21,CUST1571,Tablet,Electronics,West,Mumbai,5,22860.68,114303.4,20.0,14889.05,238.64,No,Net Banking,Failed,Delivered
ORD101331,2025-11-24,CUST1610,Backpack,Accessories,North,Jaipur,4,1884.72,7538.88,15.0,1506.81,279.71,No,Net Banking,Pending,Delivered
ORD103488,2025-04-21,CUST1604,Backpack,Accessories,North,Delhi,1,1836.27,1836.27,10.0,1221.51,122.62,No,Cash,Failed,Delivered
ORD104182,2025-11-17,CUST1091,Desk,Furniture,South,Chennai,4,10255.28,41021.12,30.0,7307.57,53.9,No,Debit Card,Paid,Delivered
ORD104112,2026-03-27,CUST1307,Mixer,Home Appliances,West,Ahmedabad,1,4570.12,4570.12,20.0,3877.87,93.31,No,Net Banking,Pending,Cancelled
ORD103675,2025-07-05,CUST1221,Laptop,Electronics,Central,Nagpur,1,53770.36,53770.36,10.0,43046.34,42.56,No,UPI,Paid,Delivered
ORD101655,2025-01-12,CUST1011,Bookshelf,Furniture,North,Delhi,2,6513.74,13027.48,5.0,4109.46,379.4,No,Debit Card,Paid,Delivered
ORD100155,2025-10-13,CUST1149,Headphones,Electronics,Central,Bhopal,4,3394.28,13577.12,25.0,2978.55,,No,Credit Card,Paid,Delivered
ORD105252,2025-03-23,CUST1682,Backpack,Accessories,South,Chennai,1,1900.73,1900.73,30.0,1154.92,240.67,No,Net Banking,Paid,Delivered
ORD101695,2025-08-20,CUST1297,Desk,Furniture,East,Bhubaneswar,2,11830.89,23661.78,5.0,8765.95,350.68,No,UPI,Paid,Cancelled
ORD102747,2026-01-21,CUST1546,Blender,Home Appliances,West,Pune,1,2837.29,2837.29,5.0,2335.3,162.34,No,UPI,Paid,Cancelled
ORD101880,2025-10-28,CUST1684,Microwave,Home Appliances, WEST ,Kolkata,2,12039.98,24079.96,30.0,9023.4,117.57,No,Credit Card,Paid,Cancelled
 ORD104964 ,2026-05-15,CUST1132,Headphones,Electronics,Central,Nagpur,5,2983.35,14916.75,20.0,2086.77,331.12,No,UPI,Paid,Delivered
ORD101589,2026-02-24,,Smartphone,Electronics,North,Lucknow,1,31918.05,31918.05,20.0,26796.18,76.83,No,Debit Card,Paid,Delivered
ORD102769,2025-07-06,CUST1140,Tablet,Electronics,West,Ahmedabad,1,22528.32,22528.32,25.0,17354.96,43.67,No,Net Banking,Paid,Delivered
ORD105810,2026-02-12,CUST1762,Office Chair,Furniture,East,Bhubaneswar,1,9213.06,9213.06,20.0,6483.0,270.74,No,Debit Card,Failed,Cancelled
ORD101631,2026-01-25,CUST1357,Office Chair,Furniture,South,Hyderabad,3,8138.64,24415.92,5.0,6237.66,111.34,No,UPI,Failed,Cancelled
ORD105114,2025-08-09,CUST1049,Microwave,Home Appliances,South,Chennai,1,11110.36,11110.36,30.0,9458.86,226.01,No,,Pending,Delivered
ORD105494,2026-07-17,CUST1759,Coffee Maker,Home Appliances,East,Bhubaneswar,1,5637.24,5637.24,25.0,3351.05,473.94,No,Cash,Paid,Delivered
ORD104803,2025-11-10,CUST1726,Bookshelf,Furniture,Central,,3,6119.93,18359.79,5.0,5212.0,423.84,No,Credit Card,Paid,Cancelled
ORD102606,2025-12-15,CUST1089,Laptop,Electronics,West,Ahmedabad,2,55542.16,111084.32,10.0,37647.8,64.01,No,Debit Card,Paid,Cancelled
ORD100554,2025-06-16,CUST1700,Jacket,Fashion,East,Kolkata,4,5101.42,20405.68,5.0,3538.58,281.57,No,UPI,Paid,Delivered
ORD105829,2026-06-04,CUST1156,T-Shirt, Electronics ,South,Bengaluru,3,857.23,2571.69,0.0,682.95,65.09,Yes,Net Banking,Pending,Returned
ORD104809,2025-02-24,CUST1293,Backpack,Accessories,South,Bengaluru,5,2000.23,10001.15,5.0,1276.28,216.93,Yes,Cash,Paid,Returned
ORD104768,2025-10-09,CUST1298,Shoes,Fashion,North,Jaipur,1,2729.26,2729.26,0.0,2063.63,161.84,Yes,Credit Card,Failed,Returned
ORD103573,2026-05-22,CUST1523,Smartphone,Electronics,Central,Bhopal,1,25854.96,25854.96,10.0,22015.75,125.47,No,Credit Card,Failed,Cancelled
ORD103716,2025-05-29,CUST1558,T-Shirt,Fashion,East,Bhubaneswar,2,854.6,1709.2,5.0,564.42,75.04,No,UPI,Paid,Delivered
ORD103744,2025-03-14,CUST1145,Laptop,Electronics,North,Hyderabad,2,55097.92,110195.84,0.0,42747.25,238.76,No,Credit Card,Pending,Delivered
ORD101275,2025-10-04,CUST1214,Smartwatch,Electronics,North,Lucknow,2,7985.52,15971.04,20.0,5605.99,155.81,No,Credit Card,Paid,Delivered
ORD100170,2025-01-17,CUST1645,Desk,Furniture,Central,Nagpur,5,10350.02,51750.1,0.0,8241.19,343.16,No,Credit Card,Pending,Delivered
ORD100686,2025-09-22,CUST1139,Smartphone,Electronics,East,Patna,1,27117.54,27117.54,0.0,15366.63,60.19,No,UPI,Failed,Delivered
ORD100060,2025-02-08,CUST1273,Mixer,Home Appliances,South,Hyderabad,1,4016.22,4016.22,10.0,2530.28,163.85,No,Credit Card,Pending,Delivered
ORD103751,2025-02-10,CUST1200,Tablet,Electronics,South,Hyderabad,2,24983.12,49966.24,10.0,16726.84,495.79,No,Credit Card,Pending,Delivered
ORD104250,2025-02-09,CUST1698,Shoes,Fashion,West,Mumbai,2,2947.1,5894.2,5.0,1941.78,415.7,No,Net Banking,Paid,Delivered
ORD104750,2025-12-24,CUST1489,Microwave,Home Appliances,West,Pune,1,11691.05,11691.05,20.0,10086.19,141.68,No,Cash,Paid,Delivered
ORD104986,2026-03-02,CUST1137,Office Chair,Furniture,West,Mumbai,1,8861.73,8861.73,25.0,6144.1,444.65,Yes,Debit Card,Paid,Returned
ORD103425,2026-02-02,CUST1785,Backpack,Accessories,South,Bengaluru,1,2045.24,2045.24,20.0,1515.9,459.63,No,Debit Card,Pending,Delivered
ORD103569,2025-08-13,CUST1383,Tablet,Electronics,East,Bhubaneswar,1,21221.88,21221.88,25.0,16965.45,407.49,No,Net Banking,Failed,Cancelled
ORD104665,2026-07-31,CUST1252,Blender,Home Appliances,West,Ahmedabad,1,3029.14,3029.14,25.0,1811.32,397.25,Yes,Cash,Paid,Returned
ORD104075,2026-01-11,CUST1790,Shoes,Fashion,West,Ahmedabad,4,3139.12,12556.48,20.0,2443.19,385.24,No,Debit Card,Paid,Cancelled
ORD105604,2026-03-04,CUST1602,Microwave,Home Appliances,Central,Bhopal,2,10982.27,21964.54,10.0,8811.73,285.09,No,UPI,Pending,Delivered
ORD104619,2026-04-17,CUST1762,Microwave,Home Appliances,South,Bengaluru,5,11845.19,59225.95,15.0,8058.35,218.37,No,Debit Card,Pending,Delivered
ORD105211,2026-06-20,CUST1130,Backpack,Accessories,North,Lucknow,5,2035.24,10176.2,30.0,1449.23,456.59,No,Credit Card,Paid,Delivered
ORD100053,2025-12-01,CUST1435,Microwave,Home Appliances,South,Hyderabad,1,10052.78,10052.78,25.0,7576.75,491.01,No,Credit Card,Pending,Delivered
ORD103227,2026-04-12,CUST1361,Shoes,Fashion,North,Lucknow,2,3183.23,6366.46,30.0,2080.06,351.29,No,UPI,Paid,Cancelled
ORD104785,2026-07-10,CUST1750,Smartphone,Electronics,East,Bhubaneswar,1,26948.54,26948.54,10.0,23208.28,130.03,Yes,Debit Card,Paid,Returned
ORD101824,2025-07-15,CUST1402,Smartphone,Electronics,South,Bengaluru,1,28680.72,28680.72,0.0,17197.54,407.5,No,Cash,Paid,Delivered
ORD101450,2025-04-04,CUST1008,Shoes,Fashion,South,Hyderabad,1,3025.07,3025.07,10.0,2019.4,97.12,Yes,Debit Card,Pending,Returned
ORD101970,2025-05-31,CUST1055,Coffee Maker,Home Appliances,Central,Nagpur,1,5638.92,5638.92,5.0,4044.64,419.87,No,Debit Card,Failed,Cancelled
ORD105413,2026-04-11,CUST1711,Desk,Furniture,East,Kolkata,1,10765.44,10765.44,10.0,6435.13,151.9,No,Net Banking,Paid,Cancelled
ORD105687,2026-07-04,CUST1430,Shoes,Fashion,West,Pune,2,3230.57,6461.14,10.0,1833.84,313.57,No,UPI,Paid,Delivered
ORD101831,2026-05-07,CUST1599,Jacket,Fashion,West,Mumbai,1,4306.94,4306.94,25.0,3254.65,242.42,No,UPI,Failed,Delivered
ORD105078,2025-10-11,CUST1490,Tablet,Electronics,West,Mumbai,2,23777.28,47554.56,5.0,17402.92,386.26,No,Cash,Failed,Delivered
ORD105949,2026-06-07,CUST1433,Bookshelf,Furniture,South,Bengaluru,4,5542.18,22168.72,10.0,4453.41,300.87,No,Debit Card,Failed,Delivered
ORD101192,2025-05-08,CUST1767,Office Chair,Furniture,West,Pune,3,9906.99,29720.97,0.0,5969.67,262.58,No,UPI,Failed,Delivered
ORD102198,2026-03-11,CUST1280,Jacket,Fashion,East,Patna,4,3973.11,15892.44,20.0,2897.5,,Yes,Cash,Pending,Returned
ORD100934,2025-06-10,CUST1161,Shoes,Fashion,East,Patna,1,3275.78,3275.78,5.0,2882.15,424.21,No,Credit Card,Pending,Cancelled
ORD105624,2026-01-18,CUST1775,Blender,Home Appliances,West,Ahmedabad,2,3179.94,6359.88,0.0,2632.46,409.03,No,UPI,Paid,Cancelled
ORD101888,2026-06-17,CUST1528,Laptop,Electronics,West,Ahmedabad,4,62686.1,250744.4,30.0,53213.96,487.66,No,Credit Card,Pending,Delivered
ORD104271,2026-02-16,CUST1022,Smartwatch,Electronics,South,Hyderabad,1,7770.16,7770.16,30.0,5545.22,162.67,No,Credit Card,Pending,Cancelled
ORD102264,2025-03-09,CUST1666,T-Shirt,Fashion,Central,Indore,5,821.08,4105.4,0.0,487.58,98.54,No,Cash,Paid,Delivered
ORD105619,2025-07-10,CUST1476,Tablet,Electronics,Central,Bhopal,3,20970.25,62910.75,30.0,11610.16,271.84,No,Cash,Paid,Delivered
ORD104979,2025-01-09,CUST1313,Tablet,Electronics,Central,Bhopal,2,19599.75,39199.5,30.0,11625.68,240.92,No,UPI,Paid,Delivered
ORD103317,2025-03-30,CUST1534,Coffee Maker,Home Appliances,West,Mumbai,2,5724.23,11448.46,25.0,4505.17,117.77,Yes,Credit Card,Failed,Returned
ORD105703,2026-01-21,CUST1200,Tablet,Electronics,Central,Indore,1,20514.54,20514.54,5.0,14417.22,361.52,Yes,Credit Card,Paid,Returned
ORD102050,2025-04-22,CUST1263,Laptop,Electronics,Central,Bhopal,1,51878.02,51878.02,30.0,44887.18,220.33,No,UPI,Pending,Delivered
ORD105813,2025-09-15,CUST1437,Coffee Maker,Home Appliances,West,Ahmedabad,1,5151.13,5151.13,0.0,3817.01,485.6,No,Debit Card,Paid,Delivered
ORD103365,2025-01-18,CUST1750,Smartwatch,Electronics,Central,Indore,1,6632.23,6632.23,10.0,4322.9,153.61,No,Cash,Failed,Delivered
ORD103821,2025-04-21,CUST1555,Coffee Maker,Home Appliances,South,Hyderabad,2,6171.72,12343.44,25.0,3900.3,51.39,No,Net Banking,Failed,Delivered
ORD104143,2025-12-11,CUST1071,Bookshelf,Furniture,South,Hyderabad,1,6598.17,6598.17,10.0,5018.12,376.32,No,Net Banking,Paid,Delivered
ORD100605,2026-07-04,CUST1181,Microwave,Home Appliances,Central,Nagpur,1,12232.09,12232.09,0.0,9393.15,280.45,Yes,UPI,Pending,Returned
ORD105433,2025-07-13,CUST1793,Desk,Furniture,South,Bengaluru,1,12221.32,12221.32,25.0,8990.59,379.76,No,UPI,Paid,Cancelled
ORD104302,2026-05-05,CUST1798,Microwave,Home Appliances,Central,Bhopal,1,12459.91,12459.91,0.0,8795.47,344.01,No,Credit Card,Failed,Delivered
ORD103182,2026-05-11,CUST1505,Blender,Home Appliances,South,Bengaluru,1,3124.15,3124.15,25.0,2231.67,436.26,Yes,Net Banking,Pending,Returned
ORD100672,2026-01-16,CUST1092,Desk,Furniture,East,Patna,1,12678.24,12678.24,20.0,9136.56,457.72,No,Net Banking,Failed,Delivered
ORD100487,24/05/2025,CUST1189,Desk,Furniture,Central,Indore,2,11886.81,23773.62,20.0,8274.81,429.74,No,Cash,Failed,Delivered
ORD104045,2025-11-05,CUST1044,Bookshelf,Furniture,North,Delhi,1,7205.28,7205.28,25.0,4161.42,138.09,No,Cash,Paid,Cancelled
ORD104308,2025-01-29,CUST1135,Headphones,Electronics,West,Mumbai,1,3259.97,3259.97,0.0,1848.45,343.69,No,Cash,Paid,Delivered
ORD102987,2025-12-02,CUST1005,Tablet,Electronics,South,Chennai,1,19762.79,19762.79,15.0,15439.44,337.88,No,Debit Card,Failed,Delivered
ORD103541,2025-03-06,CUST1201,Office Chair,Furniture,East,Kolkata,1,8984.74,8984.74,20.0,6757.56,65.96,No,Credit Card,Paid,Cancelled
ORD104597,2025-12-15,CUST1004,Bookshelf,Furniture,East,Kolkata,5,5778.59,28892.95,20.0,4536.55,280.43,Yes,Credit Card,Pending,Returned
ORD103053,2025-03-17,CUST1704,Blender,Home Appliances,North,Lucknow,2,2638.55,5277.1,5.0,2096.96,108.56,No,Net Banking,Paid,Delivered
ORD101929,2025-06-21,CUST1084,Desk,Furniture,Central,Bhopal,3,12801.87,38405.61,25.0,7595.68,344.52,No,UPI,Pending,Delivered
ORD104142,2026-05-20,CUST1519,Mixer,Home Appliances,Central,Nagpur,2,4502.9,9005.8,15.0,3068.15,309.19,No,Net Banking,Failed,Delivered
ORD101572,2025-04-08,CUST1268,Desk,Furniture,South,Chennai,2,13516.37,27032.74,20.0,11066.66,54.8,Yes,UPI,Pending,Returned
ORD103998,2025-06-19,CUST1404,Bookshelf,Fashion ,West,Pune,1,7462.48,7462.48,30.0,4502.89,218.13,No,Cash,Failed,Cancelled
ORD100606,2025-04-13,CUST1402,Shoes,Fashion,West,Ahmedabad,2,3542.31,7084.62,0.0,2095.11,183.06,No,Credit Card,Pending,Cancelled
ORD104568,2025-09-23,CUST1190,Office Chair,Furniture,North,Lucknow,1,8393.52,8393.52,20.0,5337.23,101.36,No,Credit Card,Failed,Delivered
ORD101221,2026-06-18,CUST1477,Microwave,Home Appliances,South,Chennai,4,11294.96,45179.84,30.0,8935.29,327.19,No,Cash,Failed,Delivered
ORD103075,2025-02-28,CUST1128,T-Shirt,Fashion,West,Mumbai,2,940.8,1881.6,0.0,785.97,456.56,No,Cash,Failed,Delivered
ORD105677,2025-06-17,CUST1698,Smartphone,Electronics,Central,Nagpur,1,24511.26,24511.26,5.0,16251.86,247.32,Yes,Credit Card,Failed,Returned
ORD104680,2026-06-02,CUST1667,Desk,Furniture,Central,Bhopal,3,12057.61,36172.83,10.0,10081.68,459.69,No,Debit Card,Pending,Delivered
ORD104442,2025-08-16,CUST1171,Blender,Home Appliances,Central,Nagpur,1,3221.2,3221.2,15.0,2161.67,319.04,No,Net Banking,Paid,Cancelled
ORD104174,2026-05-29,CUST1655,Mixer,Home Appliances,Central,Nagpur,1,4144.46,4144.46,20.0,2713.86,318.33,No,UPI,Paid,Delivered
ORD104127,2026-04-16,CUST1038,Smartwatch,Electronics,West,Pune,4,6433.23,25732.92,30.0,4250.19,364.97,No,Cash,Failed,Cancelled
ORD103733,2026-02-13,CUST1078,Shoes,Fashion,West,Pune,5,2733.45,13667.25,20.0,2363.48,67.69,No,Credit Card,Paid,Delivered
ORD104723,2025-08-24,CUST1077,Tablet,Electronics,South,Chennai,1,22266.68,22266.68,10.0,14991.52,193.73,No,Cash,Paid,Delivered
ORD105654,2025-05-02,CUST1560,Smartphone,Electronics,East,Bhubaneswar,2,3256.63,6513.26,10.0,2329.31,88.73,No,Cash,Failed,Delivered
ORD104727,2026-05-31,CUST1212,Laptop,Electronics,West,Pune,1,59565.78,59565.78,15.0,33025.12,280.02,No,Debit Card,Paid,Delivered
ORD103094,02/03/2025,CUST1054,Shoes,Fashion,South,Hyderabad,1,3091.4,3091.4,5.0,2006.43,336.17,No,Debit Card,Paid,Delivered
ORD101734,2026-07-23,CUST1285,Smartphone,Electronics,West,Mumbai,1,25175.0,25175.0,15.0,20206.77,380.31,Yes,Cash,Paid,Returned
ORD100389,2025-04-19,CUST1795,Mixer,Home Appliances,Central,Indore,4,3729.1,14916.4,30.0,2167.2,422.5,No,Debit Card,Paid,Delivered
ORD104083,2025-02-05,CUST1567,Jacket,Fashion,West,Pune,1,4333.44,4333.44,15.0,3644.23,328.98,No,Credit Card,Paid,Delivered
ORD102135,2025-12-07,CUST1576,Blender,Home Appliances,Central,Bhopal,1,2961.21,2961.21,20.0,1870.12,334.25,Yes,Credit Card,Paid,Returned
ORD105670,2026-03-20,CUST1442,Shoes,Fashion,Central,Nagpur,5,3115.38,15576.9,20.0,2225.56,68.43,No,Debit Card,Failed,Delivered
ORD104140,2025-08-30,CUST1133,T-Shirt,Fashion,South,Hyderabad,2,1022.59,2045.18,25.0,589.68,400.55,No,Debit Card,Pending,Delivered
ORD102770,2025-05-01,CUST1055,Backpack,Accessories,West,Mumbai,5,1589.36,7946.8,10.0,1315.8,218.98,No,Credit Card,Failed,Delivered
ORD104912,2025-09-15,CUST1796,Tablet,Electronics,South,Chennai,2,20195.95,40391.9,10.0,13534.17,444.9,No,Net Banking,Pending,Cancelled
ORD103189,2025-01-29,CUST1041,Mixer,Home Appliances,Central,Nagpur,2,4270.21,8540.42,10.0,3296.69,116.36,No,Cash,Pending,Delivered
ORD101959,2026-05-11,CUST1256,Microwave,Home Appliances,West,Pune,5,9808.01,49040.05,20.0,7808.33,78.86,,Cash,Pending,Delivered
ORD101055,2026-02-07,CUST1614,Mixer,Home Appliances,South,Bengaluru,1,4533.71,4533.71,25.0,3535.66,164.73,No,Credit Card,Paid,Cancelled
ORD100818,2025-10-02,CUST1187,Mixer,Home Appliances,West,Mumbai,5,4700.21,23501.05,5.0,2826.7,,No,Cash,Paid,Delivered
ORD100707,2025-09-05,CUST1581,Shoes,Fashion,South,Hyderabad,1,3556.69,3556.69,10.0,2067.79,64.94,No,Net Banking,Pending,Delivered
ORD100810,2026-04-24,CUST1561,Smartphone,Electronics,West,Mumbai,2,26269.28,52538.56,15.0,16788.47,393.47,No,Credit Card,Paid,Cancelled
ORD102196,2026-07-03,CUST1106,Smartwatch,Electronics,East,Patna,1,7326.4,7326.4,5.0,4064.11,449.23,No,Cash,Failed,Delivered
ORD105076,2025-08-05,CUST1461,Bookshelf,Furn,South,Bengaluru,2,5687.93,N/A,5.0,4181.95,274.35,No,Net Banking,Paid,Cancelled
ORD105117,2025-01-09,CUST1142,Bookshelf,Furniture,South,Chennai,1,6083.84,6083.84,20.0,4455.58,424.21,No,UPI,Paid,Cancelled
ORD105957,2025-05-29,CUST1230,T-Shirt,Fashion,Central,Bhopal,1,817.14,817.14,5.0,561.34,391.43,No,UPI,Pending,Cancelled
ORD100904,2025-01-08,CUST1369,Desk,Furniture,Central,Nagpur,1,12986.17,12986.17,5.0,7239.26,152.17,Yes,Net Banking,Pending,Returned
ORD102487,2025-04-25,CUST1379,Backpack,Accessories,North,Lucknow,4,1645.17,6580.68,30.0,1183.42,333.41,No,Net Banking,Paid,Delivered
ORD100850,2026-03-30,CUST1699,Desk,Furniture,North,Jaipur,3,13539.01,40617.03,0.0,7821.3,64.05,No,UPI,Paid,Delivered
ORD101296,2025-10-23,CUST1414,Desk,Furniture,Central,Nagpur,1,10709.77,10709.77,0.0,8684.5,265.45,Yes,Cash,Failed,Returned
ORD103180,2025-02-08,CUST1320,Shoes,Fashion,South,Hyderabad,4,3224.8,12899.2,0.0,1932.65,395.17,No,UPI,Failed,Cancelled
ORD102513,2026-02-01,CUST1036,Office Chair,Furniture,East,Patna,4,7671.4,30685.6,5.0,4309.67,352.9,Yes,Credit Card,Paid,Returned
ORD103316,2025-07-20,CUST1322,Tablet,Electronics,North,Delhi,1,19808.68,19808.68,0.0,11702.59,216.96,No,Credit Card,Paid,Delivered
ORD105475,2025-03-24,CUST1355,Headphones,Electronics,East,Bhubaneswar,3,3988.12,11964.36,25.0,2470.04,454.25,Yes,Net Banking,Paid,Returned
ORD105032,2025-11-11,CUST1683,Smartwatch,Electronics,North,Delhi,1,6338.18,6338.18,20.0,3531.3,192.42,Yes,Net Banking,Paid,Returned
ORD101066,2025-12-26,CUST1332,T-Shirt,Fashion,South,Chennai,1,849.42,849.42,10.0,632.65,381.78,No,Cash,Paid,Delivered
ORD102286,2026-07-10,CUST1035,Backpack,Accessories,East,Patna,1,2006.73,2006.73,15.0,1282.02,131.31,No,UPI,Paid,Delivered
ORD105333,2025-04-07,CUST1310,Smartphone,Electronics,South,Chennai,1,25499.14,25499.14,25.0,20780.29,234.07,Yes,Debit Card,Paid,Returned
ORD101645,2026-01-26,CUST1423,Desk,Furniture,East,Bhubaneswar,1,13563.75,13563.75,0.0,8686.61,463.54,Yes,Credit Card,Pending,Returned
ORD102365,2025-03-23,CUST1263,Coffee Maker,Home Appliances,West,Mumbai,1,6236.37,6236.37,15.0,4732.96,477.64,Yes,Debit Card,Paid,Returned
ORD102645,2025-02-16,CUST1674,Jacket,Fashion,East,Patna,1,4784.41,4784.41,15.0,3036.88,271.88,Yes,Debit Card,Pending,Returned
ORD105574,2025-12-24,CUST1600,Headphones,Electronics,South,Chennai,1,3990.37,3990.37,0.0,2207.41,350.41,No,Credit Card,Failed,Delivered
ORD101927,2026-02-27,CUST1394,Laptop,Electronics,North,Lucknow,2,50675.95,101351.9,15.0,35200.28,411.05,No,Credit Card,Failed,Delivered
ORD100702,2025-10-18,CUST1501,Tablet,Electronics,West,Pune,4,19364.09,77456.36,10.0,11002.41,448.42,No,Debit Card,Pending,Delivered
ORD100718,2025-08-19,CUST1784,Backpack,Accessories,South,Hyderabad,2,1694.47,3388.94,10.0,1030.75,306.91,No,UPI,Paid,Delivered
ORD100720,2025-01-29,CUST1039,Backpack,Accessories,East,Patna,1,1717.54,1717.54,25.0,1313.4,449.26,No,Cash,Failed,Delivered
ORD102066,2026-07-27,CUST1171,Headphones,Electronics,South,Hyderabad,1,3922.89,3922.89,10.0,3419.99,138.15,Yes,Net Banking,Paid,Returned
ORD105861,2026-04-26,,Coffee Maker,Home Appliances,North,Jaipur,4,5941.77,23767.08,30.0,3585.46,72.56,No,Cash,Pending,Delivered
ORD100204,2025-10-16,CUST1724,Jacket, Electronics ,North,Delhi,4,4663.25,18653.0,25.0,3700.58,410.85,No,Credit Card,Paid,Delivered
ORD104107,2025-02-14,CUST1331,Headphones,Electronics,East,Patna,5,3136.07,15680.35,0.0,2631.77,43.52,No,Cash,Pending,Cancelled
ORD102414,30/12/2025,CUST1514,Jacket,Fashion,Central,Nagpur,2,4450.37,8900.74,25.0,3603.38,146.08,Yes,Net Banking,Pending,Returned
ORD103449,2025-06-03,CUST1620,Laptop,Electronics,Central,Indore,1,57566.17,57566.17,0.0,32759.7,270.03,No,Debit Card,Paid,Delivered
ORD102702,2025-03-09,CUST1154,Bookshelf,Furniture,East,Patna,2,6257.54,12515.08,0.0,4660.04,293.13,No,Net Banking,Failed,Cancelled
ORD101397,2026-06-18,CUST1371,Headphones,Electronics,East,Bhubaneswar,1,3394.37,3394.37,10.0,2667.29,363.44,No,Net Banking,Paid,Cancelled
ORD103403,2025-11-11,CUST1162,Coffee Maker,Home Appliances,South,Chennai,1,6267.23,6267.23,15.0,5263.19,87.8,No,Cash,Paid,Cancelled
ORD105283,2026-04-23,CUST1356,T-Shirt,Fashion,West,Ahmedabad,1,805.88,805.88,15.0,647.96,427.32,No,Credit Card,Paid,Cancelled
ORD100230,2025-05-19,CUST1359,Shoes,Fashion,South,Hyderabad,5,3400.65,17003.25,5.0,1935.05,197.53,No,UPI,Pending,Cancelled
ORD105392,2026-04-13,CUST1292,Headphones,Electronics,East,Patna,1,3833.09,3833.09,15.0,2496.98,405.46,No,Debit Card,Pending,Delivered
ORD104091,2025-12-26,CUST1767,Backpack,Accessories,Central,Indore,1,1620.69,1620.69,15.0,990.19,54.08,no,Credit Card,Failed,Returned
ORD102687,2026-06-23,CUST1245,Tablet,Electronics,West,Ahmedabad,3,19712.68,59138.04,5.0,15241.3,396.92,No,Net Banking,Paid,Delivered
ORD102634,2025-06-30,CUST1757,Backpack,Accessories,East,Kolkata,2,1854.61,3709.22,15.0,1032.93,319.87,No,Credit Card,Failed,Delivered
ORD100953,2025-03-25,CUST1046,Coffee Maker,Home Appliances,South,Hyderabad,5,4852.48,24262.4,30.0,3405.99,58.15,Yes,Credit Card,Failed,Returned
ORD104298,2026-05-05,CUST1686,Backpack,Accessories,North,Jaipur,5,1840.54,9202.7,10.0,1493.24,127.75,No,UPI,Paid,Delivered
ORD101132,2025-06-08,CUST1161,T-Shirt,Fashion,East,Bhubaneswar,3,781.32,2343.96,15.0,436.5,213.3,No,UPI,Pending,Delivered
ORD102142,2025-11-15,CUST1261,Mixer,Home Appliances,Central,Nagpur,4,4665.19,18660.76,20.0,4058.06,397.66,No,UPI,Pending,Delivered
ORD101620,2025-02-12,CUST1626,Jacket,Fashion,Central,Bhopal,1,4773.98,4773.98,0.0,3839.97,345.18,No,UPI,Failed,Delivered
ORD102886,2025-07-17,CUST1579,Smartwatch,Electronics,West,Ahmedabad,2,7169.75,14339.5,10.0,6002.52,238.51,No,Net Banking,Paid,Delivered
ORD105892,2025-07-09,CUST1252,Backpack,Accessories,North,Jaipur,3,1549.31,4647.93,30.0,1199.52,416.98,No,UPI,Paid,Cancelled
ORD105145,2025-02-17,CUST1331,Blender,Home Appliances,North,Jaipur,4,2583.37,10333.48,5.0,1576.37,143.44,No,UPI,Paid,Delivered
ORD102635,2026-03-16,CUST1159,Bookshelf,Furniture,South,Chennai,1,6478.26,6478.26,25.0,4201.96,306.99,No,Debit Card,Paid,Delivered
ORD101340,2025-08-27,CUST1649,Shoes,Fashion,North,Lucknow,1,3396.6,3396.6,10.0,2513.38,313.3,No,Credit Card,Pending,Delivered
ORD102678,2025-10-09,CUST1572,Headphones,Electronics,North,Delhi,1,3558.82,3558.82,0.0,2400.31,70.34,Yes,Cash,Paid,Returned
ORD104622,2025-05-23,CUST1167,Mixer,Home Appliances,North,Jaipur,4,4052.79,16211.16,15.0,2542.32,unknown,No,Debit Card,Paid,Cancelled
ORD104932,2025-10-03,CUST1215,Smartwatch,Electronics,North,Jaipur,3,7527.02,22581.06,30.0,5550.31,116.31,No,Cash,Failed,Delivered
ORD103735,2025-01-29,CUST1688,Office Chair,Furniture,West,Ahmedabad,1,7653.5,7653.5,25.0,4977.37,80.61,Yes,Credit Card,Pending,Returned
ORD102651,2025-06-18,CUST1512,Backpack,Accessories,South,Chennai,1,1983.76,1983.76,5.0,1370.05,428.72,No,Net Banking,Paid,Delivered
ORD101026,2025-01-30,CUST1082,T-Shirt, Electronics ,West,Ahmedabad,1,781.26,781.26,15.0,586.76,166.46,No,Cash,Failed,Delivered
ORD103481,2025-09-10,CUST1650,Smartwatch,Electronics,Central,Nagpur,5,6618.33,33091.65,25.0,5781.11,346.57,No,UPI,Paid,Delivered
ORD101099,2025-12-24,CUST1378,Headphones,Electronics,South,Bengaluru,5,3204.18,16020.9,5.0,2700.18,131.24,No,UPI,Pending,Delivered
ORD102326,2025-04-28,CUST1704,Blender,Home Appliances,North,Delhi,4,2947.9,11791.6,5.0,2212.27,346.25,Yes,Cash,Paid,Returned
ORD101135,2025-04-25,CUST1051,Laptop,Electronics,West,Mumbai,1,47035.88,47035.88,25.0,40651.2,404.78,No,Credit Card,Paid,Delivered
ORD104390,2026-03-14,CUST1766,Microwave,Home Appliances,West,Ahmedabad,1,10983.84,10983.84,30.0,9492.79,298.8,No,UPI,Paid,Delivered
ORD103778,2025-01-16,CUST1230,Desk,Furniture,East,Kolkata,5,10352.28,51761.4,15.0,6125.43,123.11,No,UPI,Paid,Delivered
ORD105112,2026-05-13,CUST1658,Laptop,Electronics, WEST ,Hyderabad,4,56070.94,224283.76,30.0,43591.7,74.0,No,UPI,Paid,Delivered
ORD103789,2026-03-05,CUST1252,Tablet,Electronics,West,Ahmedabad,1,24792.0,24792.0,30.0,21306.78,143.22,Yes,Credit Card,Paid,Returned
ORD101752,2025-10-15,CUST1008,Blender,Home Appliances,West,Ahmedabad,2,2590.25,5180.5,10.0,1840.58,481.39,No,Credit Card,Paid,Delivered
ORD103701,2025-04-12,CUST1735,Microwave,Home Appliances,East,Bhubaneswar,5,10416.77,52083.85,0.0,6731.2,466.83,No,Net Banking,Pending,Cancelled
ORD100080,2025-11-14,CUST1032,Blender,Home Appliances,Central,Bhopal,5,3001.98,15009.9,0.0,1958.13,222.77,No,Net Banking,Paid,Cancelled
ORD103838,2025-11-21,CUST1789,Shoes,Fashion,East,Kolkata,2,2826.79,5653.58,0.0,1858.58,397.36,No,UPI,Paid,Cancelled
ORD100883,2025-03-12,CUST1519,Jacket,Fashion,East,Patna,3,5070.54,15211.62,20.0,3287.4,45.46,No,Net Banking,Paid,Delivered
ORD100305,2026-07-13,CUST1758,Shoes,Fashion,West,Ahmedabad,1,2933.47,2933.47,0.0,1818.53,183.06,Yes,Debit Card,Pending,Returned
ORD103839,2025-01-04,CUST1173,Shoes,Fashion,East,Bhubaneswar,1,3399.7,3399.7,0.0,2231.59,unknown,No,Credit Card,Paid,Cancelled
ORD100215,2026-02-28,CUST1142,Laptop,Electronics,Central,Indore,2,56717.18,113434.36,10.0,33815.23,167.33,No,Net Banking,Pending,Delivered
ORD100838,2025-04-07,CUST1016,Jacket,Fashion,East,Bhubaneswar,4,4274.56,17098.24,30.0,2590.2,416.01,No,Cash,Paid,Delivered
ORD101332,2026-03-03,CUST1655,Headphones,Electronics,West,Pune,1,3563.97,3563.97,20.0,2512.07,275.21,No,UPI,Paid,Delivered
ORD105688,2025-03-16,CUST1090,smartphone,Electronics,South,Bengaluru,1,24920.76,24920.76,15.0,18510.61,290.5,No,Debit Card,Failed,Delivered
ORD103469,2026-02-01,CUST1100,Desk,Furniture,West,Mumbai,5,13685.72,68428.6,0.0,10078.6,497.63,Yes,Net Banking,Paid,Returned
 ORD101914 ,2025-12-13,,Blender,Home Appliances,East,Bhubaneswar,4,3210.65,12842.6,5.0,2145.05,408.62,No,Credit Card,Pending,Delivered
ORD105673,2025-05-02,CUST1480,Bookshelf,Furniture,West,Pune,1,6554.22,6554.22,30.0,5317.58,216.93,No,Net Banking,Pending,Delivered
ORD101529,2025-01-30,CUST1192,Headphones,Electronics,North,Delhi,4,3801.14,15204.56,15.0,2916.54,317.52,No,Debit Card,Failed,Delivered
ORD100634,2026-01-06,CUST1549,Shoes,Fashion,East,Patna,4,3118.5,12474.0,10.0,2441.06,152.07,No,Debit Card,Failed,Cancelled
ORD102045,2026-03-01,CUST1517,Coffee Maker,Home Appliances,Central,Bhopal,2,5181.97,10363.94,20.0,3622.71,373.44,No,Net Banking,Paid,Delivered
ORD104475,2025-01-21,CUST1290,Tablet,Electronics,East,Bhubaneswar,3,20279.74,60839.22,15.0,13912.6,186.84,No,UPI,Paid,Cancelled
ORD105717,2025-03-30,CUST1077,Tablet,Electronics,West,Ahmedabad,5,20650.72,103253.6,0.0,15754.17,426.56,No,Credit Card,Paid,Delivered
ORD105716,2026-06-10,CUST1716,Tablet,Electronics,South,Bengaluru,4,20327.11,81308.44,5.0,14959.7,395.42,No,Cash,Paid,Delivered
ORD100448,2026-05-09,CUST1052,Smartwatch,Electronics,East,Bhubaneswar,4,6964.79,27859.16,5.0,5123.31,168.54,No,Debit Card,Failed,Cancelled
ORD101538,2025-02-15,CUST1171,Shoes,Fashion,South,Chennai,1,2813.75,2813.75,25.0,1882.97,159.82,No,Net Banking,Paid,Delivered
ORD103923,2025-11-18,CUST1781,Shoes,Fashion,North,Lucknow,2,3640.44,7280.88,25.0,2629.47,134.18,No,Cash,Paid,Cancelled
ORD102358,2026-06-24,CUST1706,Microwave,Home Appliances,East,Patna,2,9445.2,18890.4,15.0,5517.33,168.68,No,Debit Card,Failed,Delivered
ORD101253,2026-05-31,CUST1065,Microwave,Home Appliances,South,Chennai,2,12425.28,24850.56,15.0,7411.97,352.27,No,Credit Card,Paid,Delivered
ORD103974,2025-01-28,CUST1411,Headphones,Electronics,West,Mumbai,5,3403.92,17019.6,20.0,2453.72,53.77,No,UPI,Failed,Delivered
ORD102038,2025-05-22,CUST1768,Mixer,Home Appliances,Central,Bhopal,5,4350.84,21754.2,0.0,2488.94,43.99,Yes,Credit Card,Paid,Returned
ORD103866,2026-02-19,CUST1582,Coffee Maker,Home Appliances,North,Lucknow,1,5809.04,5809.04,20.0,4699.4,295.49,No,Cash,Paid,Delivered
ORD103348,2026-05-30,CUST1657,Shoes,Fashion,West,Pune,5,2759.38,13796.9,5.0,2382.44,429.16,No,Credit Card,Paid,Delivered
ORD100229,2025-12-31,CUST1379,Blender,Home Appliances,West,Ahmedabad,1,2896.96,2896.96,25.0,2110.91,110.91,No,Debit Card,Paid,Delivered
ORD103651,2025-08-19,CUST1311,Office Chair,Furniture, WEST ,Ahmedabad,4,8977.22,35908.88,20.0,7380.53,229.17,No,Net Banking,Paid,Delivered
ORD103456,2025-12-05,CUST1412,Smartwatch,Electronics,Central,Nagpur,2,6807.63,13615.26,10.0,,158.97,No,Debit Card,Paid,Delivered
ORD102772,2025-03-31,CUST1759,Mixer,Home Appliances,West,Mumbai,1,4757.39,4757.39,25.0,3394.28,194.28,No,Debit Card,Paid,Cancelled
ORD105022,2026-04-26,CUST1713,T-Shirt,Fashion,East,Patna,1,772.21,772.21,15.0,546.56,43.44,No,Net Banking,Failed,Delivered
ORD104073,2026-04-01,CUST1791,Office Chair,Furniture,Central,Indore,2,8376.82,16753.64,25.0,6206.04,424.09,No,UPI,Failed,Cancelled
ORD101205,2025-09-08,CUST1216,Shoes,Fashion,North,Delhi,1,2775.72,2775.72,20.0,2208.34,391.93,Yes,Debit Card,Pending,Returned
ORD105467,2026-07-07,CUST1700,Smartwatch,Electronics,North,Jaipur,3,7308.56,21925.68,10.0,5645.22,417.21,No,Cash,Paid,Delivered
ORD105376,2025-08-13,CUST1350,Mixer,Home Appliances,West,Pune,1,3764.1,3764.1,10.0,2195.31,412.58,No,UPI,Paid,Delivered
ORD104365,2025-09-01,CUST1286,T-Shirt,Fashion,South,Bengaluru,4,814.78,3259.12,25.0,513.94,87.94,No,Credit Card,Failed,Delivered
ORD105934,2026-01-13,CUST1570,Blender,Home Appliances,East,Kolkata,1,3075.39,3075.39,15.0,1729.1,110.19,No,Cash,Pending,Delivered
ORD100474,2026-05-31,CUST1397,Office Chair,Furniture,West,Pune,4,8349.04,33396.16,0.0,,86.63,No,Credit Card,Failed,Delivered
ORD105026,2025-07-10,CUST1129,Coffee Maker,Home Appliances,South,Bengaluru,5,5146.56,25732.8,0.0,4357.12,316.74,No,UPI,Paid,Delivered
ORD101052,2025-07-22,CUST1261,Shoes,Fashion,West,Pune,4,2918.48,11673.92,20.0,2204.75,126.79,No,Credit Card,Pending,Delivered
ORD104201,2026-02-16,CUST1155,Jacket,Fashion,South,Bengaluru,2,4163.18,8326.36,30.0,2407.65,196.02,No,,Paid,Delivered
ORD104455,2025-07-31,CUST1350,Jacket,Fashion,West,Ahmedabad,3,4915.24,14745.72,0.0,4316.27,71.86,No,Credit Card,Pending,Delivered
ORD103819,2025-04-22,CUST1023,Laptop,Electronics,East,Kolkata,1,56612.71,56612.71,15.0,38251.21,265.92,No,Debit Card,Paid,Delivered
ORD104908,2025-02-21,CUST1322,T-Shirt,Fashion,Central,Indore,4,821.32,3285.28,0.0,493.74,58.03,No,Credit Card,Paid,Delivered
ORD100253,2025-04-29,CUST1156,T-Shirt,Fashion,West,Ahmedabad,5,960.71,4803.55,0.0,833.85,278.75,No,UPI,Pending,Cancelled
ORD104588,2025-07-03,CUST1291,Desk,Furniture,Central,Bhopal,2,12339.97,24679.94,30.0,7793.58,229.56,No,Net Banking,Paid,Cancelled
ORD101422,2025-09-22,CUST1382,Headphones,Electronics,West,Mumbai,3,3249.7,9749.1,20.0,2674.41,348.47,No,Net Banking,Paid,Delivered
ORD102501,2025-03-24,CUST1532,Microwave,Home Appliances,West,Ahmedabad,1,10106.82,10106.82,0.0,8124.66,422.46,Yes,UPI,Failed,Returned
ORD102502,2025-05-17,CUST1779,Office Chair,Furniture,West,Mumbai,5,9373.53,46867.65,0.0,7426.74,49.97,No,UPI,Paid,Delivered
ORD103551,2026-06-21,CUST1770,Coffee Maker,Home Appliances,Central,Bhopal,5,5980.3,29901.5,5.0,3926.49,257.25,No,Cash,Paid,Delivered
ORD102305,2025-08-19,CUST1263,Laptop,Electronics,North,Jaipur,2,57106.09,114212.18,15.0,31591.63,349.99,No,Credit Card,Paid,Delivered
ORD101763,2026-04-24,CUST1404,Smartwatch,Electronics,North,Delhi,3,6650.0,19950.0,25.0,4653.95,167.52,No,Cash,Pending,Delivered
ORD104407,2025-05-29,CUST1277,Jacket,Fashion,Central,Nagpur,3,4183.63,12550.89,20.0,3337.84,214.36,No,Debit Card,Paid,Delivered
ORD101312,2025-01-25,CUST1322,Shoes,Fashion,Central,Bhopal,5,3425.6,17128.0,15.0,2824.13,312.07,No,UPI,Paid,Cancelled
ORD104334,2026-04-03,CUST1019,Bookshelf,Furniture,South,Bengaluru,2,5986.75,11973.5,5.0,4139.64,90.91,No,Cash,Paid,Delivered
ORD105373,2026-05-03,CUST1563,Tablet,Electronics,East,Bhubaneswar,5,24190.88,120954.4,0.0,19321.63,337.4,No,Credit Card,Paid,Delivered
ORD100964,2025-12-28,CUST1354,Tablet,Electronics,East,Kolkata,2,24237.72,48475.44,5.0,,156.34,Yes,Credit Card,Paid,Returned
ORD102912,2026-07-13,CUST1691,Smartwatch,Electronics,North,Lucknow,5,6517.26,32586.3,0.0,5526.38,392.54,No,Credit Card,Pending,Delivered
ORD105690,2026-06-03,CUST1236,Desk,Furniture,East,Bhubaneswar,4,11692.78,46771.12,15.0,7623.87,316.22,No,Credit Card,Pending,Delivered
ORD104459,2025-01-04,CUST1255,Office Chair,Furniture,North,Lucknow,1,9559.4,9559.4,10.0,6507.58,410.14,No,Cash,Paid,Delivered
ORD103497,2025-04-16,CUST1416,Blender,Home Appliances,West,Ahmedabad,1,2742.65,2742.65,15.0,1747.24,149.41,No,Debit Card,Failed,Cancelled
ORD100390,2025-09-08,CUST1724,Laptop,Electronics,Central,Indore,4,52074.99,208299.96,15.0,33014.44,45.93,No,Net Banking,Paid,Cancelled
ORD103600,26/02/2025,CUST1123,Smartwatch,Electronics,South,Hyderabad,2,6684.92,13369.84,0.0,5480.77,313.73,Yes,Credit Card,Failed,Returned
ORD102440,2026-01-07,CUST1207,Shoes,Fashion,West,Mumbai,4,2732.96,10931.84,0.0,2306.34,293.81,Yes,Net Banking,Failed,Returned
ORD105503,2026-02-16,CUST1388,Shoes,Fashion,North,Lucknow,3,3077.41,9232.23,,2659.13,237.68,No,Credit Card,Pending,Cancelled
ORD103552,2025-10-31,CUST1043,Coffee Maker,Home Appliances,North,Delhi,5,4865.77,24328.85,15.0,3537.33,430.45,No,Debit Card,Paid,Delivered
ORD104102,2026-03-08,CUST1665,Desk,Furniture,South,Bengaluru,1,12263.5,12263.5,30.0,9894.96,132.1,No,UPI,Paid,Delivered
ORD100462,2025-06-17,CUST1715,Smartphone,Electronics,North,Delhi,2,24835.28,49670.56,0.0,16469.19,91.28,No,Net Banking,Paid,Delivered
ORD103437,2026-07-14,CUST1220,Tablet,Electronics,South,Hyderabad,2,19915.5,39831.0,15.0,16696.72,331.14,No,Cash,Pending,Delivered
ORD104272,2025-06-20,CUST1749,Jacket,Fashion,North,Lucknow,3,4047.94,12143.82,25.0,3383.1,135.26,No,Cash,Failed,Delivered
ORD100660,2025-05-11,,Backpack,Accessories,Central,Bhopal,4,1551.75,6207.0,25.0,869.37,475.58,No,Cash,Paid,Delivered
ORD104405,2025-08-22,CUST1133,Coffee Maker,Home Appliances,East,Bhubaneswar,2,5754.73,11509.46,25.0,4713.07,150.07,Yes,Cash,Paid,Returned
ORD105239,2025-10-23,CUST1656,T-Shirt,Fashion,North,Lucknow,2,940.89,1881.78,10.0,563.05,180.83,No,Credit Card,Failed,Delivered
ORD105969,2025-03-24,CUST1510,Smartwatch,Electronics,Central,Bhopal,5,6506.96,32534.8,0.0,4091.23,390.46,No,Cash,Paid,Delivered
ORD105881,2025-09-10,CUST1332,Blender,Home Appliances,South,Bengaluru,2,2722.12,5444.24,15.0,1541.05,142.15,No,Cash,Paid,Cancelled
ORD100273,2025-09-11,CUST1181,Smartwatch,Electronics,East,Bhubaneswar,1,7789.35,7789.35,30.0,4400.85,173.41,No,UPI,Paid,Delivered
ORD101688,2026-01-15,CUST1117,Smartwatch,Electronics,Central,Bhopal,1,7657.83,7657.83,15.0,5142.57,447.06,No,Debit Card,Paid,Delivered
ORD105455,2025-03-13,CUST1534,Laptop,Electronics,North,Jaipur,4,51655.56,206622.24,10.0,31421.04,335.31,,UPI,Failed,Returned
ORD101920,2025-01-10,CUST1724,Headphones,Electronics,Central,Nagpur,2,3748.59,7497.18,5.0,2322.85,478.24,No,,Paid,Delivered
ORD101283,2025-08-02,CUST1647,Smartwatch,Electronics,North,Jaipur,2,5987.35,11974.7,25.0,3518.75,104.81,No,Credit Card,Pending,Cancelled
ORD104469,2025-03-22,CUST1705,Mixer,Home Appliances,Central,Bhopal,1,4649.71,4649.71,15.0,3117.11,163.58,Yes,UPI,Paid,Returned
ORD103597,2025-12-22,CUST1027,T-Shirt,Fashion,East,Kolkata,2,1018.47,2036.94,10.0,665.54,410.74,Yes,Debit Card,Paid,Cancelled
ORD101767,2025-04-05,CUST1219,Jacket,Fashion,East,Bhubaneswar,5,4993.95,24969.75,15.0,4101.57,257.54,No,Debit Card,Paid,Delivered
ORD104867,2025-05-07,CUST1260,Microwave,Home Appliances,East,Kolkata,1,10788.02,10788.02,0.0,8772.61,326.33,No,Net Banking,Paid,Delivered
ORD104286,2026-05-11,CUST1441,Blender,Home Appliances,East,Bhubaneswar,4,2947.46,11789.84,110.0,2478.28,336.21,No,Net Banking,Paid,Delivered
ORD102723,2025-02-15,CUST1031,Office Chair,Furniture,South,Hyderabad,2,9143.53,18287.06,0.0,6889.83,315.3,Yes,Cash,Pending,Returned
ORD103135,2026-06-07,CUST1554,Coffee Maker,Home Appliances,Central,Indore,2,4974.25,9948.5,10.0,3330.79,348.94,No,Debit Card,Paid,Delivered
ORD100240,2025-12-24,CUST1528,Bookshelf,Furniture,East,Bhubaneswar,3,7101.06,21303.18,20.0,,42.8,Yes,UPI,Paid,Returned
ORD103678,2026-06-17,CUST1373,Backpack,Accessories,South,Hyderabad,5,1815.49,9077.45,20.0,1550.97,205.24,No,Cash,Paid,Delivered
ORD100468,2026-05-29,CUST1398,Shoes, Electronics ,North,,1,2745.79,2745.79,,1705.93,484.94,No,UPI,Pending,Delivered
 ORD103080 ,2025-07-03,CUST1282,Office Chair,Furniture,North,Lucknow,5,9203.54,46017.7,0.0,5129.79,302.76,No,UPI,Paid,Delivered
ORD101777,2025-03-15,CUST1602,Desk,Furniture,South,Hyderabad,5,12779.78,63898.9,5.0,8099.02,86.3,No,UPI,Paid,Delivered
ORD104985,2025-03-29,CUST1105,Desk,Furniture,Central,Nagpur,4,11783.37,47133.48,5.0,6706.75,116.65,No,Credit Card,Pending,Cancelled
ORD104222,2026-01-03,CUST1598,Jacket,Fashion,East,Kolkata,1,4155.43,4155.43,20.0,3384.95,490.96,No,UPI,Paid,Delivered
ORD102957,2025-09-09,CUST1364,Laptop,Electronics,West,Ahmedabad,4,53833.64,215334.56,5.0,30111.91,265.24,No,UPI,Paid,Delivered
ORD101986,2025-03-24,CUST1042,Jacket,Fashion,East,Kolkata,2,3902.66,7805.32,15.0,3098.16,227.7,No,Net Banking,Paid,Delivered
ORD103758,2025-10-11,CUST1557,Smartphone,Electronics,West,Pune,2,26937.02,53874.04,15.0,19875.49,195.75,Yes,UPI,Paid,Returned
ORD105797,2025-11-02,CUST1417,Tablet,Electronics,West,Pune,4,22995.18,91980.72,10.0,14662.82,310.79,Yes,UPI,Pending,Returned
ORD104330,2025-05-23,CUST1649,Tablet,Electronics,Central,Bhopal,3,25064.89,75194.67,5.0,14776.08,80.09,Yes,UPI,Pending,Returned
ORD101404,2025-05-22,CUST1590,Tablet,Electronics,Central,Bhopal,3,20354.25,61062.75,25.0,12051.86,239.04,Yes,Net Banking,Paid,Returned
ORD105260,2026-07-09,CUST1581,Microwave,Home Appliances,Central,Indore,2,10154.29,20308.58,10.0,8365.2,486.75,No,Cash,Pending,Delivered
ORD103661,2026-06-29,CUST1781,Headphones,Electronics,East,Bhubaneswar,1,3887.98,3887.98,10.0,3198.25,369.72,No,Credit Card,Paid,Cancelled
ORD100198,2026-07-08,CUST1468,Backpack,Accessories,West,Pune,2,1872.67,3745.34,30.0,1427.13,130.09,No,Cash,Paid,Delivered
ORD101812,2026-02-03,CUST1521,Desk,Furniture,Central,Nagpur,1,12788.3,12788.3,25.0,8382.61,253.09,Yes,UPI,Paid,Returned
ORD102094,2025-10-15,CUST1668,Laptop,Electronics,North,Delhi,1,58958.49,58958.49,5.0,46158.31,305.69,No,UPI,Paid,Cancelled
ORD101642,2025-11-24,CUST1604,Office Chair,Furniture,East,Patna,3,8641.21,25923.63,20.0,5045.85,183.78,No,Credit Card,Failed,Delivered
ORD105080,2025-05-25,CUST1343,Headphones,Electronics,Central,Indore,1,3209.38,3209.38,30.0,2592.87,42.57,No,UPI,Failed,Delivered
ORD100774,2025-08-04,CUST1080,Smartphone,Electronics,Central,Indore,1,25541.17,25541.17,0.0,17003.86,388.56,No,Debit Card,Paid,Cancelled
ORD101097,2025-11-10,CUST1380,Blender,Home Appliances,North,Jaipur,1,2960.33,2960.33,0.0,1920.08,434.84,No,Debit Card,Pending,Delivered
ORD102185,2025-02-15,CUST1243,Headphones,Electronics,East,Patna,1,3124.41,3124.41,10.0,2471.98,141.89,No,Credit Card,Paid,Delivered
ORD102128,2025-11-02,CUST1653,Microwave,Home Appliances,South,Hyderabad,1,10700.98,10700.98,25.0,,354.53,No,Debit Card,Paid,Delivered
ORD100234,2026-02-21,CUST1216,Headphones,Electronics,South,Hyderabad,5,3073.36,15366.8,15.0,2566.17,310.82,No,Debit Card,Paid,Delivered
ORD101627,2025-07-13,CUST1316,Headphones,Electronics,South,Bengaluru,1,3909.21,3909.21,25.0,2903.5,313.91,No,UPI,Paid,Delivered
ORD104138,2025-02-05,CUST1528,Shoes,Fashion,East,Bhubaneswar,5,3067.34,15336.7,5.0,1846.07,421.59,No,Credit Card,Failed,Delivered
ORD103209,2025-02-21,CUST1188,Coffee Maker,Home Appliances,West,Ahmedabad,2,5507.24,11014.48,20.0,4150.3,60.62,No,Cash,Paid,Delivered
ORD101094,2026-06-12,CUST1018,Bookshelf,Furniture,South,Chennai,4,6642.34,26569.36,5.0,5320.41,263.36,No,Debit Card,Paid,Cancelled
ORD104417,2025-10-25,CUST1425,Backpack,Accessories,North,Delhi,2,1845.3,3690.6,15.0,1479.44,498.82,No,UPI,Paid,Cancelled
ORD100248,2025-04-11,CUST1502,Jacket,Fashion,North,Lucknow,2,4773.43,9546.86,25.0,3049.07,258.69,No,Cash,Paid,Delivered
ORD104025,2026-03-04,CUST1194,Blender,Home Appliances,West,Pune,2,3045.99,6091.98,0.0,2616.11,201.72,No,Debit Card,Pending,Delivered
ORD103753,2025-01-09,CUST1463,T-Shirt,Fashion,North,Delhi,1,804.0,804.0,20.0,461.84,314.17,No,Cash,Paid,Delivered
ORD103179,2025-12-16,CUST1147,Microwave,Home Appliances,South,Hyderabad,2,11201.04,22402.08,10.0,7860.74,372.8,No,Cash,Paid,Delivered
ORD101179,2025-04-29,CUST1350,Laptop,Electronics,Central,Nagpur,4,54414.56,217658.24,10.0,37182.92,47.44,No,UPI,Pending,Delivered
ORD105288,2026-06-23,CUST1719,Smartphone,Electronics,Central,Indore,5,30378.04,151890.2,15.0,24564.77,348.14,No,UPI,Paid,Delivered
ORD105036,2025-09-16,CUST1665,Smartwatch,Electronics,Central,Bhopal,1,7653.42,7653.42,25.0,5459.28,212.92,No,UPI,Pending,Delivered
ORD104961,2026-06-29,CUST1001,Smartwatch,Electronics,Central,Indore,1,7828.41,7828.41,30.0,5865.99,97.94,No,UPI,Failed,Delivered
ORD104926,2025-03-06,CUST1469,Blender,Home Appliances,West,Mumbai,2,3274.06,6548.12,15.0,2447.58,442.2,No,Cash,Pending,Cancelled
ORD100223,2025-03-14,CUST1634,Desk,Furniture,North,Jaipur,3,13244.18,39732.54,25.0,11007.34,N/A,Yes,Cash,Pending,Returned
ORD103598,2025-09-21,CUST1800,Mixer,Home Appliances,South,Hyderabad,5,4654.36,N/A,5.0,3547.98,200.04,Yes,Cash,Paid,Returned
ORD100689,2026-03-25,CUST1793,Microwave,Home Appliances,North,Delhi,1,12411.33,12411.33,0.0,10710.73,427.53,No,Credit Card,Paid,Cancelled
ORD103505,2026-03-26,CUST1028,Desk,Furniture,Central,Indore,5,10748.54,53742.7,5.0,9101.01,464.83,Yes,Credit Card,Paid,Returned
ORD100664,2025-05-28,CUST1365,Blender,Home Appliances,East,Patna,2,3435.89,6871.78,0.0,1893.04,44.33,No,Cash,Paid,Cancelled
ORD105663,2025-10-31,CUST1511,Coffee Maker,Home Appliances,West,Mumbai,3,5702.86,17108.58,30.0,4625.29,245.83,No,Net Banking,Paid,Cancelled
ORD104071,2025-04-07,CUST1021,T-Shirt,Fashion,South,Hyderabad,1,839.76,839.76,5.0,495.65,329.59,No,Debit Card,Paid,Cancelled
ORD103283,2025-02-11,CUST1714,Jacket,Fashion,South,Hyderabad,5,4256.17,21280.85,5.0,2931.62,75.33,No,Debit Card,Failed,Cancelled
ORD104899,2026-01-05,CUST1732,Microwave,Home Appliances,West,Mumbai,2,11646.39,23292.78,0.0,8026.2,184.49,No,Cash,Paid,Delivered
ORD104816,2025-04-11,CUST1491,Backpack,Accessories,South,Bengaluru,1,1722.64,1722.64,25.0,1333.98,136.52,No,UPI,Failed,Delivered
ORD105539,2026-05-22,CUST1735,T-Shirt,Fashion,Central,Indore,2,867.01,1734.02,25.0,735.32,58.91,No,UPI,Failed,Delivered
ORD105297,2026-07-05,CUST1378,Office Chair,Furniture,South,Bengaluru,1,9058.7,9058.7,5.0,7033.29,479.34,No,UPI,Failed,Delivered
ORD105815,2025-12-19,CUST1030,T-Shirt,Fashion,South,Chennai,2,872.01,1744.02,25.0,494.12,392.74,No,Cash,Failed,Delivered
ORD105946,2025-12-15,CUST1738,Smartwatch,Electronics,North,Lucknow,2,7989.5,15979.0,0.0,6366.66,236.06,No,Credit Card,paid,Cancelled
 ORD102793 ,2025-04-27,CUST1264,Office Chair,Furniture,North,Delhi,3,8570.31,25710.93,10.0,5648.03,164.07,No,,Failed,Cancelled
ORD102073,2026-04-13,CUST1101,Shoes,Fashion,Central,Indore,1,3482.15,3482.15,5.0,2998.65,248.2,No,Cash,Paid,Cancelled
ORD104783,2025-02-21,CUST1258,Tablet,Electronics,Central,Nagpur,2,23831.59,47663.18,30.0,14519.29,265.78,Yes,Cash,Pending,Returned
ORD105575,2025-03-26,CUST1104,Headphones,Electronics,South,Chennai,3,3794.5,11383.5,0.0,3090.39,121.2,No,Debit Card,Paid,Cancelled
ORD103422,2025-03-25,CUST1767,Coffee Maker,Home Appliances,West,Mumbai,1,5477.5,5477.5,25.0,4492.96,447.4,No,Debit Card,Failed,Delivered
ORD101962,2026-05-27,CUST1385,Backpack,Accessories,West,Ahmedabad,3,1867.59,5602.77,,1606.83,413.12,No,Cash,Paid,Cancelled
ORD103498,2026-01-05,CUST1066,Laptop,Electronics,South,Chennai,1,50800.14,50800.14,30.0,42632.53,438.35,No,UPI,Pending,Delivered
ORD102139,2025-09-04,CUST1580,Coffee Maker,Home Appliances,North,Delhi,1,5271.77,5271.77,25.0,4237.04,215.98,No,Debit Card,Paid,Cancelled
ORD103390,2025-11-10,CUST1499,Smartphone,Electronics,North,Delhi,5,29895.74,149478.7,20.0,23854.72,255.02,Yes,Credit Card,Paid,Returned
ORD102276,29/05/2025,CUST1629,Blender,Home Appliances,Central,Bhopal,2,2935.05,5870.1,10.0,1739.27,88.81,No,UPI,Paid,Delivered
ORD104543,2026-01-15,CUST1333,Smartwatch,Electronics,Central,Bhopal,1,7959.16,7959.16,0.0,6379.38,472.07,No,Cash,Pending,Delivered
ORD104689,2026-06-06,CUST1578,Office Chair,Furniture,North,Lucknow,1,10185.11,10185.11,0.0,7235.27,451.75,No,Credit Card,Paid,Delivered
ORD103360,2025-02-14,CUST1800,Jacket,Fashion,Central,Nagpur,1,3905.5,3905.5,20.0,3361.37,338.47,No,Net Banking,Pending,Delivered
ORD101123,2025-02-11,CUST1365,Headphones,Electronics,North,Lucknow,1,3831.36,3831.36,30.0,2663.57,214.48,No,Credit Card,Paid,Delivered
ORD103503,2026-07-29,CUST1645,Tablet,Electronics,West,Ahmedabad,4,22850.04,91400.16,25.0,14886.69,191.15,No,UPI,Paid,Delivered
ORD103714,2025-12-08,CUST1317,Mixer,Home Appliances,Central,Nagpur,5,4197.58,20987.9,0.0,3212.64,481.84,No,Debit Card,Paid,Delivered
ORD104892,2025-09-19,CUST1301,Jacket,Fashion,South,Bengaluru,5,4908.12,24540.6,15.0,4049.1,66.36,Yes,Net Banking,Failed,Returned
ORD101477,2026-07-27,CUST1529,Jacket,Fashion,Central,,2,5098.27,10196.54,20.0,4138.4,314.11,no,Cash,Paid,Cancelled
ORD103246,2025-02-16,CUST1512,Mixer,Home Appliances,North,Jaipur,1,3645.9,3645.9,0.0,2316.44,143.56,Yes,Credit Card,Paid,Returned
ORD103787,2025-12-14,CUST1592,Blender,Home Appliances,West,Mumbai,1,2932.23,2932.23,15.0,2438.57,264.35,No,Credit Card,Paid,Cancelled
ORD103499,2025-01-21,CUST1698,Coffee Maker,Home Appliances,Central,Nagpur,2,5790.46,11580.92,5.0,3933.02,290.96,Yes,Net Banking,Paid,Returned
ORD100587,2025-09-18,CUST1305,Smartphone,Electronics,South,Chennai,2,24230.28,48460.56,5.0,20433.11,358.56,No,Credit Card,Paid,Cancelled
ORD100017,2026-07-26,CUST1002,Backpack,Accessories,North,Delhi,1,2029.33,2029.33,25.0,1582.08,145.13,Yes,Cash,Failed,Returned
ORD104720,2026-07-17,CUST1520,Tablet,Electronics,East,Kolkata,1,22442.84,22442.84,30.0,17280.7,138.31,yes,Credit Card,Paid,Returned
ORD101955,2026-03-09,CUST1689,T-Shirt,Fashion,South,Hyderabad,1,804.13,804.13,5.0,605.81,93.16,No,Net Banking,Pending,Cancelled
ORD104646,2025-11-22,CUST1467,Desk,Furniture,North,Lucknow,1,12374.47,12374.47,0.0,6921.6,433.6,No,UPI,Paid,Delivered
ORD102112,2026-07-17,CUST1418,Shoes,Fashion,West,Mumbai,1,3148.8,3148.8,30.0,2764.26,,No,Net Banking,Failed,Delivered
ORD101254,2025-08-16,CUST1291,Smartphone,Electronics,North,Jaipur,4,27473.29,109893.16,5.0,20245.31,353.51,No,Debit Card,Paid,Delivered
ORD104989,2026-01-09,CUST1413,Backpack,Accessories,North,Jaipur,2,1804.72,3609.44,25.0,1572.11,413.19,No,Credit Card,Paid,Delivered
ORD102204,2025-05-22,CUST1170,Smartphone,Electronics,South,Bengaluru,4,26102.0,104408.0,0.0,18968.84,383.94,Yes,Net Banking,Paid,Delivered
ORD101497,2025-09-23,CUST1291,Laptop,Electronics,Central,Indore,2,51545.99,N/A,25.0,37710.38,176.19,No,UPI,Paid,Delivered
ORD105782,2025-01-28,CUST1018,Backpack,Accessories,West,Ahmedabad,4,1558.94,6235.76,30.0,1096.35,291.5,No,UPI,Paid,Delivered
ORD101769,2025-05-12,CUST1231,Smartphone,Electronics,West,Ahmedabad,5,26120.63,130603.15,10.0,21527.35,236.55,No,Debit Card,Failed,Cancelled
ORD102033,2025-10-01,CUST1261,Bookshelf,Furniture,North,Lucknow,1,6745.0,6745.0,0.0,5824.73,431.98,No,Cash,Paid,Delivered
ORD101333,20/12/2025,CUST1234,Backpack,Accessories,East,Patna,5,1586.16,7930.8,30.0,1268.42,422.95,No,Debit Card,Paid,Delivered
ORD103485,2025-12-07,CUST1578,Microwave,Home Appliances,South,Chennai,1,11934.85,11934.85,20.0,7814.04,255.63,No,UPI,Pending,Delivered
ORD104404,2026-01-29,CUST1050,Smartwatch,Electronics,West,Mumbai,1,6414.79,6414.79,5.0,3537.94,248.17,Yes,Credit Card,Paid,Returned
ORD105156,2025-04-12,CUST1021,Microwave,Home Appliances,North,Lucknow,5,11721.9,58609.5,15.0,7331.39,192.31,Yes,UPI,Paid,Returned
ORD105870,2025-02-05,CUST1161,Office Chair,Furniture,East,Bhubaneswar,2,8034.6,16069.2,30.0,6833.74,243.54,No,Net Banking,Paid,Cancelled
ORD100260,2025-01-15,CUST1736,Smartphone,Electronics,Central,Nagpur,2,29099.74,58199.48,10.0,16432.8,231.2,No,Credit Card,Failed,Delivered
ORD101217,2025-02-16,CUST1024,Office Chair,Furniture,Central,Nagpur,3,10128.9,30386.7,,7003.39,204.85,No,UPI,Pending,Cancelled
ORD102491,2025-01-27,CUST1449,Jacket,Fashion,North,Jaipur,2,4683.37,9366.74,15.0,3544.39,227.79,No,Net Banking,Failed,Delivered
ORD105107,2026-05-14,CUST1598,Coffee Maker,Home Appliances,West,Mumbai,1,4723.58,4723.58,0.0,3563.97,299.26,No,Cash,Pending,Delivered
ORD103791,2025-03-12,CUST1712,Smartwatch,Electronics,West,Ahmedabad,4,6401.7,25606.8,0.0,5572.12,58.3,No,UPI,Failed,Delivered
ORD103976,2025-01-30,CUST1309,Shoes,Fashion,East,Bhubaneswar,1,3070.89,3070.89,25.0,1765.88,131.36,No,UPI,Pending,Cancelled
ORD102490,2026-04-20,CUST1707,Bookshelf,Furniture,North,Delhi,5,5752.67,28763.35,25.0,3939.43,85.14,No,Debit Card,Failed,Delivered
ORD102781,2025-09-17,CUST1366,Microwave,Home Appliances,Central,Indore,3,12186.34,36559.02,10.0,8719.86,116.19,No,Debit Card,Paid,Delivered
ORD101885,2025-08-19,CUST1150,Blender,Home Appliances,East,Bhubaneswar,5,2896.88,14484.4,15.0,1618.92,108.96,No,Credit Card,Failed,Cancelled
ORD105268,2025-05-07,CUST1215,Jacket,electronics,North,Lucknow,1,4706.79,4706.79,20.0,3850.63,160.37,No,Credit Card,Pending,Delivered
ORD104617,2025-06-01,CUST1577,Microwave,Home Appliances,West,Pune,2,11733.06,23466.12,0.0,8909.88,279.8,No,Credit Card,Paid,Delivered
ORD101225,2025-08-24,CUST1277,Office Chair,Furniture,East,Kolkata,1,9317.57,9317.57,0.0,6863.58,333.16,No,UPI,Paid,Delivered
ORD103199,2025-06-24,CUST1444,Microwave,Home Appliances,Central,Nagpur,1,9554.04,9554.04,15.0,6355.08,222.7,No,UPI,Paid,Delivered
ORD104668,23/06/2025,CUST1238,Headphones,Electronics,South,Chennai,1,3911.42,3911.42,15.0,2911.58,127.82,No,Cash,Pending,Delivered
ORD100919,2026-04-25,CUST1134,Backpack,Accessories,East,Kolkata,4,1921.92,7687.68,,1657.98,446.9,No,Cash,Paid,Delivered
ORD104180,2026-02-10,CUST1500,Office Chair,Furniture,South,Hyderabad,3,7727.54,23182.62,30.0,6397.77,410.18,No,Debit Card,Pending,Cancelled
 ORD101702 ,2025-05-26,CUST1380,Mixer,Home Appliances,East,Kolkata,5,4301.05,21505.25,30.0,3126.79,453.11,no,Debit Card,Paid,Delivered
ORD103034,2025-09-22,CUST1501,T-Shirt,Fashion,North,Lucknow,1,922.97,922.97,15.0,639.25,362.16,Yes,Net Banking,Pending,Returned
 ORD100673 ,2026-07-23,CUST1574,Bookshelf,Furniture,West,Pune,3,7239.95,21719.85,5.0,4178.92,392.2,Yes,Debit Card,Paid,Returned
ORD100186,2025-09-11,CUST1630,Coffee Maker,Home Appliances,Central,Nagpur,1,5608.16,5608.16,5.0,3703.57,52.05,Yes,UPI,Paid,Returned
ORD101433,2025-02-11,CUST1333,Desk,Furniture,East,Kolkata,1,12430.79,12430.79,20.0,8432.8,499.17,No,Net Banking,Failed,Delivered
ORD105979,2026-03-11,CUST1545,Smartwatch,Electronics,West,Mumbai,2,5982.62,11965.24,10.0,3554.2,392.47,Yes,Credit Card,Paid,Returned
ORD101088,2026-05-07,CUST1439,Headphones,Electronics,Central,Indore,1,3063.87,3063.87,,2502.45,,Yes,Net Banking,Paid,Returned
ORD105982,2025-05-23,CUST1331,Bookshelf,Furniture,Central,Nagpur,5,6239.75,31198.75,20.0,3847.52,64.45,No,Credit Card,Paid,Delivered
ORD103147,2025-07-01,CUST1612,Headphones,Electronics,North,Lucknow,1,3419.86,3419.86,25.0,2432.01,341.23,No,Debit Card,Paid,Delivered
ORD100619,2026-05-24,CUST1153,Mixer,Furniture,Central,Bhopal,2,3941.2,7882.4,10.0,3157.42,367.99,No,Net Banking,Pending,Delivered
ORD105058,2025-10-23,CUST1106,Coffee Maker,Home Appliances,West,Ahmedabad,2,6192.36,12384.72,30.0,4226.46,64.32,Yes,UPI,Paid,Returned
ORD101214,2026-07-31,CUST1380,Laptop,Electronics,East,Patna,1,55291.19,55291.19,30.0,43457.96,264.03,No,Cash,Paid,Cancelled
ORD104006,2025-09-23,CUST1168,Headphones,Electronics,South,Chennai,5,3535.23,17676.15,20.0,2642.53,127.08,No,UPI,Failed,Cancelled
ORD102065,2025-06-24,CUST1791,T-Shirt,Fashion,South,Bengaluru,1,992.41,992.41,30.0,690.57,109.45,No,UPI,Paid,Cancelled
ORD100783,2025-05-20,CUST1680,Mixer,Home Appliances,West,Pune,4,4133.42,16533.68,15.0,3218.94,72.62,No,Credit Card,Paid,Delivered
ORD105159,2025-05-18,CUST1322,Mixer,Home Appliances,North,Delhi,2,3796.7,7593.4,15.0,2179.48,319.25,Yes,Cash,Failed,Returned
ORD104787,2025-07-28,CUST1143,Backpack,Accessories,South,Chennai,1,1919.21,1919.21,30.0,1465.94,335.13,No,Debit Card,Paid,Delivered
ORD104564,2026-02-22,CUST1742,Jacket,Fashion,Central,Indore,1,5107.77,5107.77,15.0,3686.2,258.07,No,UPI,Paid,Delivered
ORD103269,2026-01-10,CUST1747,Blender,Home Appliances,Central,Indore,2,3299.44,6598.88,15.0,2697.85,478.7,No,Net Banking,Paid,Delivered
ORD104528,2025-01-10,CUST1677,T-Shirt,Fashion,East,Patna,2,975.23,1950.46,0.0,734.02,412.24,No,Net Banking,Paid,Delivered
ORD101365,2026-04-24,CUST1793,Microwave,Home Appliances,West,Mumbai,5,11830.47,59152.35,30.0,7797.84,46.88,Yes,UPI,Paid,Returned
ORD102220,2026-03-13,CUST1012,Office Chair,Furniture,South,Chennai,2,8703.75,17407.5,10.0,5699.7,307.69,No,Debit Card,Paid,Delivered
ORD104537,2025-12-26,CUST1068,Office Chair,Furniture,West,Ahmedabad,4,9110.61,36442.44,5.0,6823.21,215.33,No,UPI, PAID ,Delivered
ORD104010,09/11/2025,CUST1138,Microwave,Home Appliances,North,Lucknow,1,10938.94,10938.94,25.0,7568.68,420.64,No,UPI,Paid,Delivered
ORD103482,2025-09-13,CUST1660,Desk,Furniture,South,Hyderabad,3,10569.52,31708.56,15.0,7461.02,218.14,Yes,UPI,Paid,Returned
ORD105564,2026-05-01,CUST1714,Office Chair,Furniture,East,Patna,1,9639.03,9639.03,5.0,6115.7,397.64,No,Cash,Paid,Delivered
ORD105611,2026-04-13,CUST1005,Laptop,Electronics,East,Kolkata,2,52305.3,104610.6,20.0,31433.83,321.45,Yes,Debit Card,Paid,Returned
ORD105919,22/06/2026,CUST1176,Mixer,Home Appliances,East,Kolkata,1,3786.37,3786.37,30.0,2824.26,449.27,No,UPI,Pending,Delivered
ORD104654,2025-02-10,CUST1362,Blender,Home Appliances,North,Lucknow,1,2670.16,2670.16,15.0,1685.05,127.96,No,Debit Card,Failed,Delivered
ORD104775,2025-02-01,CUST1322,T-Shirt,Fashion,Central,Bhopal,1,787.34,787.34,0.0,527.54,457.15,No,Debit Card,Pending,Delivered
ORD102756,2025-01-03,CUST1329,Backpack,Accessories,West,Mumbai,1,2067.67,2067.67,5.0,1279.77,81.97,No,Credit Card,Paid,Cancelled
ORD105072,2025-10-22,CUST1749,Backpack,Accessories,South,Chennai,1,1783.8,1783.8,15.0,1039.21,475.37,Yes,Debit Card,Pending,Returned
ORD100458,2025-08-14,CUST1670,Desk,Furniture,North,Delhi,1,12222.71,12222.71,15.0,9286.36,203.74,Yes,Cash,Paid,Returned
ORD100008,2025-01-05,CUST1218,Headphones,Electronics,West,Ahmedabad,5,3263.46,16317.3,10.0,2303.45,95.01,No,Debit Card,Paid,Delivered
ORD103489,2026-02-18,CUST1134,Desk,Furniture,South,Chennai,5,11950.39,59751.95,30.0,6774.76,453.81,No,UPI,Failed,Delivered
ORD102166,2025-12-22,CUST1294,Shoes,Fashion,North,Delhi,3,2952.78,8858.34,10.0,2229.49,232.93,No,Cash,Pending,Delivered
ORD104770,2025-04-26,CUST1057,Coffee Maker,Home Appliances,West,Mumbai,1,5244.58,5244.58,15.0,3378.68,449.34,No,Cash,Paid,Delivered
ORD104185,2025-05-20,CUST1769,Office Chair,Furniture,North,Jaipur,1,7809.4,7809.4,25.0,5468.18,279.77,No,UPI,Pending,Cancelled
ORD101541,2025-10-16,CUST1533,Smartwatch,Electronics,West,Pune,1,7361.77,7361.77,0.0,5600.31,311.29,Yes,Cash,Failed,Returned
ORD102430,2025-10-07,CUST1711,Desk,Furniture,Central,Indore,3,10941.36,32824.08,30.0,9360.81,453.06,No,Net Banking,Failed,Delivered
ORD105286,01/06/2025,CUST1076,Office Chair,Furniture,East,Bhubaneswar,1,10163.08,10163.08,10.0,7089.76,403.19,No,Debit Card,Pending,Delivered
ORD102585,2025-08-20,CUST1146,Headphones,Electronics,Central,Nagpur,4,3364.06,13456.24,15.0,2668.14,425.67,No,Credit Card,Failed,Delivered
ORD100443,2026-01-25,CUST1593,Coffee Maker,Home Appliances, WEST ,Lucknow,1,5430.75,5430.75,5.0,3069.46,468.18,No,UPI,Failed,Delivered
ORD102938,2025-07-23,CUST1699,Shoes,Fashion,East,Patna,1,3195.48,3195.48,10.0,2634.5,423.35,Yes,Cash,Pending,Returned
ORD104374,2025-11-10,CUST1104,Tablet,Electronics,South,Bengaluru,3,19178.89,57536.67,30.0,15414.19,479.49,No,UPI,Failed,Delivered
ORD102062,2025-02-04,CUST1117,Blender,Home Appliances,East,Bhubaneswar,2,3025.5,6051.0,0.0,2099.68,341.19,No,UPI,Pending,Delivered
ORD104287,2025-01-23,CUST1350,Coffee Maker,Home Appliances,North,Delhi,4,6184.81,24739.24,20.0,3905.11,426.95,Yes,Credit Card,Paid,Returned
ORD102096,2026-04-06,CUST1052,Laptop,Electronics,North,Lucknow,1,59838.46,59838.46,20.0,49052.72,167.22,No,Debit Card,Failed,Delivered
ORD104520,2025-03-28,CUST1601,Coffee Maker,Home Appliances,West,Ahmedabad,2,6274.79,12549.58,0.0,4335.29,335.92,No,Credit Card,Paid,Delivered
ORD101072,2025-05-23,CUST1037,Desk,Furniture,West,Pune,2,12163.76,24327.52,0.0,10585.91,235.3,No,Net Banking,Paid,Delivered
ORD101643,2025-10-16,CUST1259,Microwave,Home Appliances,West,Pune,2,9829.9,19659.8,30.0,7405.62,441.96,No,Cash,Paid,Delivered
ORD100181,2025-07-07,CUST1057,Shoes,Fashion,East,Kolkata,1,3095.86,3095.86,20.0,1704.64,122.05,Yes,Cash,Paid,Returned
 ORD100787 ,2025-12-07,CUST1057,Microwave,Home Appliances,Central,Bhopal,2,11218.78,22437.56,20.0,7882.44,472.84,No,Debit Card,Pending,Delivered
ORD101350,2026-02-08,CUST1567,Laptop,Electronics,East,Patna,3,59709.45,179128.35,25.0,52299.9,211.33,No,Debit Card,Paid,Delivered
ORD105435,2026-03-27,CUST1114,Desk,Furniture,Central,Nagpur,2,13267.06,26534.12,,9920.05,61.7,No,UPI,Failed,Delivered
ORD103553,2025-11-15,CUST1247,T-Shirt,Fashion, WEST ,Mumbai,1,1000.57,1000.57,15.0,825.31,246.86,No,Cash,Paid,Delivered
ORD101600,2026-07-06,CUST1634,Smartphone,Electronics,West,Ahmedabad,3,30430.31,91290.93,5.0,25310.16,409.21,No,Cash,Paid,Delivered
ORD105869,2025-02-04,CUST1182,Desk,Furniture,Central,Indore,2,10597.0,21194.0,5.0,N/A,459.64,No,Credit Card,Pending,Cancelled
ORD104575,2025-03-18,CUST1707,Tablet,Electronics,Central,Nagpur,2,19781.32,39562.64,15.0,15928.63,443.53,No,Cash,Pending,Delivered
ORD105911,2025-08-27,CUST1567,Blender,Home Appliances,South,Bengaluru,2,2829.35,5658.7,0.0,2292.66,,No,Credit Card,Paid,Delivered
ORD105372,2025-12-25,CUST1760,Smartwatch,Electronics,Central,Indore,4,7742.56,30970.24,20.0,4538.22,167.95,Yes,Credit Card,Paid,Returned
ORD104154,2026-03-31,CUST1408,Coffee Maker,Home Appliances,East,Kolkata,5,5552.3,27761.5,20.0,4445.09,466.07,No,UPI,Paid,Delivered
ORD100522,2025-10-27,CUST1082,Desk,Furniture,South,Hyderabad,3,10506.97,31520.91,20.0,7287.16,174.62,No,UPI,Paid,Delivered
ORD101900,2025-12-23,CUST1455,Desk,Furniture,West,Mumbai,2,11521.31,23042.62,5.0,7512.28,284.49,Yes,Cash,Failed,Returned
ORD104827,2025-06-22,CUST1145,Mixer,Home Appliances,Central,Bhopal,4,4304.97,17219.88,0.0,3329.8,404.36,No,Debit Card,Paid,Delivered
ORD102274,2025-05-31,CUST1431,Tablet,Electronics,East,Patna,1,18822.71,18822.71,30.0,11098.01,467.42,No,Debit Card,Pending,Delivered
ORD102601,2025-04-22,CUST1463,Smartphone,Electronics,West,Mumbai,2,32154.74,64309.48,30.0,27265.21,289.24,No,Debit Card,Pending,Cancelled
ORD104218,2025-01-22,CUST1421,Bookshelf,Furniture,East,Patna,5,6188.1,30940.5,15.0,3811.22,55.9,No,Cash,Failed,Delivered
ORD101001,2025-09-06,CUST1775,Office Chair,Furniture,South,Bengaluru,3,10056.93,30170.79,10.0,7053.99,492.48,No,Cash,Pending,Delivered
ORD101373,2026-06-04,CUST1468,Office Chair,Furniture,South,Chennai,1,9631.43,9631.43,20.0,8257.3,442.98,No,Debit Card,Failed,Delivered
ORD100826,2026-05-29,CUST1172,Headphones,Electronics,West,Mumbai,5,3623.34,18116.7,15.0,2117.0,96.84,Yes,UPI,Pending,Returned
ORD102001,2025-11-25,CUST1454,Office Chair,Furniture,East,Bhubaneswar,2,9255.74,18511.48,0.0,5846.81,82.48,No,Cash,Failed,Delivered
ORD101546,2025-07-07,CUST1774,Desk,Furniture,West,Ahmedabad,1,10764.6,10764.6,0.0,7081.59,99.01,Yes,Debit Card,Paid,Returned
ORD103564,2025-11-09,CUST1791,Shoes,Fashion,North,,4,3006.5,12026.0,5.0,1956.47,57.62,No,Cash,Paid,Cancelled
ORD101136,2026-03-11,CUST1777,T-Shirt,Fashion,East,Patna,1,916.61,916.61,30.0,601.85,253.34,No,Cash,Pending,Delivered
ORD103919,28/09/2025,CUST1562,Backpack,Accessories,East,Kolkata,2,1796.07,3592.14,20.0,1510.31,50.53,No,Cash,Pending,Delivered
ORD100123,2026-01-05,CUST1716,Bookshelf,Furniture,East,Bhubaneswar,2,6902.63,13805.26,25.0,5151.27,323.64,No,Cash,Pending,Delivered
ORD100278,2025-07-13,CUST1104,Tablet,Electronics,Central,Indore,3,23852.83,71558.49,30.0,17124.75,209.87,No,Debit Card,Paid,Cancelled
ORD104585,2026-05-02,CUST1761,Jacket,Fashion,South,Bengaluru,1,4738.84,4738.84,5.0,2904.69,430.31,No,Net Banking,Paid,Delivered
ORD100882,2025-07-23,CUST1520,Microwave,Home Appliances,Central,Indore,5,11380.25,56901.25,15.0,9191.36,128.22,Yes,Credit Card,Pending,Returned
ORD100737,2025-12-14,CUST1798,Desk,Furniture,North,Jaipur,5,13082.39,65411.95,20.0,11453.57,185.0,Yes,Cash,Paid,Returned
ORD102926,2026-01-30,CUST1763,Coffee Maker,Home Appliances,Central,Bhopal,2,5012.03,10024.06,25.0,3697.56,285.33,No,Debit Card,Paid,Delivered
ORD100610,2026-05-27,CUST1045,Headphones,Electronics,East,Patna,3,3694.46,11083.38,0.0,2355.31,355.6,No,Debit Card,Paid,Delivered
ORD100366,2026-05-09,CUST1620,Tablet,electronics,Central,Nagpur,4,23527.88,N/A,10.0,19878.38,342.71,Yes,Credit Card,Paid,Returned
ORD100294,2026-07-29,CUST1737,Shoes,Fashion,South,Bengaluru,2,2915.86,5831.72,30.0,1795.47,443.64,No,Net Banking,Paid,Delivered
ORD101659,2025-03-30,CUST1640,Smartphone,Electronics,South,Chennai,2,24186.08,48372.16,15.0,19047.26,199.89,No,Credit Card,Paid,Delivered
ORD105513,2025-05-28,CUST1555,Laptop,Electronics,North,Delhi,4,52908.08,211632.32,0.0,41870.94,96.74,Yes,UPI,Paid,Returned
ORD103201,2025-10-31,CUST1035,Bookshelf,Furniture,East,Patna,1,7033.76,7033.76,10.0,4848.78,286.52,No,Cash,Paid,Delivered
ORD104099,2026-06-08,CUST1132,Blender,Home Appliances,East,Kolkata,2,2837.98,5675.96,30.0,1915.81,407.93,No,Credit Card,Paid,Delivered
ORD100978,2025-12-17,CUST1722,Smartphone,Electronics,South,Hyderabad,1,28044.79,28044.79,0.0,24394.82,319.99,No,Cash,Paid,Delivered
ORD105794,2026-07-04,CUST1256,T-Shirt,Fashion,West,Pune,1,950.34,950.34,5.0,635.8,123.41,No,Credit Card,Failed,Cancelled
ORD101877,2026-01-12,CUST1365,Coffee Maker,Home Appliances,South,Hyderabad,1,5624.38,5624.38,10.0,3716.35,136.72,Yes, UPI ,Pending,Returned
ORD105612,2025-08-20,CUST1463,Microwave,Home Appliances,South,Hyderabad,1,11837.04,11837.04,10.0,8638.52,357.56,No,UPI,Paid,Delivered
ORD105115,2025-12-20,CUST1784,Mixer,Home Appliances,East,Patna,1,4396.15,4396.15,30.0,3108.05,298.47,No,Debit Card,Paid,Cancelled
ORD103510,2026-02-27,CUST1728,Bookshelf,Furniture,East,Bhubaneswar,2,6210.8,12421.6,15.0,4239.02,332.59,No,Credit Card,Paid,Cancelled
ORD103018,2025-10-01,CUST1060,Blender,Home Appliances,West,Pune,1,3043.44,3043.44,25.0,2375.15,44.58,No,Credit Card,Paid,Delivered
ORD103414,2026-04-10,CUST1358,Bookshelf,Furniture,Central,Bhopal,1,7349.35,7349.35,30.0,4048.5,280.11,No,Debit Card,Failed,Delivered
ORD100197,2025-11-03,CUST1779,Laptop,Electronics,South,Chennai,2,59922.68,119845.36,30.0,45944.96,418.17,No,Cash,Pending,Delivered
ORD104885,2025-04-13,CUST1682,Desk,Furniture,South,Hyderabad,1,11949.23,11949.23,5.0,9099.71,204.03,No,UPI,Paid,Delivered
 ORD101140 ,2025-04-10,CUST1039,Blender,Home Appliances,West,Pune,1,3233.04,3233.04,0.0,2245.07,485.38,No,UPI,Paid,Delivered
ORD101021,2025-03-19,CUST1568,T-Shirt,Fashion,North,Jaipur,5,901.76,4508.8,15.0,739.02,130.29,No,Credit Card,Paid,Cancelled
ORD102475,2025-06-21,CUST1371,Office Chair,Furniture,West,Mumbai,1,7836.31,7836.31,30.0,6031.32,337.18,No,Debit Card,Pending,Delivered
ORD105331,2026-05-05,CUST1765,Headphones,Electronics,North,Delhi,2,3810.89,7621.78,10.0,2110.83,310.03,No,Credit Card,Paid,Cancelled
ORD101818,2025-09-07,CUST1544,Jacket,Fashion,North,Jaipur,1,4882.62,4882.62,10.0,4253.1,42.59,No,Credit Card,Pending,Delivered
ORD104780,2025-05-26,CUST1778,Smartwatch,Electronics,North,,4,6320.12,25280.48,25.0,4752.78,107.96,No,UPI,Paid,Cancelled
ORD105543,2025-06-23,CUST1737,Jacket,Fashion,South,Chennai,1,4342.13,4342.13,30.0,3275.7,94.61,No,UPI,Paid,Cancelled
ORD102943,2025-02-26,CUST1045,T-Shirt,Fashion,East,Bhubaneswar,2,793.24,1586.48,15.0,601.18,401.6,No,Net Banking,Pending,Delivered
ORD101864,2025-08-09,CUST1223,Tablet,Electronics,West,Mumbai,1,22837.51,22837.51,25.0,16540.95,53.71,No,Credit Card,Paid,Cancelled
ORD104451,2025-04-04,CUST1214,Blender,Home Appliances,East,Bhubaneswar,3,3298.86,9896.58,20.0,2494.4,84.31,No,UPI,Pending,Delivered
ORD104158,2025-05-07,CUST1186,Mixer,Home Appliances,North,Delhi,2,4170.04,8340.08,0.0,2315.67,369.4,No,Debit Card,Paid,Cancelled
ORD104708,2026-03-28,CUST1522,Microwave,Home Appliances,North,Delhi,2,12039.18,24078.36,20.0,8518.05,224.14,No,Debit Card,Paid,Delivered
ORD100713,2025-11-03,CUST1154,Backpack,Accessories,South,Bengaluru,2,1555.21,3110.42,15.0,977.73,473.24,No,Net Banking,Failed,Delivered
ORD100970,2025-02-02,CUST1023,Coffee Maker,Home Appliances,North,Delhi,2,5845.3,11690.6,10.0,4038.78,295.16,Yes,Net Banking,Paid,Returned
ORD102105,2025-03-26,CUST1592,Office Chair,Furniture,South,Bengaluru,1,8614.65,8614.65,30.0,4803.3,104.97,No,Net Banking,Paid,Delivered
ORD103750,2026-07-26,CUST1659,Backpack,electronics,North,,1,1955.83,1955.83,5.0,1174.11,460.72,Yes,UPI,Paid,Returned
ORD103932,2025-04-05,CUST1233,Mixer,Home Appliances,Central,Nagpur,3,4113.86,12341.58,0.0,2425.73,199.2,No,Cash,Paid,Delivered
ORD103774,2026-01-01,CUST1093,Microwave,Home Appliances,South,Hyderabad,2,12565.28,25130.56,15.0,7273.25,275.93,Yes,Debit Card,Pending,Returned
ORD101188,2025-08-18,CUST1723,Smartwatch,Electronics,East,Bhubaneswar,2,6600.52,13201.04,25.0,3717.38,260.35,No,Debit Card,Failed,Delivered
ORD105461,2025-01-03,CUST1476,Jacket,Fashion,East,Bhubaneswar,5,4374.59,21872.95,30.0,3615.01,235.71,No,Credit Card,Paid,Delivered
ORD101446,2025-07-26,CUST1697,Blender,Home Appliances,Central,Nagpur,3,3254.11,9762.33,20.0,2298.29,403.68,No,Credit Card,Paid,Delivered
ORD105674,2025-01-19,CUST1729,Bookshelf,Furniture,Central,Nagpur,2,7265.36,14530.72,5.0,5000.54,282.06,No,UPI,Failed,Delivered
ORD100716,2026-04-02,CUST1795,T-Shirt,Fashion,Central,Nagpur,1,1012.49,1012.49,15.0,802.21,210.71,No,Cash,Paid,Delivered
ORD101675,2025-12-30,CUST1624,Tablet,Electronics,Central,Bhopal,1,21669.31,21669.31,25.0,17987.33,145.74,No,Debit Card,Paid,Delivered
ORD100986,2025-07-05,CUST1682,Backpack,Accessories,East,Bhubaneswar,1,1905.12,1905.12,20.0,1308.53,77.88,No,Net Banking,Paid,Cancelled
ORD104236,2026-01-04,CUST1667,Shoes,Fashion,East,Kolkata,2,3384.01,6768.02,25.0,2225.77,408.92,No,Debit Card,Paid,Delivered
ORD103352,2025-01-18,CUST1069,Bookshelf,Furniture,West,Pune,4,6683.29,26733.16,20.0,4009.44,492.81,Yes,Credit Card,Paid,Returned
ORD101923,2025-06-22,CUST1322,Tablet,Electronics,Central,Indore,1,20898.99,20898.99,10.0,15696.21,320.37,No,Cash,Failed,Cancelled
ORD105053,2025-01-02,CUST1289,T-Shirt,Fashion,East,Bhubaneswar,2,817.31,1634.62,5.0,627.26,97.62,No,UPI,Paid,Cancelled
ORD101111,2025-10-12,CUST1484,Smartwatch,Electronics,North,Lucknow,1,6560.18,6560.18,30.0,5052.53,452.09,No,Cash,Paid,Delivered
ORD100377,2026-07-04,CUST1582,Jacket,Fashion,Central,Indore,2,5021.22,10042.44,15.0,3278.51,96.17,Yes,UPI,Pending,Returned
ORD103980,2025-06-08,CUST1406,Headphones,Electronics,South,Bengaluru,1,3663.15,3663.15,15.0,2830.5,488.24,No,Cash,Pending,Delivered
ORD105236,2025-08-08,CUST1738,Mixer,Home Appliances,Central,Indore,5,4393.35,21966.75,30.0,3684.5,377.18,Yes,Debit Card,Paid,Returned
ORD100499,2025-01-30,CUST1725,Office Chair,Elec,East,Kolkata,2,9555.16,19110.32,20.0,5560.24,371.41,No,UPI,Paid,Delivered
ORD103814,2026-05-02,CUST1619,Jacket,Fashion,North,Lucknow,2,4630.91,9261.82,0.0,3109.76,435.14,No,Debit Card,Paid,Delivered
ORD105312,2025-07-31,CUST1453,Office Chair,Furniture,West,Mumbai,1,7859.15,7859.15,25.0,5101.19,78.67,No,Net Banking,Paid,Delivered
ORD101279,2026-05-10,CUST1622,Jacket,Fashion,West,Pune,1,4624.8,4624.8,10.0,4062.46,224.19,No,Cash,Paid,Delivered
ORD100144,2026-01-08,CUST1564,T-Shirt,Fashion,North,Jaipur,2,1015.3,2030.6,30.0,624.47,260.42,No,Debit Card,Failed,Delivered
 ORD103431 ,2025-09-07,CUST1105,Microwave,Home Appliances,West,Mumbai,2,10035.61,20071.22,10.0,8581.82,unknown,No,UPI,Paid,Delivered
ORD103082,2025-11-13,CUST1286,Shoes,Fashion,West,Pune,2,3178.11,6356.22,15.0,"2,155.17",450.87,No,Cash,Pending,Delivered
ORD104462,2026-05-25,CUST1394,Desk,Furniture,Central,Bhopal,2,11606.84,23213.68,30.0,8376.73,398.22,No,Credit Card,Paid,Cancelled
ORD104230,2026-02-22,CUST1219,Tablet,Electronics,South,Bengaluru,4,22388.69,89554.76,0.0,18597.97,64.46,Yes,Credit Card,Paid,Returned
ORD100237,2026-07-01,CUST1696,Office Chair,Furniture,North,Bhubaneswar,1,9519.84,9519.84,5.0,unknown,336.46,No,UPI,Paid,Delivered
ORD103271,2025-02-14,CUST1565,Desk,Furniture,East,Kolkata,5,10553.06,52765.3,15.0,9181.77,435.97,No,UPI,Paid,Cancelled
ORD102598,2025-10-17,CUST1209,Mixer,Electronics,North,Lucknow,1,4270.66,4270.66,0.0,2394.12,238.51,No,Cash,Failed,Cancelled
ORD105812,2025-02-14,CUST1532,Blender,Home Appliances,South,Chennai,4,2771.2,11084.8,15.0,2421.75,125.92,No,Net Banking,Paid,Delivered
ORD104333,2025-12-25,CUST1652,Headphones,Electronics,North,Lucknow,1,3078.32,3078.32,10.0,2267.52,179.82,No,Credit Card,Paid,Delivered
ORD102333,2026-06-08,CUST1053,Laptop,Electronics,West,Ahmedabad,1,52428.7,52428.7,30.0,42818.55,227.37,No,Net Banking,Failed,Delivered
ORD104636,2025-11-13,CUST1402,Headphones,Electronics,West,Ahmedabad,4,3739.99,14959.96,0.0,2960.49,74.92,No,UPI,Paid,Delivered
ORD104900,2025-03-03,CUST1005,Tablet,Electronics,West,Ahmedabad,2,19393.55,38787.1,0.0,14753.64,80.12,No,Debit Card,Paid,Cancelled
ORD101145,2025-09-27,CUST1061,T-Shirt,Fashion,South,Bengaluru,4,976.32,3905.28,25.0,586.58,213.34,No,Net Banking,Pending,Delivered
ORD100639,2026-04-15,CUST1716,Microwave,Home Appliances,West,Ahmedabad,2,11365.41,22730.82,5.0,7328.3,275.22,No,Credit Card,Failed,Cancelled
ORD104401,2025-03-07,CUST1270,Microwave,Home Appliances,South,Bengaluru,2,11430.75,22861.5,10.0,6906.4,320.66,No,Net Banking,Paid,Delivered
ORD103644,2026-04-05,CUST1425,Headphones,Electronics,East,Kolkata,1,3792.74,3792.74,5.0,3317.71,91.26,No,UPI,Paid,Delivered
ORD105511,2025-08-01,CUST1503,Headphones,Electronics,North,Lucknow,1,2985.66,2985.66,30.0,1755.36,160.51,No,Net Banking,Paid,Delivered
ORD105701,2026-04-23,,Tablet,Electronics,North,Lucknow,2,18837.18,37674.36,10.0,14697.85,366.81,No,Net Banking,Failed,Delivered
ORD103579,2025-10-14,CUST1087,Bookshelf,Furniture,East,Bhubaneswar,1,5740.92,5740.92,5.0,4012.75,391.72,No,UPI,Paid,Cancelled
ORD102953,2025-03-26,CUST1041,Bookshelf,Furniture,North,Lucknow,5,6984.01,34920.05,25.0,3887.63,53.62,Yes,Credit Card,Paid,Returned
ORD105375,2025-01-11,CUST1454,Desk,Furniture,North,Lucknow,3,13598.29,40794.87,0.0,10523.46,53.93,No,Debit Card,Failed,Delivered
ORD101453,2025-09-23,CUST1168,Mixer,Home Appliances,North,Delhi,1,4159.45,4159.45,20.0,3590.77,45.16,No,Credit Card,Paid,Cancelled
ORD105415,2026-01-31,CUST1481,Desk,Furniture,East,Bhubaneswar,1,12788.53,12788.53,10.0,10509.66,228.63,No,UPI,Pending,Cancelled
ORD105805,2025-05-07,CUST1456,Jacket,Fashion,North,Jaipur,1,4797.49,4797.49,10.0,2966.85,215.81,No,UPI,Paid,Delivered
ORD104000,2026-03-03,CUST1116,Headphones,Electronics,South,Hyderabad,1,3917.41,3917.41,20.0,2817.84,425.02,No,Net Banking,Paid,Delivered
ORD100889,2025-08-02,CUST1150,Blender,Home Appliances,West,Ahmedabad,1,3056.37,3056.37,5.0,2006.98,186.6,No,Cash,Failed,Cancelled
ORD104090,2026-05-08,CUST1357,Shoes,Fashion,East,Bhubaneswar,1,3279.53,3279.53,30.0,1851.85,355.24,No,Credit Card,Pending,Cancelled
ORD102537,2026-04-26,CUST1524,Headphones, Electronics ,North,Lucknow,1,3091.63,3091.63,25.0,2110.21,297.06,Yes,Cash,Failed,Returned
ORD101480,2025-07-05,CUST1591,Microwave,Home Appliances,West,Mumbai,4,11550.3,46201.2,25.0,8685.78,107.27,No,UPI,Pending,Delivered
ORD103921,2025-01-27,CUST1673,Smartphone,Electronics,North,Lucknow,3,31431.19,94293.57,5.0,19707.64,193.44,No,Net Banking,Paid,Cancelled
ORD101513,2025-04-03,CUST1286,T-Shirt,Fashion,East,Patna,1,883.54,883.54,10.0,599.85,257.09,No,UPI,Paid,Cancelled
ORD100653,2025-02-16,CUST1094,Tablet,Electronics,East,Patna,2,20121.37,40242.74,30.0,13587.31,387.33,No,Net Banking,Pending,Cancelled
ORD103406,2025-09-06,CUST1035,Microwave,Home Appliances,Central,Indore,1,12383.51,12383.51,20.0,8671.0,383.25,No,Net Banking,Pending,Cancelled
ORD103372,2025-12-09,CUST1707,Jacket,Fashion,North,Delhi,1,4678.75,4678.75,0.0,3338.2,365.51,No,UPI,Pending,Delivered
ORD100630,2026-03-14,CUST1538,Laptop,Electronics,North,Jaipur,5,60077.09,300385.45,20.0,33868.01,422.09,No,UPI,Paid,Cancelled
ORD102922,2026-04-20,CUST1524,T-Shirt,Fashion,West,Mumbai,1,968.33,968.33,10.0,736.69,250.33,Yes,UPI,Paid,Returned
ORD104911,2025-10-12,CUST1754,Backpack,Accessories,Central,Nagpur,1,2037.46,2037.46,15.0,1423.73,439.51,No,Cash,Paid,Cancelled
ORD105912,2026-05-08,CUST1260,Blender,Home Appliances,West,Ahmedabad,1,3260.25,3260.25,25.0,2154.33,113.33,No,UPI,Paid,Delivered
ORD101803,2025-11-14,CUST1203,T-Shirt,Fashion,East,Patna,4,779.07,3116.28,20.0,488.46,335.47,No,Debit Card,Paid,Delivered
ORD104887,2025-10-14,CUST1683,Coffee Maker,Home Appliances,East,Patna,2,5156.3,10312.6,20.0,3544.41,443.66,No,UPI,Failed,Delivered
ORD100785,2025-11-07,CUST1601,Desk,Furniture,South,Hyderabad,1,11174.43,11174.43,20.0,9318.17,475.06,No,Credit Card,Pending,Delivered
ORD104829,2025-07-14,CUST1026,Headphones,Electronics,South,Hyderabad,4,3889.98,15559.92,25.0,2195.75,205.51,No,Net Banking,Paid,Delivered
ORD103060,2025-01-27,CUST1072,Headphones,Electronics,North,Lucknow,4,3712.61,14850.44,25.0,3111.41,411.57,No,Cash,Paid,Delivered
ORD103277,2026-02-26,CUST1197,Jacket,Fashion,South,Bengaluru,2,4646.05,9292.1,10.0,3598.84,172.91,Yes,Credit Card,Pending,Returned
ORD101103,2025-06-30,CUST1693,Tablet,Electronics,West,Mumbai,2,19499.14,38998.28,20.0,15620.02,67.57,Yes,Debit Card,Paid,Returned
ORD104662,2025-02-26,CUST1154,Coffee Maker,Home Appliances,East,Kolkata,4,5221.02,20884.08,15.0,3238.64,331.54,Yes,UPI,Failed,Returned
ORD103513,2026-06-02,CUST1749,Laptop,Electronics,South,Bengaluru,1,61924.59,61924.59,15.0,35006.82,118.47,No,Debit Card,Paid,Delivered
ORD101164,2026-05-08,CUST1319,Backpack,Accessories,West,Ahmedabad,2,1706.3,3412.6,0.0,1281.2,110.22,No,Net Banking,Failed,Delivered
ORD101611,2025-12-02,CUST1411,Shoes,Fashion,Central,Nagpur,2,3412.16,6824.32,10.0,2897.19,91.65,No,Debit Card,Paid,Cancelled
ORD105517,2025-10-20,CUST1080,Smartwatch,Electronics,South,Hyderabad,1,7492.98,7492.98,25.0,6275.91,390.76,Yes,Net Banking,Paid,Returned
ORD104664,2025-04-11,CUST1215,T-Shirt,Fashion,East,Patna,1,958.72,958.72,15.0,843.22,86.58,No,Credit Card,Failed,Delivered
ORD102037,2025-01-15,CUST1106,Office Chair,Furniture,South,Chennai,1,9191.78,9191.78,20.0,5410.25,422.36,No,Credit Card,Paid,Delivered
ORD100825,19/06/2026,CUST1302,Bookshelf,Furniture,North,Jaipur,4,6462.31,25849.24,5.0,3724.84,81.32,No,Credit Card,Failed,Cancelled
ORD100095,2026-06-22,CUST1047,Laptop,Electronics,Central,Bhopal,3,57264.32,171792.96,0.0,48566.45,337.47,No,UPI,Paid,Delivered
ORD101351,2025-03-12,CUST1175,Smartwatch,Electronics,South,Chennai,2,7463.41,14926.82,15.0,4563.8,207.38,Yes,Debit Card,Paid,Returned
ORD104318,2026-07-09,CUST1269,Office Chair,Furniture,North,Delhi,3,8574.61,25723.83,0.0,6631.71,162.68,No,Net Banking,Paid,Cancelled
ORD101142,2025-07-04,CUST1522,Headphones,Electronics,West,Pune,3,3583.23,10749.69,10.0,2763.34,N/A,No,UPI,Paid,Cancelled
ORD103244,2026-01-27,CUST1490,Jacket,Fashion,South,Chennai,1,3909.94,3909.94,0.0,2451.93,262.65,No,Debit Card,Failed,Delivered
ORD102089,2026-06-06,CUST1225,Shoes,Fashion,Central,Nagpur,2,2868.73,5737.46,20.0,2071.24,411.01,Yes,Debit Card,Paid,Returned
ORD100899,2026-03-02,CUST1468,T-Shirt,Fashion,East,Bhubaneswar,4,955.06,3820.24,10.0,,333.25,No,Credit Card,Failed,Delivered
ORD100249,2026-02-01,CUST1100,Headphones,Electronics,South,Hyderabad,5,3362.14,16810.7,15.0,1852.37,435.12,No,Credit Card,Paid,Delivered
ORD103796,2025-07-18,CUST1292,Backpack,Accessories,South,Hyderabad,3,1958.72,5876.16,20.0,1203.79,412.61,No,Credit Card,Paid,Cancelled
ORD104557,2025-02-09,CUST1243,Tablet,Electronics,West,Mumbai,1,21163.04,21163.04,0.0,18363.96,166.4,No,Net Banking,Paid,Cancelled
ORD102682,2026-03-20,CUST1388,Mixer,Home Appliances,North,Delhi,4,4826.4,19305.6,20.0,3721.95,335.11,No,Credit Card,Paid,Cancelled
ORD105396,2025-10-10,CUST1628,Tablet,Electronics,South,Bengaluru,2,19948.34,39896.68,5.0,16774.19,253.67,No,Credit Card,Pending,Delivered
ORD102231,2025-08-22,CUST1181,Coffee Maker,Home Appliances,West,Ahmedabad,5,5713.94,28569.7,25.0,4986.6,496.92,No,Net Banking,Paid,Cancelled
ORD104968,14/04/2026,CUST1437,Backpack,Accessories,South,Chennai,4,2006.35,8025.4,10.0,1335.62,89.58,No,Debit Card,Pending,Delivered
ORD103956,2026-04-27,CUST1601,Jacket,Fashion,South,Chennai,2,4838.41,9676.82,5.0,3941.45,65.08,No,Credit Card,Pending,Delivered
ORD102341,2025-08-28,CUST1074,Laptop,Electronics,West,Ahmedabad,1,51196.83,51196.83,25.0,34124.4,434.61,Yes,Net Banking,Pending,Returned
ORD100491,2026-05-25,CUST1063,Coffee Maker,Home Appliances,West,Mumbai,1,5343.5,5343.5,5.0,4352.85,239.88,No,Credit Card,Paid,Delivered
ORD103231,2025-04-10,CUST1657,Microwave,Home Appliances,East,Patna,1,10144.95,10144.95,15.0,8682.21,428.02,Yes,Net Banking,Failed,Returned
ORD102775,2026-07-03,CUST1593,T-Shirt,Fashion,East,Patna,4,809.93,3239.72,20.0,621.73,457.64,No,Cash,Paid,Delivered
ORD102972,2026-07-28,CUST1020,Office Chair,Furniture,Central,Indore,1,9839.82,9839.82,15.0,6294.42,218.01,No,Credit Card,Paid,Delivered
ORD104219,2025-01-18,CUST1748,Blender,Home Appliances,West,Ahmedabad,3,3060.02,9180.06,10.0,2385.43,99.22,No,Debit Card,Paid,Delivered
ORD102332,2025-06-10,CUST1427,Smartwatch,Electronics,South,Hyderabad,2,7886.79,15773.58,25.0,5128.81,215.5,Yes,UPI,Paid,Returned
ORD101561,2026-04-10,CUST1355,Coffee Maker,Home Appliances,South,Chennai,1,5716.0,5716.0,30.0,5027.53,132.54,No,Credit Card,Pending,Delivered
ORD101149,2026-06-27,CUST1007,Tablet,Electronics,West,,2,19151.12,38302.24,,15979.68,469.56,No,Credit Card,Paid,Delivered
ORD103918,2025-09-15,CUST1546,Microwave,Home Appliances,Central,Nagpur,2,12100.05,24200.1,30.0,9712.05,84.03,No,Net Banking,Failed,Delivered
ORD104657,2026-06-22,,Laptop,Electronics,South,Hyderabad,1,53169.05,53169.05,15.0,41069.19,141.07,No,UPI,Failed,Delivered
ORD101697,2026-03-21,CUST1149,Coffee Maker,Home Appliances,Central,Bhopal,3,6186.4,18559.2,10.0,5136.29,103.73,Yes,Cash,Failed,Returned
ORD102154,2026-01-20,CUST1637,Laptop,Electronics,Central,Indore,5,57904.03,289520.15,15.0,,231.19,No,UPI,Paid,Delivered
ORD100695,2025-05-27,CUST1122,Backpack,Accessories,Central,Nagpur,1,1949.76,1949.76,10.0,1284.26,59.41,No,Net Banking,Paid,Cancelled
ORD103524,2025-08-31,CUST1488,Smartwatch,Electronics,Central,Bhopal,3,7953.34,23860.02,5.0,5840.54,107.66,No,Debit Card,Paid,Delivered
ORD101950,2025-04-16,,Bookshelf,Furniture,East,Kolkata,2,6529.87,13059.74,15.0,4598.98,427.33,No,Debit Card,Pending,Delivered
ORD104800,2025-12-28,CUST1572,Mixer,Home Appliances,West,Mumbai,2,4041.79,8083.58,15.0,2569.98,197.67,No,Cash,Paid,Delivered
ORD102108,2025-07-30,CUST1097,Coffee Maker,Home Appliances,Central,Nagpur,2,5061.59,10123.18,25.0,4215.16,415.25,Yes,Debit Card,Pending,Returned
ORD102298,2026-03-13,CUST1039,Headphones,Electronics,South,Bengaluru,4,3250.09,13000.36,10.0,2623.51,335.62,No,Credit Card,Paid,Delivered
ORD102202,2025-01-21,CUST1316,Backpack,Accessories,Central,Bhopal,1,2064.11,"2,064.11",25.0,1533.68,79.64,No,Credit Card, PAID ,Delivered
ORD102019,2026-05-02,CUST1345,Microwave,Home Appliances,East,Bhubaneswar,4,10232.96,40931.84,30.0,8034.37,231.4,No,Net Banking,Failed,Delivered
ORD104928,2026-05-23,CUST1064,Coffee Maker,Home Appliances,East,Patna,1,4824.27,4824.27,15.0,2939.0,120.09,No,Credit Card,Paid,Delivered
ORD105458,2025-04-29,CUST1779,Shoes,Fashion,West,Ahmedabad,1,3017.94,3017.94,10.0,2075.6,415.34,No,Cash,Paid,Delivered
ORD105421,2025-01-11,CUST1700,Mixer,Home Appliances,West,Pune,3,3741.11,11223.33,25.0,2336.1,449.22,No,Cash,Pending,Delivered
ORD100357,2026-04-02,CUST1615,T-Shirt,Fashion,West,Ahmedabad,4,811.58,3246.32,10.0,646.74,298.18,No,Credit Card,Failed,Cancelled
ORD104915,2025-12-31,CUST1005,Backpack,Accessories,Central,Indore,1,1723.55,1723.55,30.0,1365.08,278.21,No,Credit Card,Paid,Delivered
ORD101558,2025-08-28,CUST1598,Microwave,Home Appliances,South,,3,10080.52,30241.56,0.0,8810.21,376.24,No,Credit Card,Failed,Delivered
ORD100310,2026-06-26,CUST1057,Headphones,Electronics,North,Jaipur,4,3448.86,13795.44,10.0,2830.82,226.1,No,Debit Card,Paid,Delivered
ORD101307,2026-07-10,CUST1518,Office Chair,Furniture,East,Patna,2,7829.88,15659.76,0.0,6650.63,161.42,No,Net Banking,Paid,Delivered
ORD103319,2026-01-25,CUST1364,Smartwatch,Electronics,East,Bhubaneswar,1,6512.64,6512.64,20.0,4248.21,N/A,No,Net Banking,Paid,Cancelled
ORD100127,2025-06-01,CUST1562,Laptop,Electronics,west,Nagpur,4,53612.47,214449.88,15.0,40611.04,378.26,No,Debit Card,Paid,Cancelled
ORD105304,2025-04-07,CUST1721,Office Chair,Furniture,East,Kolkata,3,8379.66,25138.98,0.0,4862.86,72.99,No,Credit Card,Failed,Delivered
ORD100103,2025-08-06,CUST1753,Jacket,Fashion,West,Pune,2,4702.02,9404.04,20.0,3874.99,95.36,Yes,Debit Card,Failed,Returned
ORD100659,2025-02-02,CUST1793,Jacket,electronics,Central,Bhopal,4,4336.66,17346.64,15.0,3488.89,57.85,No,UPI,Paid,Cancelled
ORD103686,2026-04-16,CUST1208,Bookshelf,Furniture,West,Pune,4,6336.62,25346.48,30.0,4094.04,139.64,No,Debit Card,Paid,Delivered
ORD103565,2026-05-24,CUST1556,Laptop,Electronics,South,Hyderabad,1,55308.19,55308.19,30.0,37957.61,293.01,Yes,Cash,Paid,Returned
ORD104002,2026-02-19,CUST1455,Bookshelf,Furniture,Central,Indore,1,6522.46,6522.46,25.0,4892.72,222.39,No,UPI,Failed,Cancelled
ORD104764,2025-08-07,CUST1183,Smartwatch,Electronics,Central,Bhopal,1,7386.24,7386.24,5.0,4256.68,87.59,No,Debit Card,Paid,Delivered
ORD101530,2025-07-22,CUST1267,Shoes,Fashion,South,Chennai,3,3052.53,9157.59,0.0,2617.96,164.95,No,Net Banking,Pending,Delivered
ORD102712,2026-03-20,CUST1774,Mixer,Home Appliances,North,Delhi,2,3837.48,7674.96,10.0,2225.36,199.69,Yes,Credit Card,Paid,Returned
ORD104229,2025-01-22,CUST1041,Smartphone,Electronics,North,Delhi,2,24696.52,49393.04,25.0,15442.33,99.95,No,UPI,Failed,Cancelled
ORD104139,2025-07-11,CUST1616,Desk,Furniture,Central,Indore,1,11826.15,11826.15,25.0,8585.19,365.33,No,Credit Card,Paid,Delivered
ORD103979,2025-07-16,CUST1260,Backpack,Accessories,Central,Indore,4,1924.25,7697.0,10.0,1109.35,381.2,No,Net Banking,Paid,Delivered
ORD104009,2025-03-10,CUST1556,Tablet,Electronics,West,Mumbai,1,24736.85,24736.85,20.0,21220.75,489.55,No,Cash,Paid,Delivered
ORD104316,2026-07-09,CUST1402,Coffee Maker,Home Appliances,North,Jaipur,3,6073.68,18221.04,20.0,3613.72,97.14,No,Credit Card,Paid,Delivered
ORD102261,2026-05-07,CUST1642,Office Chair,Furniture,East,Kolkata,2,10115.92,20231.84,5.0,8046.41,442.91,Yes,Net Banking,Paid,Returned
ORD105661,2025-06-29,CUST1555,Smartwatch,Electronics,East,Patna,4,7644.28,30577.12,10.0,5968.62,234.69,No,Credit Card,Paid,Delivered
ORD101740,2025-12-20,CUST1796,Mixer,Home Appliances,South,Hyderabad,2,3900.56,7801.12,25.0,2810.59,449.04,No,Debit Card,Failed,Delivered
ORD103400,2025-12-15,CUST1025,Smartwatch,Electronics,South,Chennai,1,6667.5,6667.5,15.0,4193.42,418.88,No,UPI,Paid,Cancelled
ORD104028,2026-06-27,CUST1156,Smartwatch,Electronics,South,Bengaluru,3,8025.03,24075.09,0.0,5289.62,40.01,No,Debit Card,Pending,Delivered
ORD103420,2025-04-06,CUST1197,Coffee Maker,Home Appliances,East,Bhubaneswar,4,5010.76,20043.04,25.0,3255.92,219.21,No,Credit Card,Paid,Cancelled
ORD105161,2026-03-31,CUST1750,Smartwatch,Electronics,Central,Bhopal,3,7208.87,21626.61,15.0,4871.66,445.42,No,UPI,Paid,Delivered
ORD101003,2025-10-23,CUST1647,Jacket,Fashion,Central,Bhopal,1,4070.04,4070.04,10.0,3243.93,241.08,No,UPI,Paid,Cancelled
ORD101388,2026-01-12,CUST1333,Microwave,Home Appliances,North,Lucknow,5,11122.79,55613.95,30.0,6702.11,104.78,No,UPI,Paid,Delivered
ORD102495,2025-12-04,CUST1542,Tablet,Electronics,South,Bengaluru,2,20314.09,40628.18,5.0,16274.39,259.15,Yes,,Paid,Returned
ORD105597,2025-07-29,CUST1316,Desk,Furniture,North,Lucknow,1,11528.03,11528.03,25.0,7757.07,183.89,No,Cash,Paid,Cancelled
ORD105127,2026-04-25,CUST1308,Smartphone,Electronics,East,Kolkata,1,31439.57,31439.57,25.0,19824.46,307.75,No,Cash,Pending,Cancelled
ORD102041,2025-07-28,CUST1099,Backpack,Accessories,East,Bhubaneswar,1,2062.69,2062.69,0.0,1775.82,351.25,No,Cash,Pending,Delivered
ORD101183,2026-03-19,CUST1753,Headphones,Electronics,East,Patna,2,3675.21,7350.42,25.0,2900.4,67.38,No,Net Banking,Paid,Delivered
ORD104461,2025-08-25,CUST1595,smartphone,Furniture,West,Ahmedabad,4,7016.67,28066.68,0.0,5594.87,283.54,No,Cash,Paid,Delivered
ORD102863,2025-10-10,CUST1760,Desk,Furniture,South,Chennai,5,13420.06,67100.3,15.0,7853.08,417.89,No,Cash,Failed,Delivered
ORD105902,2025-03-22,CUST1691,Backpack,Electronics,East,Patna,1,1715.54,1715.54,0.0,1174.01,60.18,No,Cash,Failed,Delivered
ORD101838,2026-07-15,CUST1248,Backpack,Accessories,West,Ahmedabad,1,1725.24,1725.24,20.0,979.58,324.14,No,Cash,Pending,Delivered
ORD101916,2025-05-17,CUST1779,Bookshelf,Furniture,South,Hyderabad,1,6422.74,6422.74,10.0,4807.37,224.58,No,Credit Card,Paid,Cancelled
ORD101494,2026-07-19,CUST1600,Jacket,Fashion,North,Jaipur,2,4287.95,8575.9,10.0,3066.26,433.03,No,Credit Card,Pending,Delivered
ORD103854,2026-01-03,CUST1379,Office Chair,Furniture,North,Delhi,1,8692.77,8692.77,25.0,5213.52,196.78,Yes,Cash,Failed,Returned
ORD101150,2026-03-17,CUST1038,Headphones,Electronics,East,Bhubaneswar,5,3641.78,18208.9,20.0,2156.5,42.29,No,UPI,Paid,Delivered
ORD101284,12/06/2026,CUST1202,Blender,Home Appliances,North,Lucknow,1,2569.76,2569.76,30.0,1973.93,344.26,No,Credit Card,Failed,Delivered
ORD101598,2025-09-23,CUST1308,Office Chair,Furniture,North,Lucknow,3,7665.92,22997.76,15.0,6406.45,241.67,No,UPI,Paid,Delivered
ORD105352,2025-08-14,CUST1538,Blender,Home Appliances,West,Pune,4,2662.68,10650.72,5.0,2235.7,432.3,No,Cash,Pending,Delivered
ORD101313,2026-05-28,CUST1781,Headphones,Electronics,East,Bhubaneswar,5,3776.55,18882.75,0.0,3150.92,,No,Net Banking,Paid,Delivered
ORD105652,2025-07-18,CUST1116,Backpack,Accessories,Central,Indore,1,1917.75,1917.75,0.0,1520.52,494.39,No,UPI,Failed,Delivered
ORD101958,2026-07-14,CUST1171,Smartphone,Electronics,East,Bhubaneswar,4,26169.74,104678.96,20.0,15479.93,267.5,No,UPI,Pending,Delivered
ORD103170,2026-05-09,CUST1371,Bookshelf,Furniture,Central,Nagpur,2,5843.62,11687.24,10.0,3718.61,152.49,No,Net Banking,Paid,Delivered
ORD104578,02/08/2025,CUST1742, LAPTOP ,Fashion,Central,Bhopal,2,4270.21,8540.42,25.0,3118.55,145.63,No,Cash,Failed,Delivered
ORD102594,2025-08-28,CUST1311,Smartphone,Electronics,North,Delhi,3,28316.49,84949.47,,19103.01,202.22,No,UPI,Pending,Delivered
ORD102127,2025-02-03,CUST1212,T-Shirt,Fashion,Central,Nagpur,1,855.57,855.57,10.0,701.45,470.36,No,Net Banking,Paid,Cancelled
ORD105833,2025-03-03,CUST1127,Blender,Home Appliances,West,Mumbai,1,3076.04,3076.04,15.0,2685.68,407.35,No, UPI ,Pending,Delivered
ORD104879,2026-04-05,CUST1514,Shoes,Fashion,North,Jaipur,2,2911.42,5822.84,25.0,1944.21,79.7,No,Cash,Paid,Delivered
ORD100902,2025-01-27,CUST1068,Shoes,Fashion,Central,Bhopal,5,3245.71,16228.55,0.0,1800.35,110.57,No,Net Banking,Paid,Cancelled
ORD104831,2025-11-01,CUST1748,Backpack,Accessories,East,,1,1722.29,1722.29,25.0,1333.18,478.0,No,UPI,Pending,Delivered
ORD101778,2025-12-09,CUST1430,Desk,Furniture,North,Lucknow,1,11536.63,11536.63,30.0,8801.04,305.8,Yes,Net Banking,Paid,Returned
ORD103016,2025-12-12,CUST1413,Smartwatch,Electronics,North,Lucknow,3,6324.56,18973.68,15.0,4397.21,413.52,No,Cash,Paid,Delivered
ORD101363,2026-06-19,CUST1037,Shoes,Fashion,East,Patna,1,2794.43,2794.43,5.0,2434.55,160.6,No,UPI,Failed,Cancelled
ORD102179,08/11/2025,CUST1694,Smartphone,Electronics,South,Hyderabad,4,28041.56,112166.24,15.0,16527.67,340.45,no,Net Banking,Paid,Delivered
ORD104015,2025-10-10,CUST1071,Laptop,Electronics,Central,Bhopal,3,49226.02,147678.06,0.0,36787.35,90.19,No,Net Banking,Paid,Delivered
ORD105607,2025-09-21,CUST1301,Laptop,Electronics,Central,Nagpur,1,62051.73,62051.73,0.0,45053.32,175.79,No,Credit Card,Paid,Delivered
ORD100649,2026-01-13,CUST1156,Mixer,Home Appliances,Central,Nagpur,5,3998.68,19993.4,10.0,2772.86,128.71,No,UPI,Paid,Cancelled
ORD104423,2026-04-13,CUST1433,Jacket,Fashion,South,Hyderabad,2,4704.9,9409.8,10.0,3785.62,289.33,Yes,Cash,Paid,Returned
ORD102272,2025-03-28,CUST1606,Office Chair,Furniture,South,Bengaluru,3,8403.83,25211.49,15.0,4626.84,332.73,No,Cash,Paid,Delivered
ORD103848,2025-08-20,CUST1582,Backpack,Accessories,North,Delhi,1,1859.73,1859.73,15.0,1077.91,116.68,Yes,Debit Card,Failed,Returned
ORD105284,2026-06-12,CUST1758,Blender,Home Appliances,Central,Nagpur,3,2585.44,7756.32,30.0,2231.29,362.65,No,Net Banking,Pending,Delivered
ORD103880,2026-05-12,CUST1670,Blender,Home Appliances,West,Delhi,1,2640.06,2640.06,5.0,1956.82,212.14,Yes,UPI,Paid,Returned
ORD101125,2025-03-07,CUST1460,Jacket,Fashion,East,Patna,2,4948.5,9897.0,15.0,3259.33,80.46,No,Net Banking,Failed,Delivered
ORD104896,2026-07-07,CUST1015,Blender,Home Appliances,South,Bengaluru,1,2863.77,2863.77,15.0,N/A,402.82,No,Credit Card,Paid,Delivered
ORD104035,2025-11-16,CUST1550,Backpack,Accessories,East,Bhubaneswar,3,1566.56,N/A,25.0,1296.88,67.15,No,Net Banking,Failed,Delivered
ORD103132,2026-05-24,CUST1566,Shoes,Fashion,West,Ahmedabad,5,3276.77,16383.85,20.0,2495.53,471.06,No,Credit Card,Paid,Delivered
ORD100300,2025-03-10,CUST1129,Coffee Maker,Home Appliances,Central,Indore,2,5972.76,11945.52,15.0,4594.2,445.58,No,Credit Card,Paid,Cancelled
ORD104356,2026-04-13,CUST1293,Laptop,Electronics,South,Chennai,3,48158.07,144474.21,5.0,40295.92,266.46,No,Cash,Paid,Cancelled
ORD102271,2025-03-08,CUST1176,Laptop,Electronics,North,Jaipur,2,62068.14,124136.28,10.0,52840.58,297.52,No,Debit Card,Paid,Delivered
ORD102304,2025-05-17,CUST1233,Tablet,Electronics,South,Hyderabad,3,23934.96,71804.88,25.0,13956.43,177.05,No,Cash,Failed,Cancelled
ORD101079,2025-06-05,CUST1614,Headphones,Electronics,West,Mumbai,2,3838.92,7677.84,15.0,3001.95,124.03,No,Cash,Paid,Delivered
ORD104957,2025-09-30,CUST1160,Smartphone,Electronics,East,Patna,5,28645.66,143228.3,20.0,18198.32,235.26,No,Cash,Pending,Cancelled
ORD100479,2025-04-20,CUST1180,Microwave,Home Appliances,North,Jaipur,1,11933.9,11933.9,15.0,6981.72,425.24,No,Credit Card,Paid,Delivered
ORD103359,2026-06-23,CUST1342,Laptop,Electronics,South,Chennai,1,54942.68,54942.68,5.0,43822.97,167.81,Yes,UPI,Paid,Returned
ORD100608,2025-08-09,CUST1438,Bookshelf,Furniture,North,Jaipur,2,5672.29,11344.58,25.0,4172.01,294.24,Yes,Debit Card,Pending,Returned
ORD101339,2025-02-08,CUST1697,Smartwatch, Electronics ,North,Lucknow,1,6975.89,6975.89,0.0,4782.21,425.61,No,Debit Card,Paid,Delivered
ORD103259,2026-05-19,CUST1616,Headphones,Electronics,West,Ahmedabad,1,3746.91,3746.91,5.0,,353.14,No,Cash,Failed,Cancelled
ORD105990,2025-11-28,CUST1138,Headphones,Electronics,West,Ahmedabad,1,3204.65,3204.65,5.0,1805.33,113.08,No,Debit Card,Paid,Delivered
ORD100512,2025-04-29,CUST1674,Shoes,Fashion,West,Pune,1,3474.88,3474.88,30.0,2692.42,369.35,No,Credit Card,Failed,Delivered
ORD102967,2025-08-12,CUST1281,Backpack,Accessories,Central,Bhopal,1,1742.63,1742.63,25.0,1413.75,455.83,Yes,Net Banking,Pending,Returned
ORD102459,2026-04-08,CUST1550,Tablet,Electronics,East,Kolkata,5,20216.66,101083.3,25.0,15220.7,222.98,No,UPI,Paid,Delivered
ORD101435,2025-11-11,CUST1434,Coffee Maker,Home Appliances,East,Kolkata,3,5636.33,16908.99,20.0,4509.57,334.95,No,Credit Card,Paid,Delivered
ORD101899,2026-03-08,CUST1130,Blender,Home Appliances,South,Chennai,1,3080.24,3080.24,30.0,2579.14,50.65,No,UPI,Failed,Delivered
ORD101400,2025-08-08,CUST1160,Bookshelf,Furniture,North,,5,6196.14,30980.7,20.0,4592.23,254.65,No,Cash,Paid,Delivered
ORD102310,2026-07-21,CUST1416,T-Shirt,Fashion,West,Ahmedabad,1,829.36,829.36,15.0,718.02,N/A,No,UPI,Failed,Delivered
ORD103911,2025-06-20,CUST1755,Coffee Maker,Home Appliances,East,Patna,2,4802.97,9605.94,5.0,2867.58,225.91,No,Debit Card,Paid,Delivered
ORD103730,2025-10-28,CUST1688,Desk,Furniture,Central,Bhopal,3,12738.51,38215.53,0.0,7452.05,152.81,No,Net Banking,Pending,Delivered
ORD104260,2025-01-12,CUST1356,Headphones,Electronics,North,Lucknow,4,3610.54,14442.16,15.0,3008.15,290.92,No,UPI,Paid,Delivered
ORD102884,2025-04-10,CUST1026,Headphones,Electronics,South,Chennai,5,3460.18,17300.9,30.0,2010.51,45.54,No,Credit Card,Paid,Delivered
ORD104933,2026-05-22,CUST1740,Bookshelf,Furniture,West,Pune,2,7171.8,14343.6,15.0,4915.58,183.03,No,UPI,Paid,Delivered
ORD104092,2025-04-08,CUST1005,Jacket,Fashion,West,Ahmedabad,5,4774.71,23873.55,25.0,2759.01,287.69,No,Debit Card,Paid,Delivered
ORD103052,2025-10-10,CUST1207,Smartphone,Electronics,West,Ahmedabad,2,26166.68,52333.36,5.0,15824.91,81.9,No,Debit Card,Paid,Cancelled
ORD103438,2025-04-20,CUST1100,Mixer,Home Appliances,North,Lucknow,4,4526.63,18106.52,10.0,3058.57,375.4,No,Net Banking,Paid,Delivered
ORD102177,2026-03-08,CUST1739,Smartphone,Electronics,East,Patna,2,30268.1,60536.2,5.0,19145.91,42.19,No,Net Banking,Pending,Cancelled
ORD101814,2025-07-17,CUST1287,Coffee Maker,Home Appliances,East,Kolkata,1,6280.67,6280.67,25.0,3545.25,147.81,No,UPI,Paid,Cancelled
ORD105629,2026-05-01,CUST1668,Mixer,Home Appliances, WEST ,Indore,1,4713.16,4713.16,25.0,4066.09,169.98,No,Cash,Paid,Delivered
ORD105945,2026-05-14,CUST1369,Backpack,Accessories,South,Bengaluru,2,1583.63,3167.26,15.0,1115.57,127.22,Yes,UPI,Pending,Returned
ORD100509,2025-02-07,CUST1511,Mixer,Home Appliances,South,Bengaluru,2,4137.14,unknown,30.0,"3,255.70",211.14,Yes,Debit Card,Paid,Returned
ORD104820,2025-09-06,CUST1037,Tablet,Electronics,North,Delhi,2,22670.95,45341.9,10.0,17727.13,200.34,No,UPI,Paid,Delivered
ORD102503,2025-01-30,CUST1519,Blender,Home Appliances,South,Hyderabad,1,2843.01,2843.01,10.0,2298.23,230.69,No,Debit Card,Pending,Cancelled
ORD101855,2025-05-05,CUST1519,Office Chair,Furniture,West,Ahmedabad,1,8698.25,8698.25,15.0,4793.75,224.82,Yes,Credit Card,Failed,Returned
ORD104609,2026-05-06,CUST1639,Jacket,Fashion,West,Pune,2,4499.54,8999.08,20.0,2855.09,293.85,Yes,Cash,Paid,Returned
ORD100066,2025-06-21,CUST1013,Microwave,Home Appliances,East,Bhubaneswar,4,10937.76,43751.04,10.0,8159.37,209.85,No,Cash,Paid,Delivered
ORD100760,2026-04-01,CUST1588,Coffee Maker,Home Appliances,South,Hyderabad,1,6139.97,6139.97,10.0,4290.77,86.35,No,UPI,Paid,Delivered
ORD101396,13/08/2025,CUST1310,Jacket,Fashion,South,Bengaluru,5,5022.0,25110.0,30.0,3357.24,145.97,No,Net Banking,Failed,Delivered
ORD101621,2025-03-30,CUST1503,Microwave,Home Appliances,North,Lucknow,3,10093.8,30281.4,5.0,N/A,157.08,No,Credit Card,Paid,Cancelled
ORD104706,2026-01-11,CUST1074,Tablet,Electronics,East,Patna,2,21986.57,43973.14,30.0,13003.73,232.44,No,Net Banking,Paid,Delivered
ORD100678,2026-06-22,CUST1685,Bookshelf,Furniture,Central,Bhopal,2,7119.81,14239.62,10.0,4804.84,384.87,Yes,Credit Card,Pending,Returned
ORD104468,2025-12-08,CUST1406,Smartwatch,Electronics,North,Delhi,1,6004.66,6004.66,5.0,3610.81,335.82,No,Credit Card,Paid,Delivered
ORD102158,2025-08-17,CUST1452,Smartphone,Electronics,West,Pune,2,29429.67,58859.34,25.0,22834.9,317.12,No,Credit Card,Pending,Delivered
ORD104284,2025-12-28,CUST1222,Shoes,Fashion,East,Bhubaneswar,5,2874.73,14373.65,25.0,1744.58,309.74,No,Cash,Pending,Delivered
ORD102124,2025-08-03,CUST1367,Mixer,Home Appliances,North,Jaipur,2,4754.93,9509.86,20.0,3866.28,236.48,Yes,UPI,Paid,Returned
ORD102118,2026-03-20,CUST1796,Mixer,Home Appliances,Central,Bhopal,3,4066.56,12199.68,25.0,3195.91,353.09,No,Debit Card,Pending,Delivered
ORD105993,2025-05-08,CUST1619,Bookshelf,Furniture,South,Hyderabad,1,5642.52,5642.52,25.0,3341.41,281.62,Yes,UPI,Paid,Returned
ORD105900,2026-05-30,CUST1456,T-Shirt,Fashion,East,Kolkata,5,980.58,4902.9,10.0,813.47,133.06,No,Credit Card,Failed,Delivered
ORD101152,2026-04-29,CUST1016,Jacket,Fashion,West,Pune,2,4866.94,9733.88,25.0,3527.38,390.65,Yes,UPI,Paid,Returned
ORD101715,2025-01-31,CUST1071,Headphones,Electronics,Central,Nagpur,5,2990.07,14950.35,15.0,1790.3,184.86,No,Credit Card,Paid,Delivered
ORD100242,2025-11-09,CUST1281,Desk,Furniture,Central,Bhopal,4,11013.7,44054.8,0.0,6854.49,55.49,No,UPI,Paid,Delivered
ORD105326,2026-04-09,CUST1610,T-Shirt,Fashion,South,Bengaluru,1,986.98,986.98,10.0,716.71,476.97,Yes,Debit Card,Paid,Returned
ORD100214,2025-03-28,CUST1262,Smartwatch,Electronics,West,Pune,2,7988.61,15977.22,15.0,6899.56,316.3,No,UPI,Paid,Delivered
ORD100452,2025-11-17,CUST1179,Backpack,Accessories,West,Mumbai,1,2021.09,2021.09,20.0,1140.11,437.74,Yes,Debit Card,Failed,Returned
ORD105255,2025-10-18,CUST1382,Headphones,Electronics,North,Lucknow,1,3790.07,3790.07,30.0,2893.86,412.58,No,Net Banking,Paid,Delivered
ORD101379,2025-11-17,CUST1739,Bookshelf,Furniture,Central,Nagpur,2,5581.75,N/A,10.0,"4,330.88",139.89,No,Credit Card,Paid,Delivered
ORD100423,2025-09-06,CUST1550,Office Chair,Furniture,Central,Bhopal,2,9268.11,18536.22,0.0,5656.4,186.76,No,Net Banking,Paid,Delivered
ORD102148,2026-05-03,CUST1213,Coffee Maker,Home Appliances,West,Mumbai,4,5415.9,21663.6,30.0,3314.45,470.01,No,Net Banking,Paid,Delivered
ORD104057,09/04/2025,CUST1631,Desk,Furniture,Central,Bhopal,3,12385.9,37157.7,30.0,10505.23,491.24,No,UPI,Paid,Delivered
ORD105113,2025-07-20,CUST1303,Shoes,Fashion,Central,Indore,5,3450.22,17251.1,20.0,3001.55,369.06,Yes,Debit Card,Paid,Returned
ORD102676,2026-07-17,CUST1228,Jacket,Fashion,South,Chennai,1,5096.46,5096.46,0.0,3322.36,490.23,No,Net Banking,Pending,Delivered
ORD101719,2025-09-19,CUST1693,Jacket,Fashion,East,Bhubaneswar,1,4758.66,4758.66,10.0,2684.65,370.96,No,Debit Card,Paid,Delivered
ORD104171,2026-01-07,CUST1498,Smartwatch,Electronics,West,Pune,1,7293.9,7293.9,10.0,6388.42,308.68,Yes,Net Banking,Pending,Returned
ORD100683,2025-02-15,CUST1504,Blender,Home Appliances,Central,Bhopal,1,3036.68,3036.68,5.0,2567.14,487.14,No,Debit Card,Paid,Cancelled
ORD101505,2025-09-14,CUST1352,Office Chair,Furniture,South,Bengaluru,2,9963.82,19927.64,10.0,6582.01,220.06,No,Net Banking,Paid,Delivered
ORD102178,2026-06-24,CUST1212,Desk,Furniture,West,Mumbai,1,11109.63,11109.63,25.0,8709.33,467.24,No,Debit Card,Paid,Cancelled
ORD101993,2026-07-10,CUST1157,Smartphone,Electronics,West,Pune,1,26521.55,26521.55,5.0,19716.91,474.5,No,Cash,Pending,Delivered
ORD100665,2025-05-06,CUST1306,Microwave,Home Appliances,West,Pune,5,11124.38,55621.9,15.0,7094.99,311.78,No,UPI,Paid,Delivered
ORD101445,2026-04-01,CUST1259,Desk,Furniture,South,Chennai,1,11348.74,11348.74,15.0,8032.36,349.92,No,UPI,Paid,Delivered
ORD101726,2026-07-06,CUST1026,Backpack,Accessories,East,Patna,5,1991.39,9956.95,25.0,1292.78,406.77,No,Net Banking,Failed,Delivered
ORD101230,2026-02-19,CUST1028,Backpack,Accessories,South,Bengaluru,4,1613.15,6452.6,0.0,1079.75,316.63,No,Net Banking,Paid,Delivered
ORD103672,2025-11-23,CUST1566,Smartwatch,Electronics,West,Pune,1,6175.52,6175.52,5.0,5005.01,58.53,Yes,Cash,Failed,Returned
ORD102555,2025-01-20,CUST1210,Blender,Home Appliances,West,Pune,5,3317.48,N/A,0.0,1890.63,166.48,No,Credit Card,Failed,Delivered
ORD104923,2026-04-21,CUST1002,Office Chair,Furniture,East,Patna,2,9946.22,19892.44,25.0,7432.71,77.23,No,Net Banking,Paid,Delivered
ORD102218,2025-09-13,CUST1088,Headphones,Electronics,East,Kolkata,2,3990.9,7981.8,15.0,2722.62,71.46,No,Debit Card,Pending,Delivered
ORD100355,2026-05-18,CUST1203,Smartphone,Electronics,Central,Nagpur,2,31133.36,62266.72,30.0,24311.97,228.99,No,Net Banking,Paid,Cancelled
ORD101319,2026-04-28,CUST1146,Headphones,Electronics,East,Kolkata,1,3486.29,3486.29,5.0,2003.05,49.62,No,Net Banking,Paid,Delivered
ORD101979,2025-05-12,CUST1197,Backpack,Accessories,Central,Indore,1,1723.02,1723.02,30.0,1094.26,357.33,No,Debit Card,Pending,Delivered
 ORD100447 ,2026-05-14,CUST1798,Office Chair,Furniture,Central,Bhopal,1,8849.3,8849.3,30.0,7247.34,443.63,No,Credit Card,Paid,Delivered
ORD102007,2025-04-04,CUST1132,Smartphone,Electronics,South,,1,29733.85,29733.85,5.0,18631.4,116.88,No,Net Banking,Failed,Delivered
ORD103707,2026-06-14,CUST1220,Jacket,Fashion,East,Kolkata,3,4346.59,13039.77,0.0,3072.06,387.13,No,Net Banking,Paid,Delivered
ORD100814,2026-07-18,CUST1572,Jacket,Fashion,Central,Bhopal,4,4694.44,18777.76,20.0,4124.93,122.8,No,Net Banking,Paid,Delivered
ORD102684,2026-03-08,CUST1408,Mixer,Home Appliances,South,Bengaluru,5,4189.06,20945.3,0.0,2605.07,236.0,No,UPI,Pending,Delivered
ORD104152,2026-05-14,CUST1623,Jacket,Fashion,North,Delhi,1,5073.03,5073.03,5.0,3912.0,268.25,No,UPI,Failed,Delivered
ORD102963,2025-10-21,CUST1790,Jacket,Fashion,North,Lucknow,3,3841.23,11523.69,5.0,3158.8,421.25,No,UPI,Failed,Delivered
ORD100931,2025-12-27,CUST1077,T-Shirt,Fashion,South,Bengaluru,1,959.1,959.1,15.0,559.23,370.17,No,Cash,Paid,Cancelled
ORD105959,2026-05-18,CUST1154,Desk,Furniture,west,Delhi,5,11126.46,55632.3,25.0,9497.95,383.24,No,Cash,Failed,Delivered
ORD105702,2026-04-25,CUST1323,Jacket,Fashion,North,Lucknow,1,4745.88,4745.88,30.0,3711.68,387.91,No,Debit Card,Paid,Delivered
ORD105694,2026-02-26,CUST1268,Bookshelf,Furniture,South,Bengaluru,3,6874.99,20624.97,5.0,4254.54,137.73,No,,Paid,Delivered
ORD103990,2026-01-20,CUST1598,Office Chair,Furniture,Central,Nagpur,5,8237.64,41188.2,25.0,6627.02,,No,Net Banking,Paid,Delivered
ORD102079,2025-12-16,CUST1770,Jacket,Fashion,Central,Nagpur,4,4799.95,19199.8,15.0,4098.31,114.16,No,Debit Card,Paid,Delivered
ORD101602,2025-10-24,CUST1776,Office Chair,Furniture,West,Pune,5,9197.97,45989.85,0.0,5335.26,155.51,No,Cash,Paid,Delivered
ORD102169,2025-04-03,CUST1629,Smartwatch,Electronics,South,Bengaluru,2,7437.74,14875.48,20.0,4450.15,228.75,Yes,Net Banking,Paid,Returned
ORD100742,2026-05-06,CUST1619,Desk,Furniture,West,Ahmedabad,5,12044.28,60221.4,20.0,8298.14,228.84,No,Credit Card,Paid,Delivered
ORD105024,2025-10-28,CUST1668,Smartphone,Electronics,Central,Indore,2,29451.22,58902.44,15.0,24479.85,285.4,No,Cash,Failed,Delivered
ORD102885,2026-04-05,CUST1769,Backpack,Accessories,East,Kolkata,2,1789.9,3579.8,0.0,1229.42,409.35,No,Net Banking,Paid,Delivered
ORD100809,2025-08-30,CUST1149,Tablet,Electronics,Central,Bhopal,1,20033.75,20033.75,15.0,13617.87,218.37,No,Debit Card,Failed,Delivered
ORD100594,2025-05-17,CUST1376,Laptop,Electronics,East,Patna,2,50173.94,100347.88,20.0,29292.74,286.31,Yes,Debit Card,Paid,Returned
ORD101509,2026-06-21,CUST1394,Microwave,Home Appliances,South,Chennai,3,10478.06,31434.18,5.0,8382.28,426.87,No,Cash,Pending,Delivered
ORD100380,2025-04-17,CUST1088,Shoes,Fashion,South,Bengaluru,1,3037.07,3037.07,0.0,2172.22,336.64,Yes,Debit Card,Failed,Returned
ORD101883,2025-10-02,CUST1384,Office Chair,Furniture,North,Jaipur,1,9734.87,9734.87,25.0,5728.59,366.4,No,Debit Card,Failed,Delivered
ORD103685,2026-01-08,CUST1709,Office Chair,Furniture,West,Bengaluru,1,9602.27,9602.27,15.0,8192.15,127.14,Yes,Net Banking,Pending,Returned
ORD102533,2025-10-12,CUST1089,Laptop,Electronics,South,Bengaluru,3,55323.13,165969.39,25.0,42295.15,330.43,Yes,Cash,Paid,Returned
ORD101826,2025-02-18,CUST1094,Blender,Home Appliances,North,Lucknow,1,2911.05,2911.05,25.0,2296.66,269.99,No,UPI,Paid,Cancelled
ORD101219,2025-03-11,CUST1230,Blender,Home Appliances,West,Mumbai,1,3296.54,3296.54,5.0,2047.99,446.86,Yes,Cash,Pending,Returned
ORD100306,2026-03-25,CUST1354,Bookshelf,Furniture,East,Patna,2,6333.73,12667.46,0.0,4380.1,288.82,No,Net Banking,Paid,Delivered
ORD105398,2025-01-02,CUST1715,Bookshelf,Furniture,East,Bhubaneswar,5,5891.66,29458.3,25.0,3993.48,347.18,No,Debit Card,Pending,Delivered
ORD102103,2025-07-02,CUST1717,Smartphone,Electronics,North,Lucknow,2,29822.48,59644.96,15.0,22067.06,299.92,No,Debit Card,Paid,Cancelled
ORD104602,2025-06-28,CUST1012,Mixer,Home Appliances,West,Mumbai,2,3922.31,7844.62,25.0,2191.13,422.8,No,Credit Card,Paid,Delivered
ORD104576,2025-05-13,CUST1429,Bookshelf,Furniture,North,Jaipur,1,6864.91,6864.91,5.0,4306.81,117.37,No,Cash,Paid,Cancelled
ORD104704,2026-06-21,CUST1778,Shoes,Fashion,West,Pune,3,2892.1,8676.3,5.0,1771.96,261.63,No,Credit Card,Failed,Cancelled
ORD101281,2025-09-06,CUST1614,Smartwatch,Electronics,East,Kolkata,1,6461.25,6461.25,10.0,3676.13,334.24,No,Debit Card,Paid,Cancelled
ORD101239,2025-09-02,CUST1448,Shoes,Fashion,West,Mumbai,4,2854.66,11418.64,25.0,2128.79,290.01,Yes,Credit Card,Paid,Returned
ORD105676,2026-05-02,CUST1616,Backpack,Accessories,South,Bengaluru,4,1609.37,6437.48,5.0,1308.49,439.23,No,Net Banking,Paid,Delivered
ORD105887,2026-06-07,CUST1531,Desk,Furniture,North,Jaipur,5,11030.86,55154.3,15.0,9227.43,289.63,No,Debit Card,Paid,Delivered
ORD104420,2026-05-10,CUST1174,Smartphone,Electronics,East,Kolkata,3,24483.67,73451.01,20.0,unknown,-50,No,Credit Card,Paid,Delivered
ORD104555,2025-05-25,CUST1344,Office Chair,Furniture,South,Bengaluru,3,9257.59,27772.77,30.0,7221.04,164.55,No,Cash,Paid,Delivered
ORD102351,2026-05-06,CUST1761,Jacket,Fashion,South,Bengaluru,1,4643.68,4643.68,30.0,3227.86,384.13,No,Credit Card,Failed,Delivered
ORD104132,2025-04-23,CUST1286,Jacket,Fashion,East,Bhubaneswar,3,4060.45,12181.35,10.0,2269.78,90.6,Yes,Debit Card,Paid,Returned
ORD101795,2026-04-07,CUST1626,Shoes,Fashion,South,Chennai,2,3140.68,6281.36,15.0,2611.24,272.94,No,Credit Card,Failed,Delivered
ORD101798,2025-09-15,CUST1373,Mixer,Home Appliances,West,Pune,4,4357.25,17429.0,10.0,3479.2,227.98,No,Credit Card,paid,Delivered
 ORD100453 ,2025-09-30,CUST1699,Tablet,Electronics,West,Ahmedabad,1,24336.02,24336.02,5.0,17494.86,393.94,No,Cash,Failed,Delivered
ORD101616,2025-09-15,CUST1217,Laptop,Electronics,East,Patna,2,54294.8,108589.6,5.0,31970.04,226.2,No,Credit Card,Paid,Cancelled
ORD105371,2025-10-04,CUST1669,Laptop,Electronics,Central,Bhopal,1,62593.8,62593.8,30.0,40400.01,318.99,No,Cash,Paid,Delivered
ORD102973,2026-04-05,CUST1061,Smartwatch,Electronics,North,Jaipur,3,6830.27,20490.81,0.0,4330.09,228.09,No,Cash,Paid,Delivered
ORD104681,2026-06-27,CUST1691,Office Chair,Furniture,South,Chennai,1,7786.76,7786.76,30.0,5622.26,242.72,No,Credit Card,Paid,Delivered
ORD101706,2025-03-07,CUST1659,Microwave,Home Appliances,West,Pune,2,10355.5,20711.0,0.0,7818.57,288.36,No,Net Banking,Failed,Cancelled
ORD104175,2025-08-11,CUST1335,Microwave,Home Appliances,South,Bengaluru,3,9893.63,29680.89,15.0,6690.39,188.01,No,Credit Card,Paid,Delivered
ORD100065,2025-05-20,CUST1559,Headphones,Electronics,Central,Nagpur,2,3190.33,"6,380.66",5.0,2095.45,235.7,No,Credit Card,Failed,Delivered
ORD102750,2025-01-10,CUST1243,Shoes,Fashion,North,Jaipur,1,3629.57,3629.57,10.0,2170.73,257.05,No,UPI,Paid,Delivered
ORD104973,2026-07-08,CUST1512,Jacket,Fashion,West,,4,4203.96,16815.84,0.0,2516.47,123.44,No,Net Banking,paid,Delivered
ORD103619,2025-04-18,CUST1504,Coffee Maker,Home Appliances,East,Bhubaneswar,5,6164.67,30823.35,10.0,4252.59,285.0,Yes,UPI,Paid,Returned
ORD103938,2025-01-21,CUST1249,Laptop,Electronics,North,Delhi,1,61177.24,61177.24,15.0,51512.16,115.67,No,UPI,Paid,Delivered
ORD105972,2025-07-02,CUST1771,Coffee Maker,Home Appliances,North,Lucknow,2,5206.74,10413.48,15.0,3673.05,171.32,No,Net Banking,Pending,Cancelled
ORD102106,2026-02-02,CUST1330,Blender,Home Appliances,North,Delhi,1,2795.97,2795.97,5.0,1636.51,241.54,Yes,UPI,Paid,Returned
ORD102042,2026-02-18,CUST1380,Laptop,Home appliance,North,Jaipur,2,48472.84,96945.68,25.0,39066.03,68.0,No,UPI,Paid,Delivered
ORD105601,2025-04-15,CUST1611,Desk,Furniture,South,Bengaluru,5,12008.38,60041.9,0.0,8755.46,371.55,No,Cash,Failed,Delivered
ORD100450,2025-07-31,CUST1126,Laptop,Electronics,East,Kolkata,3,55916.57,167749.71,30.0,34886.07,207.11,No,Debit Card,Paid,Delivered
ORD102613,2025-01-27,CUST1299,Bookshelf,Furniture,East,Bhubaneswar,3,6667.5,20002.5,30.0,5511.83,217.31,No,Net Banking,Paid,Cancelled
ORD105953,2025-11-29,CUST1094,Jacket,Fashion,Central,Indore,4,4828.77,19315.08,15.0,3094.91,43.85,No,Debit Card,Pending,Cancelled
ORD100868,2026-05-04,CUST1397,Laptop,Electronics,Central,Indore,3,55018.48,165055.44,25.0,47087.36,212.67,No,Debit Card,Paid,Delivered
ORD100254,2025-05-14,CUST1391,Shoes,Fashion,West,Mumbai,1,3272.34,3272.34,5.0,2631.46,411.29,Yes,UPI,Paid,Returned
ORD102275,2026-04-27,CUST1179,Desk,Furniture,East,Kolkata,1,13679.61,13679.61,5.0,11023.3,323.04,No,Debit Card,Paid,Delivered
ORD103089,2025-09-09,CUST1068,Coffee Maker,Home Appliances,South,Bengaluru,2,5925.09,11850.18,0.0,5212.44,165.75,No,Credit Card,Pending,Delivered
ORD103916,2025-06-26,CUST1767,Blender,Home Appliances,North,Delhi,1,2885.76,2885.76,5.0,2519.88,155.6,No,Cash,Paid,Delivered
ORD102497,2026-03-12,CUST1335,Desk,Furniture,West,Pune,1,12008.16,12008.16,0.0,7920.09,348.88,No,Cash,Paid,Delivered
ORD103202,2026-05-21,CUST1494,Mixer,Home Appliances,East,Patna,5,4548.66,22743.3,20.0,2742.68,360.77,No,Cash,Paid,Delivered
ORD100099,2025-02-08,CUST1029,Desk,Furniture,East,Bhubaneswar,1,13765.23,13765.23,10.0,11544.23,283.31,No,UPI,Failed,Delivered
ORD103421,2026-02-18,CUST1494,Mixer,Home Appliances,East,Patna,1,3659.72,3659.72,0.0,2180.02,198.19,Yes,UPI,Pending,Returned
ORD102053,2025-10-31,CUST1787,Microwave,Home Appliances,West,Ahmedabad,4,11683.26,46733.04,25.0,9537.47,92.29,No,Cash,Failed,Delivered
ORD104309,2026-07-14,CUST1066,Tablet,Electronics,North,Lucknow,5,19970.21,99851.05,20.0,16219.72,442.91,No,Net Banking,Paid,Delivered
ORD102084,2025-05-09,CUST1137,Laptop,Electronics,South,Chennai,1,48974.35,48974.35,0.0,40065.45,425.1,Yes,Debit Card,Paid,Returned
ORD105626,2025-10-22,CUST1480,Coffee Maker,Furniture,West,Mumbai,4,5159.2,20636.8,5.0,3803.13,154.49,No,Cash,Paid,Cancelled
ORD102401,2026-02-18,CUST1440,Tablet,Electronics,West,Mumbai,2,20005.1,40010.2,20.0,11593.66,82.5,No,Cash,Paid,Delivered
ORD105766,2025-06-12,CUST1028,Headphones,Electronics,North,Delhi,2,3097.59,6195.18,15.0,2369.9,67.45,No,Credit Card,Failed,Delivered
ORD102597,2026-01-06,CUST1314,Office Chair,Furniture,South,Hyderabad,2,8086.16,16172.32,30.0,6367.73,260.61,No,Net Banking,Paid,Delivered
ORD101303,2026-02-20,CUST1600,Desk,Furniture,West,Mumbai,1,13774.45,13774.45,0.0,9537.11,93.18,Yes,Debit Card,Pending,Returned
ORD101931,2025-02-16,CUST1729,Shoes,Fashion,North,Lucknow,1,2875.34,2875.34,0.0,2506.67,321.48,Yes,Debit Card,Paid,Returned
ORD104336,2025-08-22,CUST1675,Shoes,Fashion,North,Delhi,1,3540.68,3540.68,10.0,2121.55,314.58,No,UPI,Pending,Delivered
ORD101922,2026-01-09,CUST1178,T-Shirt,Fashion,South,Hyderabad,2,817.15,1634.3,15.0,699.31,286.57,No,UPI,Failed,Delivered
ORD102895,2025-06-16,CUST1452,Jacket,Fashion,Central,Bhopal,2,4957.61,9915.22,15.0,4262.46,129.58,Yes,Cash,Paid,Returned
ORD105354,2026-04-21,CUST1019,Smartphone,Electronics,West,Ahmedabad,3,24742.94,74228.82,5.0,19498.18,409.36,No,Debit Card,Paid,Delivered
ORD103356,2025-08-23,CUST1125,Shoes,Fashion,East,Kolkata,2,3262.32,6524.64,30.0,2298.98,60.99,No,Cash,Paid,Delivered
ORD103295,2025-08-21,CUST1701,Jacket,Fashion,South,Hyderabad,4,4033.73,16134.92,15.0,2295.37,453.83,No,Cash,Paid,Delivered
ORD100393,2025-08-31,CUST1787,Headphones,Electronics,West,Pune,1,3674.95,"3,674.95",15.0,2862.16,362.28,No,Debit Card,Failed,Cancelled
ORD104998,2025-01-07,CUST1740,Jacket,Fashion,East,Patna,1,4236.94,4236.94,10.0,3064.73,307.99,No,Debit Card,Paid,Cancelled
ORD104496,2026-05-27,CUST1775,Bookshelf,Furniture,East,Bhubaneswar,5,6106.64,30533.2,15.0,5036.81,77.77,No,Cash,Paid,Cancelled
ORD100705,2025-05-22,CUST1044,Mixer,Home Appliances,West,Mumbai,1,4079.93,4079.93,20.0,2675.46,498.3,No,Net Banking,Paid,Delivered
ORD105432,2025-02-02,CUST1472,Blender,Home Appliances,East,Bhubaneswar,2,2950.46,5900.92,20.0,2125.86,483.28,Yes,Net Banking,Failed,Returned
ORD103643,2026-02-04,CUST1353,Desk,Furniture,South,Bengaluru,1,11512.09,11512.09,5.0,6753.6,470.08,No,Credit Card,Paid,Cancelled
ORD104695,2025-05-22,CUST1104,Coffee Maker,Home Appliances,East,Patna,2,5114.47,10228.94,5.0,2819.82,195.81,No,Credit Card,Failed,Delivered
ORD101536,2026-07-28,CUST1210,Coffee Maker,Home Appliances,South,Bengaluru,5,5937.53,29687.65,25.0,3288.17,325.72,No,Credit Card,Failed,Delivered
ORD102664,2025-06-06,CUST1342,T-Shirt,Fashion,North,Jaipur,5,1023.62,5118.1,20.0,715.92,97.87,No,,Paid,Delivered
ORD100615,2025-12-25,CUST1527,Tablet,Electronics,North,Delhi,2,18901.02,37802.04,10.0,13567.12,147.13,No,Debit Card,Paid,Delivered
ORD104465,2026-07-03,,Coffee Maker,Home Appliances,Central,Nagpur,4,5661.37,22645.48,0.0,3332.3,167.09,No,Debit Card,Paid,Delivered
ORD100679,2025-11-19,CUST1111,Smartwatch,Electronics,South,Chennai,2,6440.61,12881.22,15.0,3828.73,184.81,No,UPI,Paid,Delivered
ORD104877,2025-03-06,CUST1069,Jacket,Fashion,Central,Indore,2,3825.52,7651.04,20.0,3168.09,165.0,No,Net Banking,Paid,Delivered
ORD105704,2026-06-18,CUST1689,smartphone,Electronics,East,Patna,3,21120.71,63362.13,0.0,15726.21,201.66,No,Debit Card,Paid,Delivered
ORD103095,2025-08-13,CUST1554,T-Shirt,Fashion,South,Bengaluru,2,815.72,1631.44,15.0,572.94,404.48,Yes,Credit Card,Paid,Returned
ORD102247,2025-03-23,CUST1217,Headphones,Electronics,West,Ahmedabad,4,3288.65,13154.6,10.0,2019.98,308.8,No,Credit Card,Paid,Delivered
ORD105023,2026-06-08,CUST1301,Smartphone,Electronics,South,Chennai,2,26701.29,53402.58,5.0,22830.64,406.07,No,Cash,Paid,Delivered
ORD104563,2025-11-26,CUST1330,Smartphone,Electronics,Central,Bhopal,1,30589.09,30589.09,15.0,18695.93,71.77,No,Cash,Paid,Delivered
ORD102703,2025-12-03,CUST1188,Smartwatch,Electronics,East,Bhubaneswar,1,7975.39,7975.39,15.0,6709.77,86.52,No,UPI,Pending,Cancelled
ORD102951,2026-03-11,CUST1527,Blender,Home Appliances,West,Pune,2,3449.73,6899.46,5.0,2611.84,351.95,No,Cash,Paid,Cancelled
ORD100554,2025-06-16,CUST1700,Jacket,Fashion,East,Kolkata,4,5101.42,20405.68,5.0,3538.58,281.57,No,UPI,Paid,Delivered
ORD102002,2025-03-18,CUST1580,Jacket,Fashion,South,Chennai,2,5008.78,10017.56,20.0,3589.47,105.33,No,Cash,Paid,Delivered
ORD101401,2026-06-14,CUST1093,Microwave,Home Appliances,Central,,5,9656.44,48282.2,0.0,8165.44,126.56,No,Cash,Pending,Delivered
ORD104418,2025-01-01,CUST1721,Laptop,Fashion,West,Mumbai,1,955.5,955.5,25.0,547.18,415.88,No,UPI,Failed,Delivered
ORD102451,2025-01-23,CUST1106,Office Chair,Furniture,West,Ahmedabad,4,9481.96,37927.84,0.0,5887.43,430.05,No,Cash,Paid,Delivered
ORD100225,2026-02-23,CUST1427,Tablet,Electronics,West,Ahmedabad,2,24574.64,49149.28,0.0,21192.99,196.29,No,Debit Card,Paid,Delivered
ORD100534,2025-10-10,CUST1058,Headphones,Electronics,North,Jaipur,1,3855.32,3855.32,30.0,2994.39,450.83,No,Credit Card,Paid,Delivered
ORD102831,2026-02-26,CUST1520,Blender,Home Appliances,North,Jaipur,1,2670.88,2670.88,5.0,1798.93,417.23,Yes,UPI,Paid,Returned
ORD103248,2026-03-02,CUST1610,Microwave,Home Appliances,East,Patna,2,10593.2,21186.4,25.0,8885.98,88.24,No,Cash,Pending,Cancelled
ORD104709,2025-04-16,CUST1678,Microwave,Home Appliances,South,Chennai,1,10378.51,10378.51,15.0,6646.27,294.71,No,UPI,Paid,Delivered
ORD101641,2025-03-14,CUST1212,Laptop,Electronics,Central,Indore,1,53205.27,53205.27,20.0,34493.69,335.52,No,Debit Card,Failed,Delivered
ORD102132,2025-08-12,CUST1011,T-Shirt,Fashion,North,Lucknow,1,781.48,781.48,10.0,475.52,339.23,No,Credit Card,Paid,Cancelled
ORD102808,2025-01-01,CUST1678,Desk,Furniture,West,Ahmedabad,4,13108.61,52434.44,30.0,8827.83,269.08,No,Credit Card,Paid,Delivered
ORD101073,2026-02-05,CUST1109,Desk,Furniture,North,Lucknow,2,11269.0,22538.0,5.0,7747.59,73.47,Yes,UPI,Paid,Returned
ORD101412,2025-03-16,CUST1753,Laptop,Electronics,East,Patna,1,63095.36,63095.36,25.0,44458.28,438.98,No,UPI,Paid,Delivered
ORD102865,2026-05-14,CUST1187,Smartwatch,Electronics,North,Jaipur,3,6327.46,18982.38,5.0,3745.9,94.88,Yes,Cash,Paid,Returned
ORD105867,2026-03-29,CUST1276,Microwave,Home Appliances,South,Hyderabad,3,12185.88,36557.64,15.0,8906.02,247.6,No,Cash,Paid,Cancelled
ORD103064,2025-04-30,CUST1569,Microwave,Home Appliances,East,Bhubaneswar,2,11592.44,23184.88,10.0,6499.93,242.16,No,Cash,Pending,Delivered
ORD101503,2026-03-02,CUST1426,Mixer,Home Appliances,Central,Indore,3,4227.45,12682.35,10.0,2427.93,275.61,No,Debit Card,Paid,Cancelled
ORD105857,2026-07-26,CUST1363,Microwave,Home Appliances,North,Lucknow,2,10042.57,20085.14,25.0,7107.77,177.46,No,Debit Card,Paid,Cancelled
ORD103960,2025-11-15,CUST1657,Office Chair,Furniture,West,Mumbai,2,10132.94,20265.88,10.0,7105.42,428.59,No,UPI,Pending,Cancelled
ORD100213,2025-06-28,CUST1132,Microwave,Home Appliances,North,Lucknow,1,12295.33,12295.33,20.0,7454.56,476.13,No,Cash,Pending,Delivered
ORD101031,2025-05-02,CUST1762,Smartphone,Electronics,West,Pune,1,24980.18,24980.18,0.0,21542.06,153.44,No,Debit Card,Pending,Cancelled
ORD104898,2025-12-13,CUST1401,Laptop,Electronics,South,Hyderabad,1,52408.62,52408.62,5.0,36763.16,180.6,No,UPI,Paid,Cancelled
ORD103434,2025-05-19,CUST1511,Shoes,Fashion,South,Bengaluru,4,3106.16,12424.64,30.0,2318.33,344.17,No,Net Banking,Failed,Cancelled
ORD102145,2026-05-21,CUST1010,Bookshelf,Furniture,South,Chennai,3,6137.11,18411.33,20.0,4280.57,390.07,No,Cash,Paid,Delivered
ORD101516,2026-03-11,CUST1625,Bookshelf,Furniture,West,Mumbai,5,7258.02,36290.1,25.0,5711.44,135.3,Yes,Net Banking,Paid,Returned
ORD104655,2026-07-25,CUST1036,Office Chair,Furniture,North,Delhi,5,8243.47,41217.35,5.0,5909.65,172.07,No,UPI,Pending,Delivered
ORD101637,2026-02-06,CUST1586,Headphones,Electronics,East,Bhubaneswar,4,3055.4,12221.6,25.0,2070.94,245.61,No,Cash,Paid,Cancelled
ORD105110,2025-02-06,CUST1393,Office Chair,Furniture,West,Pune,3,9706.56,29119.68,15.0,7313.55,242.49,No,Debit Card,Paid,Cancelled
ORD102044,2026-07-08,CUST1605,laptop,Electronics,East,Kolkata,1,6677.65,6677.65,,3971.57,207.89,Yes,Cash,Pending,Returned
ORD104792,2025-09-10,CUST1565,Tablet,Electronics,East,Bhubaneswar,1,21558.32,21558.32,25.0,16890.0,173.46,No,Cash,Paid,Delivered
ORD102654,2026-05-14,CUST1435,Bookshelf,Furniture,South,Hyderabad,5,6024.97,30124.85,20.0,3925.99,246.99,No,Cash,Paid,Delivered
ORD103494,2025-09-06,CUST1503,Backpack,Accessories,Central,Nagpur,1,1667.89,1667.89,15.0,1379.56,62.47,Yes,Net Banking,Paid,Returned
ORD105739,2026-01-26,CUST1278,Desk,Furniture,South,Bengaluru,1,10400.61,10400.61,30.0,6433.03,409.3,Yes,Cash,Paid,Returned
ORD104332,2026-07-10,CUST1327,Jacket,Fashion,South,Bengaluru,4,4264.42,17057.68,0.0,2370.89,106.2,Yes,Cash,Pending,Returned
ORD101527,2025-08-02,CUST1406,Shoes,Fashion,West,Ahmedabad,2,3643.45,7286.9,5.0,2730.54,179.28,No,UPI,Paid,Cancelled
ORD101714,2026-04-29,CUST1158,Jacket,Fashion,Central,Indore,1,4316.99,4316.99,,3492.2,144.96,No,UPI,Pending,Delivered
ORD101073,2026-02-05,CUST1109,Desk,Furniture,North,Lucknow,2,11269.0,22538.0,5.0,7747.59,73.47,Yes,UPI,Paid,Returned
ORD101707,2025-12-07,CUST1557,Desk,Furniture,Central,Bhopal,5,10579.62,52898.1,0.0,5864.6,185.26,No,Net Banking,Paid,Delivered
ORD100406,2026-06-25,CUST1161,smartphone,Fashion,North,Lucknow,1,3497.29,3497.29,25.0,2636.67,197.25,No,Net Banking,Paid,Cancelled
ORD105931,2026-04-27,CUST1726,Microwave,Home Appliances,North,Delhi,4,10565.02,42260.08,15.0,6813.54,473.4,No,Debit Card,Paid,Delivered
ORD104275,2025-07-03,CUST1441,Coffee Maker,Home Appliances,Central,Nagpur,4,5138.15,20552.6,30.0,3717.61,119.86,No,Credit Card,Paid,Delivered
ORD100578,2025-08-23,CUST1779,Shoes,Fashion,North,Lucknow,2,3155.43,6310.86,15.0,2494.21,282.91,No,UPI,Pending,Cancelled
ORD104914,2025-05-30,CUST1571,Shoes,Fashion,East,Bhubaneswar,2,3636.35,7272.7,20.0,3146.33,289.73,No,Cash,Paid,Delivered
ORD105395,2026-05-29,CUST1224,Shoes,Fashion,West,Ahmedabad,1,3390.22,3390.22,5.0,1925.47,366.18,No,Debit Card,Paid,Delivered
ORD100367,2025-04-16,CUST1651,Blender,Home Appliances,South,Hyderabad,5,2796.95,13984.75,5.0,2067.24,189.6,Yes,UPI,Pending,Returned
ORD102992,2025-05-21,CUST1374,Coffee Maker,Home Appliances,Central,Indore,2,4951.67,9903.34,5.0,3160.29,196.28,Yes,Credit Card,Paid,Returned
ORD100536,2025-07-28,CUST1763,Shoes,Fashion,South,Bengaluru,4,3496.83,13987.32,25.0,2785.86,431.39,No,Net Banking,Pending,Delivered
ORD100147,2025-06-01,CUST1720,Mixer,Home Appliances,Central,Nagpur,3,4317.86,12953.58,5.0,2676.96,321.05,No,Credit Card,Paid,Delivered
ORD104742,2026-06-25,CUST1025,Microwave,Home Appliances,East,Patna,1,12313.55,12313.55,15.0,7644.51,437.98,No,Debit Card,Pending,Delivered
ORD103542,2025-01-13,CUST1406,Headphones,Electronics,Central,Indore,1,3541.87,3541.87,15.0,2109.66,466.03,No,Net Banking,Failed,Delivered
ORD104839,2026-04-28,CUST1404,T-Shirt,Fashion,North,Lucknow,4,890.34,3561.36,20.0,517.35,481.94,No,Credit Card,Failed,Delivered
ORD102000,2025-11-01,CUST1272,Microwave,Home Appliances,North,Jaipur,5,10879.09,54395.45,10.0,7774.69,476.54,No,Cash,Pending,Delivered
ORD102426,2026-03-30,CUST1446,Smartphone,Electronics,South,Chennai,2,25598.27,51196.54,0.0,14893.31,407.5,No,Credit Card,Paid,Cancelled
ORD100650,2026-04-09,CUST1675,Backpack,Accessories,South,Chennai,4,1819.26,7277.04,25.0,1566.85,468.6,No,Debit Card,Failed,Delivered
ORD100193,2025-02-12,CUST1681,Smartwatch,Electronics,South,Hyderabad,1,7736.29,7736.29,30.0,5646.6,491.04,No,UPI,Paid,Cancelled
ORD101943,2025-02-23,CUST1243,Blender,Home Appliances,Central,Bhopal,2,2635.6,5271.2,5.0,2115.29,77.5,Yes,Net Banking,Failed,Returned
ORD100938,2025-07-18,CUST1354,Desk,Furniture,South,Hyderabad,2,11293.44,22586.88,5.0,6459.7,489.0,No,Credit Card,Failed,Delivered
ORD100166,2026-05-12,CUST1700,Tablet,Electronics,South,Hyderabad,1,22853.37,22853.37,20.0,18614.24,481.41,No,Net Banking,Pending,Delivered
ORD100542,19/01/2026,CUST1615,Smartwatch,Electronics,West,Ahmedabad,2,6447.38,12894.76,5.0,4299.38,341.68,No,Net Banking,Paid,Delivered
ORD103587,2025-04-06,CUST1501,Tablet,Electronics,Central,Indore,1,22793.4,22793.4,0.0,17359.4,375.63,Yes,Cash,Pending,Returned
ORD104744,2025-01-30,CUST1147,Backpack,Accessories,East,Bhubaneswar,1,1574.28,1574.28,10.0,1313.94,,No,Cash,Paid,Delivered
ORD103803,2025-02-02,CUST1581,Shoes,Fashion,Central,Bhopal,1,3493.49,3493.49,5.0,2682.67,99.69,No,Credit Card,Paid,Cancelled
ORD105000,2025-12-13,CUST1425,Tablet,Electronics,East,Bhubaneswar,4,19710.26,78841.04,0.0,16612.76,360.94,No,Cash,Pending,Delivered
ORD100627,2025-07-22,CUST1783,Shoes,Fashion,West,Mumbai,1,3446.1,3446.1,10.0,2579.94,360.83,Yes,Cash,Pending,Returned
ORD102591,2025-04-14,CUST1336,Shoes,Fashion,North,Jaipur,1,3442.13,3442.13,15.0,2817.69,140.07,Yes,Cash,Failed,Returned
ORD104535,2026-05-24,CUST1006,Laptop,Electronics,Central,Indore,2,62509.15,125018.3,30.0,51216.73,173.62,No,Debit Card,Paid,Cancelled
ORD101101,2026-05-23,CUST1644,Jacket,Fashion,west,Bhopal,2,4456.95,8913.9,30.0,2608.14,198.97,Yes,UPI,Paid,Returned
ORD103203,2025-01-15,CUST1787,Backpack,Accessories,North,Lucknow,1,1837.54,1837.54,15.0,1308.64,356.06,No,Credit Card,Failed,Delivered
ORD104399,2025-03-04,CUST1117,T-Shirt,Fashion,South,Bengaluru,5,866.86,4334.3,5.0,748.15,117.73,Yes,Credit Card,Failed,Returned
ORD100585,2025-01-24,CUST1321,Bookshelf,Furniture,East,Bhubaneswar,1,5705.41,5705.41,25.0,4611.72,471.24,No,Cash,Pending,Delivered
ORD102765,2025-08-10,CUST1168,Microwave,Home Appliances,Central,Bhopal,1,12506.88,12506.88,10.0,"9,556.10",299.73,No,Net Banking,Failed,Delivered
ORD100371,2026-05-18,CUST1721,Microwave,Home Appliances,East,Bhubaneswar,2,10457.56,20915.12,5.0,6558.54,50.91,No,Credit Card,Pending,Delivered
ORD105579,2025-08-29,CUST1115,Smartwatch,Electronics,East,Kolkata,3,7480.92,22442.76,30.0,4690.23,497.89,No,Net Banking,Paid,Cancelled
ORD103617,2026-04-21,CUST1465,Smartphone,Electronics,Central,Bhopal,1,25994.95,25994.95,25.0,19582.81,85.98,No,Debit Card,Paid,Delivered
ORD101552,2026-01-19,CUST1227,Smartphone,Electronics,North,Lucknow,2,24384.95,48769.9,15.0,20491.24,242.54,No,UPI,Paid,Delivered
ORD104916,2025-11-21,CUST1718,Desk,Furniture,Central,Bhopal,5,12369.17,61845.85,30.0,7798.48,295.09,No,Debit Card,Pending,Delivered
ORD101271,2026-06-17,CUST1128,Blender,Home Appliances,North,Lucknow,2,3334.42,6668.84,15.0,2247.54,466.76,Yes,Credit Card,Paid,Returned
ORD105129,2025-10-05,CUST1472,Office Chair,Furniture,North,Delhi,2,8751.46,17502.92,20.0,6985.47,115.18,Yes,Debit Card,Paid,Returned
ORD104385,2025-03-26,CUST1219,Microwave,Home Appliances,South,Chennai,3,10425.88,31277.64,0.0,7044.04,278.58,No,Net Banking,Paid,Delivered
ORD103174,2025-12-31,CUST1646,Headphones,Electronics,East,Bhubaneswar,3,3596.89,10790.67,20.0,2305.56,41.27,No,Cash,Pending,Delivered
ORD105122,2025-03-11,CUST1007,Jacket,Fashion,East,Kolkata,2,5129.14,10258.28,25.0,4182.76,440.8,No,Debit Card,Paid,Delivered
ORD102660,2026-07-24,CUST1405,Coffee Maker,Home Appliances,North,Lucknow,2,5202.67,10405.34,25.0,4372.75,409.22,No,Debit Card,Paid,Delivered
ORD102210,2025-02-17,CUST1189,Headphones,Electronics,South,Hyderabad,5,3701.5,18507.5,25.0,3018.36,154.7,Yes,UPI,Paid,Returned
ORD103185,2025-04-29,CUST1354, LAPTOP ,Electronics,East,Bhubaneswar,1,3273.77,3273.77,25.0,2768.48,295.5,No,Cash,Paid,Cancelled
ORD102767,2025-02-05,CUST1509,Blender,Home Appliances,West,Pune,1,2752.77,2752.77,25.0,2155.03,205.23,No,Cash,Pending,Cancelled
ORD100903,2025-03-17,CUST1009,Smartphone,Electronics,South,Hyderabad,1,29746.04,29746.04,30.0,20046.29,268.97,No,Net Banking,Paid,Cancelled
ORD104421,2026-05-06,CUST1753,Headphones,Electronics,East,Bhubaneswar,4,3660.04,14640.16,15.0,2259.09,465.38,Yes,Cash,Pending,Returned
ORD101634,2026-04-05,CUST1265,T-Shirt,Fashion,North,Lucknow,1,804.22,804.22,20.0,647.18,326.34,No,Credit Card,Failed,Cancelled
ORD100555,2025-10-09,CUST1133,Tablet,Electronics,East,Bhubaneswar,1,20237.93,20237.93,30.0,13688.09,121.83,No,Net Banking,Pending,Delivered
ORD103602,2025-01-30,CUST1466,Shoes,Fashion,South,Bengaluru,2,3417.49,6834.98,30.0,2772.32,174.3,Yes,Net Banking,Paid,Returned
ORD105332,2025-03-27,CUST1777,Microwave,Home Appliances,Central,Bhopal,2,9773.67,19547.34,20.0,6978.44,46.93,Yes,UPI,Failed,Returned
ORD105771,2025-04-11,CUST1141,Tablet,Electronics,East,Bhubaneswar,1,23489.88,23489.88,30.0,14223.83,186.81,No,Cash,Paid,Delivered
ORD103526,2025-11-14,CUST1640,Bookshelf,Furniture,South,Chennai,1,7015.94,7015.94,5.0,5531.93,423.63,No,UPI,Paid,Delivered
ORD102478,2025-06-23,CUST1331,Desk,Furniture,East,Patna,5,11891.19,59455.95,20.0,6616.0,144.27,No,Credit Card,Paid,Delivered
ORD105368,2025-02-01,CUST1687,Headphones,Furniture,South,Chennai,2,2991.76,5983.52,5.0,1922.45,202.58,No,Credit Card,Paid,Delivered
ORD101649,2025-05-13,CUST1381,Coffee Maker,Home Appliances,West,Mumbai,2,4890.82,9781.64,25.0,4293.4,249.63,No,UPI,Paid,Delivered
ORD103415,2026-03-24,CUST1092,Tablet,Electronics,South,Chennai,1,21632.57,N/A,5.0,16229.29,79.76,No,Cash,Pending,Delivered
ORD100283,2025-06-28,CUST1210,T-Shirt,Fashion,South,Bengaluru,5,985.43,4927.15,0.0,801.06,155.22,No,UPI,Pending,Delivered
ORD104101,2025-01-28,CUST1579,T-Shirt,Fashion,Central,Bhopal,3,849.59,2548.77,20.0,618.63,165.88,No,Debit Card,Pending,Delivered
ORD101444,18/12/2025,CUST1326,Bookshelf,Furniture,South,Chennai,1,6750.1,6750.1,30.0,3739.59,264.78,No,UPI,Pending,Cancelled
ORD105778,2025-11-16,CUST1631,Smartphone,Electronics,North,Delhi,5,25180.89,125904.45,5.0,20167.17,278.91,No,Net Banking,Paid,Delivered
ORD102016,2026-05-12,CUST1193,Tablet,Electronics,North,Jaipur,1,25040.99,25040.99,30.0,21488.59,199.55,No,UPI,Pending,Cancelled
ORD103402,2025-04-27,CUST1783,Headphones,Electronics,West,Ahmedabad,2,3550.54,7101.08,25.0,2471.41,205.13,No,Net Banking,Paid,Delivered
ORD100675,2025-04-06,CUST1774,Shoes,Fashion,East,Bhubaneswar,1,2847.27,2847.27,30.0,1814.82,469.45,No,Net Banking,Failed,Cancelled
ORD105324,2026-07-03,CUST1480,Backpack,Accessories,Central,Bhopal,1,1678.26,1678.26,20.0,1293.7,411.61,No,UPI,Failed,Delivered
ORD103347,2025-05-15,CUST1760,Mixer,Home Appliances,West,Pune,2,3753.71,7507.42,0.0,2269.38,496.63,No,UPI,Paid,Cancelled
ORD102848,2026-07-25,CUST1238,Shoes,Fashion,west,Kolkata,4,3572.05,14288.2,110.0,3002.52,N/A,No,Credit Card,Paid,Delivered
ORD101377,2026-01-01,CUST1619,Coffee Maker,Home Appliances,West,Pune,4,4989.73,19958.92,20.0,3263.46,275.96,No,UPI,Failed,Delivered
ORD101349,2026-01-10,CUST1498,Mixer,Home Appliances,West,Mumbai,3,4777.85,14333.55,20.0,3546.04,493.98,No,Cash,Paid,Cancelled
ORD104592,2025-09-12,CUST1403,Office Chair,Furniture,South,Bengaluru,1,10022.39,10022.39,25.0,7317.21,459.43,No,Credit Card,Paid,Delivered
ORD100842,2026-05-06,CUST1141,T-Shirt,Fashion,North,Lucknow,4,991.58,3966.32,0.0,816.32,112.45,No,Credit Card,Paid,Delivered
ORD101968,2026-03-20,CUST1234,Microwave,Home Appliances,North,Lucknow,3,11504.33,34512.99,30.0,8855.22,123.21,No,UPI,Paid,Delivered
ORD100070,2025-04-14,CUST1039,Office Chair,Furniture,North,Lucknow,4,8834.61,35338.44,0.0,5536.03,453.8,No,Debit Card,Paid,Delivered
ORD104562,2025-06-11,CUST1639,Jacket,Fashion,North,Jaipur,1,3935.46,3935.46,30.0,2756.52,316.9,No,Debit Card,Paid,Cancelled
ORD101663,2025-12-02,CUST1729,Blender,Home Appliances,West,Pune,2,2691.09,5382.18,30.0,1932.66,124.04,Yes,Net Banking,Pending,Returned
ORD100046,2025-03-31,CUST1648,Jacket,Fashion,West,Pune,1,5108.06,5108.06,25.0,3577.52,325.26,No,Cash,Paid,Cancelled
ORD101163,2025-10-15,CUST1138,Smartphone,Electronics,East,Kolkata,1,25696.92,25696.92,0.0,16907.89,287.08,No,Credit Card,Paid,Delivered
ORD104493,2026-03-17,CUST1746,Office Chair,Furniture,East,Patna,1,8596.57,8596.57,20.0,6933.95,53.86,Yes,Credit Card,Paid,Returned
ORD102873,2025-04-23,CUST1276,Desk,Furniture,North,Kolkata,1,13648.46,13648.46,10.0,8179.34,271.01,No,UPI,Paid,Cancelled
ORD102931,2026-01-08,CUST1738,Blender,Home Appliances,East,Bhubaneswar,2,3163.02,6326.04,20.0,2131.13,224.51,Yes,Net Banking,Paid,Returned
ORD100784,2025-08-31,CUST1787,Backpack,Accessories,Central,Indore,4,1788.88,7155.52,25.0,1402.24,138.83,Yes,Debit Card,Paid,Returned
ORD104797,2026-02-21,CUST1380,T-Shirt,Fashion,West,Pune,1,866.94,866.94,10.0,742.44,125.44,No,Debit Card,Paid,Delivered
ORD100422,2025-04-22,CUST1589,Coffee Maker,Home Appliances,West,Mumbai,1,5105.92,5105.92,0.0,4063.1,229.71,No,Cash,Failed,Cancelled
ORD100924,2025-03-31,CUST1772,Smartwatch,Electronics,South,Chennai,5,6124.72,30623.6,5.0,5142.78,391.85,Yes,Cash,Failed,Returned
ORD100925,2025-01-16,CUST1752,Shoes,Fashion,Central,Bhopal,3,3176.4,9529.2,30.0,2264.82,404.15,No,Cash,Paid,Cancelled
ORD101694,24/03/2025,CUST1186,Tablet,Electronics,West,Mumbai,3,24482.52,73447.56,5.0,21440.3,175.96,No,Net Banking, PAID ,Delivered
ORD100816,2025-04-11,CUST1132,Coffee Maker,Home Appliances,East,Kolkata,1,5429.09,5429.09,30.0,4575.34,N/A,No,UPI,Paid,Cancelled
ORD104613,2026-02-23,CUST1515,Blender,Home Appliances,West,Mumbai,1,3391.27,3391.27,15.0,2979.99,340.65,No,UPI,Paid,Delivered
ORD100864,2025-01-24,CUST1540,T-Shirt,Fashion,East,Bhubaneswar,2,839.79,1679.58,10.0,509.6,164.64,No,Debit Card,Paid,Delivered
ORD103604,2026-02-19,CUST1276,Smartwatch,Electronics,West,Pune,5,6491.31,32456.55,30.0,4901.97,441.16,No,Net Banking,Paid,Cancelled
ORD105407,2025-07-02,CUST1656,Shoes,Fashion,East,Kolkata,1,2894.4,2894.4,5.0,2070.6,86.03,No,Cash,Paid,Cancelled
ORD102120,2026-02-06,CUST1602,Smartphone,Electronics,North,Jaipur,1,30376.71,30376.71,20.0,22927.81,346.34,No,Credit Card,Paid,Cancelled
ORD103066,2026-06-22,CUST1612,Laptop,Electronics,East,Kolkata,3,55848.5,167545.5,0.0,32057.98,149.82,No,Debit Card,Pending,Cancelled
ORD102083,2026-04-17,CUST1172,Microwave,Home Appliances,East,Bhubaneswar,1,11073.31,11073.31,0.0,7911.08,367.91,No,Debit Card,Paid,Cancelled
ORD102406,2025-06-01,CUST1363,Mixer,Home Appliances,North,Delhi,2,4200.28,8400.56,5.0,2854.99,207.48,No,Credit Card,Pending,Delivered
ORD101458,2026-01-04,CUST1605,Blender,Home Appliances,Central,Bhopal,2,2933.45,5866.9,30.0,2543.3,356.67,No,Cash,Paid,Delivered
ORD101716,2025-11-20,CUST1167,Smartphone,Electronics,South,Bengaluru,1,26611.48,26611.48,15.0,15689.13,137.34,Yes,Debit Card,Paid,Returned
ORD103967,2026-07-19,CUST1669,Blender,Home Appliances,West,Pune,1,3418.55,3418.55,30.0,2128.71,70.09,No,UPI,Paid,Delivered
ORD103927,2025-02-26,CUST1013,T-Shirt,Fashion,Central,Nagpur,2,895.8,1791.6,0.0,722.72,156.19,No,Credit Card,Paid,Delivered
ORD101378,2025-10-13,CUST1671,Shoes,Fashion,South,Bengaluru,1,3313.14,3313.14,5.0,2861.38,369.58,No,,Pending,Delivered
ORD105244,2025-11-14,CUST1147,Mixer,Home Appliances,West,Mumbai,4,4376.81,17507.24,20.0,3578.8,157.41,No,UPI,Paid,Cancelled
ORD100988,2026-07-21,CUST1720,Smartwatch,Electronics,East,Patna,3,7502.16,22506.48,30.0,4279.99,392.62,No,UPI,Paid,Delivered
ORD104024,2025-07-24,CUST1412,Laptop,Electronics,North,Jaipur,1,53438.65,53438.65,20.0,41237.29,182.1,No,UPI,Paid,Cancelled
ORD102077,2026-01-15,CUST1443,T-Shirt,Fashion,West,Ahmedabad,1,808.9,808.9,10.0,682.7,74.98,No,Cash,Paid,Delivered
ORD100268,2025-04-01,CUST1082,Tablet,Electronics,East,Kolkata,1,24976.13,24976.13,10.0,16007.97,326.14,No,Credit Card,Paid,Delivered
ORD101483,2026-06-10,CUST1304,Laptop,Electronics,North,Delhi,4,61779.44,247117.76,30.0,47182.67,461.74,No,Credit Card,Paid,Delivered
ORD105414,2025-05-17,CUST1394,Microwave,Home Appliances,North,Delhi,2,9439.7,18879.4,25.0,6000.39,136.62,No,Net Banking,Paid,Delivered
ORD100188,2025-07-07,CUST1569,Laptop,Electronics,South,Hyderabad,1,6867.39,6867.39,0.0,3792.99,66.35,No,Cash,Paid,Cancelled
ORD100284,2025-03-10,CUST1118,Microwave,Home Appliances,Central,Indore,1,9981.71,9981.71,15.0,7536.46,193.66,No,UPI,Paid,Delivered
ORD105519,2025-02-19,CUST1322,Laptop,Electronics,East,Patna,2,59171.64,118343.28,25.0,40917.55,60.74,No,Debit Card,Failed,Delivered
ORD104439,2026-05-21,CUST1399,Laptop,Electronics,West,Ahmedabad,3,61067.44,183202.32,15.0,42429.29,331.53,No,Debit Card,Paid,Cancelled
ORD103605,2026-01-01,CUST1001,Headphones,Electronics,East,Kolkata,5,3045.8,N/A,5.0,1770.19,88.34,Yes,Net Banking,Failed,Returned
ORD104103,2025-04-10,CUST1388,Office Chair,Furniture,East,Patna,5,9339.47,46697.35,15.0,7841.29,348.24,No,Debit Card,Paid,Delivered
ORD100759,2026-06-06,CUST1012,Smartphone,Electronics,East,Patna,1,30468.72,30468.72,0.0,24745.07,85.53,No,UPI,Paid,Delivered
ORD102061,2025-09-17,CUST1657,Smartwatch,Electronics,West,Pune,2,6666.71,13333.42,10.0,3845.89,353.78,No,Debit Card,Pending,Delivered
ORD103948,2025-09-16,CUST1757,Office Chair,Furniture,South,Chennai,4,9336.58,37346.32,5.0,6521.23,,No,Debit Card,Paid,Delivered
ORD105508,2026-04-29,CUST1512,Office Chair,Furniture,North,Delhi,3,9001.47,27004.41,25.0,7711.71,425.39,Yes,upi,Failed,Returned
ORD102157,2025-03-17,CUST1158,Desk,Furniture,South,Bengaluru,1,10825.69,10825.69,30.0,6796.96,412.26,No,Credit Card,Failed,Cancelled
ORD100054,18/05/2025,CUST1184,Backpack,Accessories,North,Delhi,5,2021.65,10108.25,25.0,1526.93,436.69,No,Credit Card,Paid,Cancelled
ORD105190,2025-07-23,CUST1504,Smartphone,Electronics,East,Patna,1,32005.6,32005.6,30.0,20958.65,166.65,No,Credit Card,Paid,Delivered
ORD105219,2026-03-03,CUST1574,T-Shirt,Fashion,Central,Indore,2,901.68,1803.36,30.0,688.87,347.42,No,UPI,Pending,Delivered
ORD102278,2025-08-05,CUST1626,Jacket,Fashion,East,Bhubaneswar,1,4891.01,4891.01,10.0,3672.01,280.2,No,Debit Card,Paid,Delivered
ORD102554,2025-06-07,CUST1237,Desk,Furniture,West,Ahmedabad,2,12209.38,24418.76,25.0,9609.73,381.19,No,Debit Card,Paid,Delivered
ORD103124,2025-12-22,CUST1468,Tablet,Electronics,South,Chennai,2,22761.76,45523.52,30.0,19269.4,349.56,No,UPI,Paid,Delivered
ORD105474,2025-10-25,CUST1707,Smartwatch,Electronics,Central,Nagpur,2,6709.2,13418.4,20.0,4948.09,168.76,No,Credit Card,Paid,Delivered
ORD104977,2025-09-30,CUST1385,Desk,Furniture,West,Ahmedabad,2,12932.59,25865.18,30.0,,311.59,No,UPI,Pending,Cancelled
ORD101779,2026-05-01,CUST1173,Blender,Home Appliances,Central,Indore,2,2650.36,5300.72,5.0,1841.51,417.5,No,Credit Card,Paid,Delivered
ORD101610,2026-01-03,CUST1741,T-Shirt,Fashion,East,Kolkata,1,875.72,875.72,30.0,727.97,217.65,Yes,Cash,Paid,Returned
ORD102011,2025-10-07,CUST1117,Bookshelf,Furniture,West,Pune,4,5815.57,N/A,20.0,3978.81,68.84,No,Credit Card,Pending,Delivered
ORD100375,2025-01-21,CUST1064,Smartwatch,Electronics,West,Mumbai,2,6878.42,13756.84,10.0,4882.64,359.15,No,Debit Card,Pending,Delivered
ORD104039,2025-04-07,CUST1163,Backpack,Accessories,East,Patna,1,1820.14,1820.14,0.0,1166.33,122.51,No,Net Banking,Pending,Delivered
ORD101582,2026-07-28,CUST1511,Tablet,Electronics,West,Pune,5,23803.91,119019.55,30.0,17412.54,312.05,Yes,Cash,Paid,Returned
ORD102244,2025-12-17,CUST1649,Microwave,Home Appliances,West,Ahmedabad,1,11772.69,11772.69,15.0,7806.93,178.11,No,Net Banking,Failed,Delivered
ORD105444,2025-11-01,CUST1595,Mixer,Home Appliances,South,Chennai,4,3937.0,15748.0,5.0,3391.12,303.39,No,Net Banking,Pending,Delivered
ORD101662,2025-03-16,CUST1557,Smartwatch,Electronics,West,Mumbai,2,7383.15,14766.3,10.0,4584.11,263.44,No,Credit Card,Paid,Delivered
ORD104160,2025-11-19,CUST1114,Shoes,Fashion,East,Kolkata,1,3464.62,3464.62,30.0,2862.82,109.17,No,,Failed,Delivered
ORD103671,2026-06-23,CUST1652,Bookshelf,Furniture,North,Lucknow,3,7185.23,21555.69,25.0,5189.46,298.71,No,Cash,Paid,Delivered
ORD103167,2026-04-24,CUST1162,Desk, Electronics ,South,Chennai,3,12039.82,36119.46,10.0,8627.38,175.2,Yes,Cash,Pending,Returned
ORD100847,2025-01-11,CUST1799,Smartwatch,Electronics,West,Ahmedabad,3,7393.48,22180.44,15.0,4706.65,389.47,No,Debit Card,Pending,Delivered
ORD103339,2026-02-01,CUST1484,Smartwatch,Electronics,East,Patna,3,7525.6,22576.8,0.0,4263.64,189.34,No,Credit Card,Paid,Delivered
ORD100845,2025-07-20,CUST1619,Smartphone,Electronics,South,Chennai,3,30952.47,92857.41,5.0,20505.75,401.08,No,Net Banking,paid,Delivered
ORD104778,2025-12-29,CUST1453,Shoes,Fashion,North,Delhi,3,3084.9,9254.7,25.0,2085.3,439.08,No,Debit Card,Failed,Cancelled
ORD104648,2025-07-07,CUST1663,Shoes,Fashion,West,Ahmedabad,2,3606.86,7213.72,25.0,2266.53,202.2,Yes,Cash,Paid,Returned
ORD104234,2026-07-25,CUST1151,Jacket,Fashion,East,Kolkata,1,5042.94,5042.94,20.0,3385.27,354.63,No,UPI,Paid,Cancelled
ORD100483,2025-04-22,CUST1005,Desk,Furniture,East,Bhubaneswar,3,10811.13,32433.39,15.0,9244.94,65.86,yes,Net Banking,Paid,Delivered
ORD100235,2025-12-31,CUST1163,Coffee Maker,Home Appliances,North,Lucknow,1,5627.51,5627.51,10.0,4756.2,249.75,No,UPI,Pending,Delivered
ORD103623,2025-07-25,CUST1601,Microwave,Home Appliances,Central,Bhopal,1,9589.83,9589.83,5.0,6203.9,73.02,Yes,Cash,Pending,Returned
ORD103704,2025-11-19,CUST1387,Shoes,Fashion,South,Hyderabad,1,3567.62,3567.62,25.0,2198.2,171.12,No,UPI,Paid,Delivered
ORD103452,2025-07-02,CUST1576,T-Shirt,Fashion,North,Lucknow,5,767.73,unknown,30.0,620.5,93.1,Yes,Cash,Failed,Returned
ORD105410,2026-03-04,CUST1355,Jacket,Fashion,North,Jaipur,1,4289.98,4289.98,5.0,2566.17,71.1,No,Cash,Failed,Delivered
ORD102432,2025-04-09,CUST1732,Desk,Furniture,North,Delhi,1,11179.17,11179.17,5.0,8653.97,494.16,Yes,Cash,Paid,Returned
ORD101124,2025-07-24,CUST1014,Office Chair,Furniture,West,Mumbai,5,8157.3,40786.5,20.0,,,No,Credit Card,Failed,Cancelled
ORD102638,2025-07-29,CUST1139,Desk,Furniture,South,Bengaluru,2,12158.29,24316.58,15.0,7626.46,386.8,No,Credit Card,Pending,Cancelled
ORD104790,2025-08-28,CUST1506,Blender,Home Appliances,South,Bengaluru,2,2583.79,5167.58,25.0,1915.14,484.58,Yes,Net Banking,Paid,Returned
ORD105040,2026-02-21,CUST1452,Smartwatch,Electronics,South,Chennai,1,6506.18,6506.18,5.0,5173.93,447.37,Yes,Cash,Paid,Returned
ORD101356,2025-07-29,CUST1089,Mixer,Home Appliances,West,Ahmedabad,1,4111.57,4111.57,0.0,3066.66,135.44,No,Cash,Pending,Delivered
ORD102223,2026-02-13,CUST1436,Bookshelf,Furniture,South,Hyderabad,1,5886.0,5886.0,0.0,3808.05,167.04,No,Net Banking,Paid,Cancelled
ORD102483,2026-07-11,CUST1197,Coffee Maker,Home Appliances,North,Jaipur,4,5388.84,21555.36,25.0,4087.22,475.79,Yes,Credit Card,Pending,Returned
ORD100822,2025-06-14,CUST1603,T-Shirt,Fashion,East,Patna,1,1015.53,1015.53,5.0,768.83,400.83,No,Debit Card,Failed,Cancelled
ORD100556,2026-02-26,CUST1369,Laptop,Electronics,East,Bhubaneswar,4,47622.97,190491.88,5.0,29402.64,328.33,No,Credit Card,Paid,Delivered
ORD101282,2025-09-25,CUST1476,Blender,Home Appliances,Central,Nagpur,4,3071.53,12286.12,25.0,1920.87,234.59,No,Cash,Paid,Delivered
ORD103722,2026-02-16,CUST1479,Headphones,Electronics,South,Chennai,2,3111.8,6223.6,30.0,2560.19,393.8,No,UPI,Paid,Delivered
ORD104470,2025-12-12,CUST1105,Laptop,Electronics,West,Mumbai,3,52312.48,156937.44,0.0,30906.62,446.92,No,Cash,Paid,Delivered
ORD100823,2025-02-13,CUST1509,Smartphone,Electronics,West,Mumbai,2,29824.64,59649.28,20.0,23713.51,429.42,Yes,UPI,Pending,Returned
ORD105832,2025-12-20,CUST1474,Coffee Maker,Home Appliances,South,Chennai,3,5596.53,16789.59,25.0,3631.78,330.03,No,Debit Card,Failed,Delivered
ORD102850,2025-01-10,CUST1087,Bookshelf,Furniture,North,Delhi,3,6100.53,18301.59,5.0,3557.55,160.64,No,Debit Card,Paid,Delivered
ORD104178,2025-08-24,CUST1680,Smartphone,Electronics,South,Bengaluru,4,30398.58,121594.32,15.0,24766.93,410.06,No, UPI ,Paid,Delivered
ORD103261,2025-05-10,CUST1023,Blender,Home Appliances,West,Ahmedabad,2,2632.98,5265.96,15.0,1878.05,410.51,No,UPI,Paid,Delivered
ORD105181,2025-08-18,CUST1269,Headphones,Electronics,North,Delhi,2,3079.44,6158.88,5.0,2181.22,56.8,No,Credit Card,Paid,Delivered
ORD104533,2025-03-11,CUST1110,Desk,Furniture,West,Ahmedabad,3,10472.69,31418.07,25.0,6572.45,262.3,Yes,Debit Card,Pending,Returned
ORD104639,2025-03-26,CUST1205,Jacket,Fashion,East,Bhubaneswar,2,4944.76,9889.52,0.0,3540.51,236.91,no,Net Banking,Paid,Delivered
ORD105963,2025-09-07,CUST1780,Office Chair,Furniture,Central,Indore,2,9918.85,19837.7,20.0,6968.07,168.64,Yes,Cash,Failed,Returned
ORD101844,28/06/2026,CUST1745,Office Chair,Furniture,Central,Bhopal,2,8329.46,16658.92,10.0,5032.6,72.61,No,Net Banking,Paid,Delivered
ORD101251,2026-01-19,CUST1375,Microwave,Home Appliances,Central,Bhopal,5,11213.99,56069.95,0.0,7035.14,284.96,Yes,Credit Card,Paid,Returned
ORD100210,29/05/2026,CUST1637,Backpack,Accessories,East,Bhubaneswar,2,1690.51,3381.02,10.0,1337.16,315.45,Yes,UPI,Failed,Returned
ORD101531,2025-07-20,CUST1454,Headphones,Electronics,Central,Bhopal,4,3461.98,13847.92,5.0,2627.25,409.7,No,Credit Card,Failed,Delivered
ORD101615,2026-05-17,CUST1689,Headphones,Electronics,South,Hyderabad,3,3459.61,10378.83,25.0,1904.22,469.53,No,,Failed,Delivered
ORD103775,2025-06-19,CUST1365,Blender,Home Appliances,South,Bengaluru,1,2968.79,2968.79,10.0,1708.83,433.24,No,Credit Card,Paid,Delivered
ORD104251,2026-07-18,CUST1654,Tablet,Electronics,West,Pune,2,21816.11,43632.22,15.0,17568.73,390.17,No,Net Banking,Pending,Delivered
ORD100139,2025-06-08,CUST1489,Microwave,Home Appliances,West,Ahmedabad,1,12648.07,12648.07,25.0,8284.19,438.56,No,Cash,Paid,Delivered
ORD104282,2025-03-02,CUST1685,Smartwatch,Electronics,East,Bhubaneswar,1,7812.29,7812.29,20.0,6267.66,166.51,Yes,Cash,Paid,Returned
ORD104064,2025-03-07,CUST1414,Bookshelf,Furniture,West,Mumbai,1,6554.37,6554.37,30.0,5718.55,250.83,No,Net Banking,Pending,Delivered
ORD102416,2025-10-10,CUST1636,Jacket,Fashion,Central,Nagpur,2,5029.61,10059.22,15.0,3499.73,335.34,No,Cash,Pending,Cancelled
ORD102498,2025-11-22,CUST1790, LAPTOP ,Home Appliances,West,Mumbai,1,4627.38,4627.38,30.0,3668.67,336.99,No,Debit Card,Paid,Delivered
ORD102325,2025-06-27,CUST1656,Jacket,Fashion,South,Hyderabad,1,4402.1,4402.1,20.0,3821.5,352.52,No,UPI,Paid,Delivered
ORD103370,2025-11-23,CUST1767,Backpack,Accessories,West,Ahmedabad,1,1736.88,1736.88,30.0,1471.62,314.22,No,Debit Card,Paid,Delivered
ORD105592,2025-07-31,CUST1475,Laptop,Electronics,Central,Nagpur,1,47705.52,47705.52,25.0,41686.11,281.2,No,Cash,Paid,Delivered
ORD101053,2025-12-15,CUST1412,T-Shirt,Fashion,Central,Bhopal,2,928.74,1857.48,25.0,813.61,43.72,No,Net Banking,Pending,Cancelled
ORD103654,2025-11-03,CUST1762,Shoes,Fashion,East,Kolkata,5,3430.35,17151.75,10.0,2625.37,227.06,No,Cash,Pending,Delivered
ORD102619,2025-06-10,CUST1605,Jacket,Fashion,Central,Indore,1,5033.58,5033.58,0.0,3846.34,235.53,No,Net Banking,Paid,Delivered
ORD105671,2026-02-16,CUST1703,Mixer,Home Appliances,North,Jaipur,3,4031.58,12094.74,20.0,3445.52,478.37,No,Cash,Paid,Delivered
ORD104231,2025-11-25,CUST1635,Backpack,Accessories,Central,Indore,1,1869.78,1869.78,15.0,1495.94,288.74,No,Net Banking,Pending,Delivered
ORD104967,2026-05-14,CUST1372,Bookshelf,Furniture,North,Delhi,1,5908.92,5908.92,30.0,4273.24,492.3,No,Net Banking,Paid,Delivered
ORD102014,2025-08-26,CUST1149,Tablet,Electronics,Central,Nagpur,2,20558.98,41117.96,20.0,,279.28,No,Debit Card,Paid,Delivered
ORD104810,2025-12-08,CUST1179,Office Chair,Furniture,North,Jaipur,5,8090.94,40454.7,10.0,7079.61,208.84,Yes,Net Banking,Pending,Returned
ORD105828,2026-01-10,CUST1758,Coffee Maker,Home Appliances,North,Jaipur,2,4986.86,9973.72,10.0,3989.28,353.69,No,Net Banking,Failed,Cancelled
ORD100593,2025-08-24,CUST1127,Mixer,Home Appliances,North,Delhi,1,4314.49,4314.49,30.0,3476.52,326.09,No,Debit Card,Paid,Delivered
ORD102882,2025-08-11,CUST1784,Mixer,Home Appliances,South,Chennai,1,4195.8,4195.8,30.0,2953.33,56.48,No,Credit Card,Failed,Cancelled
ORD100879,2026-03-03,CUST1644,Jacket,Fashion,Central,Nagpur,5,4346.77,21733.85,20.0,3426.52,120.12,No,Debit Card,Paid,Delivered
ORD103635,2025-10-06,CUST1249,Smartphone,Electronics,West,Mumbai,2,31636.61,63273.22,20.0,17503.04,72.73,No,Cash,Paid,Delivered
ORD101032,2025-04-05,CUST1296,Smartwatch,Electronics,West,Ahmedabad,3,7145.6,21436.8,25.0,5719.3,298.12,No,Debit Card,Paid,Delivered
ORD100344,2025-01-01,CUST1044,Shoes,Fashion,West,Ahmedabad,4,2838.46,11353.84,15.0,1821.99,432.37,No,Debit Card,Paid,Delivered
ORD100841,2026-07-27,CUST1480,Office Chair,Furniture,South,Bengaluru,1,9627.18,9627.18,25.0,7852.46,48.98,No,Net Banking,Paid,Delivered
ORD105362,2025-02-26,CUST1154,Headphones,Electronics,Central,Bhopal,5,3804.31,19021.55,0.0,2120.95,97.75,No,Credit Card,Pending,Cancelled
ORD102473,2026-06-09,CUST1174,Backpack,Accessories,East,Kolkata,4,1747.64,6990.56,0.0,1000.22,98.59,Yes,Cash,Failed,Returned
ORD105180,2025-12-30,CUST1636,T-Shirt,Fashion,West,Pune,1,821.7,821.7,0.0,638.4,146.4,Yes,Cash,Failed,Returned
ORD104147,2025-12-25,CUST1673,Mixer,Home Appliances,East,Bhubaneswar,1,4788.34,4788.34,15.0,4100.06,95.09,No,UPI,Paid,Delivered
ORD103252,2026-06-26,CUST1143,Desk,Furniture,South,Bengaluru,1,13289.05,13289.05,5.0,10175.7,258.95,No,Credit Card,Pending,Delivered
ORD101863,2026-06-29,CUST1062,Desk,Furniture,East,Kolkata,2,12896.43,25792.86,10.0,9742.74,126.54,No,Debit Card,Paid,Cancelled
ORD104020,2026-07-10,CUST1014,Shoes,Fashion,North,Lucknow,2,3461.02,6922.04,10.0,2290.1,285.31,No,Cash,Pending,Cancelled
ORD103393,2025-05-03,CUST1776,Smartwatch,Electronics,West,Mumbai,1,6857.94,6857.94,0.0,4074.34,58.06,No,Credit Card,Paid,Delivered
ORD105069,2025-08-19,CUST1115,Tablet,Electronics,North,Jaipur,1,18946.01,18946.01,20.0,13039.84,269.09,No,Debit Card,Paid,Delivered
ORD103719,2025-09-04,CUST1174,Desk,Furniture,East,Kolkata,1,11586.71,11586.71,0.0,8638.15,381.78,No,Net Banking,Paid,Delivered
ORD105983,2025-05-03,CUST1383,Desk,Furniture,North,Lucknow,5,12969.01,64845.05,15.0,8847.66,318.1,Yes,Debit Card,Failed,Returned
ORD103178,2026-01-24,CUST1157,Smartwatch,Electronics,West,Pune,3,7088.81,21266.43,15.0,5309.49,385.07,No,Debit Card,Paid,Delivered
ORD103788,2025-01-02,CUST1203,Office Chair,Furniture,East,Bhubaneswar,4,10175.28,40701.12,5.0,8628.21,486.17,No,Debit Card, PAID ,Cancelled
ORD104614,2025-07-24,CUST1436,Jacket,Fashion,North,Jaipur,5,4835.19,24175.95,0.0,3846.19,355.71,No,Credit Card,Pending,Delivered
ORD104975,2025-04-05,CUST1399,Microwave,Home Appliances,South,Chennai,3,12050.84,36152.52,15.0,9588.98,401.92,No,Credit Card,Paid,Delivered
ORD103447,2025-05-12,CUST1292,Jacket,Fashion,North,Jaipur,1,5165.06,5165.06,20.0,4426.84,187.5,No,Credit Card,Failed,Delivered
ORD105048,2025-07-16,CUST1191,Shoes,Fashion,North,Delhi,1,2816.38,2816.38,15.0,2335.76,185.1,No,Credit Card,Paid,Delivered
ORD103697,2025-09-21,CUST1318,Desk,Furniture,North,Jaipur,1,12425.9,12425.9,25.0,8120.03,391.61,No,Cash,Pending,Delivered
ORD103207,2025-03-05,CUST1030,Headphones,Electronics,East,Kolkata,3,2976.47,8929.41,20.0,2525.53,109.52,Yes,Debit Card,Failed,Returned
ORD103098,2026-04-01,CUST1541,Mixer,Home Appliances,South,Chennai,2,4224.6,8449.2,5.0,3145.23,369.81,no,Credit Card,Paid,Cancelled
ORD101809,2025-02-03,CUST1083,Smartphone,Electronics,Central,Nagpur,1,24134.94,24134.94,20.0,19272.2,482.51,No,Cash,Pending,Delivered
ORD104038,2025-07-28,CUST1290,Headphones,Electronics,North,Jaipur,1,3345.6,3345.6,20.0,2480.59,341.9,No,Cash,Pending,Delivered
ORD102909,2025-06-17,CUST1435,T-Shirt,Fashion,East,Bhubaneswar,1,920.2,920.2,30.0,587.95,225.82,No,Cash,Paid,Delivered
ORD103355,2026-05-04,CUST1187,Office Chair,Furniture,South,Hyderabad,2,9126.23,18252.46,5.0,7481.48,291.47,No,Debit Card,Paid,Delivered
ORD101189,2025-06-18,CUST1329,Smartwatch,Electronics,West,Pune,1,7459.46,7459.46,25.0,4530.9,427.64,No,Credit Card,Paid,Delivered
ORD102234,2026-06-07,CUST1348,Backpack,Accessories,East,Bhubaneswar,2,1576.29,3152.58,30.0,1248.31,323.95,No,Debit Card,Pending,Delivered
ORD105149,2026-01-31,CUST1438,Backpack,Accessories,North,Delhi,2,2024.54,4049.08,25.0,1178.78,112.81,No,Net Banking,Pending,Cancelled
ORD104169,2025-09-02,CUST1064,Backpack,Accessories,Central,Nagpur,1,2040.63,2040.63,5.0,1727.9,175.75,No,Net Banking,Pending,Delivered
ORD105093,2025-05-21,CUST1740,Microwave,Home Appliances,East,Patna,3,9803.77,29411.31,20.0,8472.89,108.15,No,Credit Card,Pending,Delivered
ORD101358,2026-02-27,CUST1716,Shoes,Fashion,South,Hyderabad,2,2895.9,5791.8,15.0,2268.3,58.46,No,Debit Card,Paid,Delivered
ORD101489,2026-03-23,CUST1300,Blender,Home Appliances,East,Kolkata,1,2995.92,2995.92,20.0,2391.49,71.05,No,UPI,Paid,Delivered
ORD103638,2026-05-03,CUST1311,Office Chair,Furniture,West,Mumbai,5,7855.36,39276.8,30.0,4683.54,340.03,Yes,Credit Card,Pending,Returned
ORD101564,2026-03-14,CUST1556,Smartwatch,Electronics,East,Kolkata,1,7846.74,7846.74,15.0,6504.64,266.92,No,Net Banking,Paid,Delivered
ORD103858,2025-05-06,CUST1043,Blender,Home Appliances,South,Bengaluru,1,2872.78,2872.78,15.0,1764.75,174.48,Yes,Net Banking,Paid,Returned
ORD105465,2026-05-16,CUST1709,Desk,Furniture,East,Patna,3,10320.89,30962.67,20.0,7339.06,83.16,No,Credit Card,Paid,Delivered
ORD103530,2025-08-07,CUST1513,Office Chair,Furniture,South,Bengaluru,5,7851.16,39255.8,30.0,4613.08,128.19,No,UPI,Failed,Delivered
ORD104384,2026-01-24,CUST1753,Office Chair,Furniture,East,Patna,1,8461.35,8461.35,20.0,7316.1,382.55,No,Debit Card,Paid,Cancelled
ORD105116,2025-04-02,CUST1650,Coffee Maker,Home Appliances,North,Lucknow,1,4867.81,4867.81,10.0,4093.43,299.97,No,UPI,Paid,Cancelled
ORD102518,2025-07-24,CUST1302,Office Chair,Furniture,Central,,1,8356.91,8356.91,30.0,6025.6,248.4,No,Net Banking,Paid,Cancelled
ORD100125,2026-07-21,CUST1750,Microwave,Home Appliances,East,Kolkata,1,9549.16,9549.16,30.0,7301.26,260.47,No,Net Banking,Failed,Delivered
ORD100364,2025-05-16,CUST1792,Coffee Maker,Home Appliances,West,Ahmedabad,5,4744.16,23720.8,20.0,2953.85,278.41,No,Debit Card,Paid,Delivered
ORD100117,2026-06-23,CUST1584,T-Shirt,Fashion,South,Chennai,2,819.1,1638.2,0.0,626.65,209.52,No,UPI,Paid,Cancelled
ORD105419,2025-01-18,CUST1162,Smartphone,Electronics,East,Kolkata,2,25763.34,51526.68,25.0,,117.26,No,Cash,Paid,Delivered
ORD105081,2025-02-16,CUST1158,Headphones,Electronics,Central,Indore,4,3571.6,14286.4,15.0,2002.92,316.28,No,Cash,Pending,Delivered
ORD104972,2026-07-02,CUST1421,Jacket,Fashion,South,Chennai,4,4191.07,16764.28,30.0,2793.86,468.12,Yes,Net Banking,Paid,Returned
ORD105198,2025-08-20,CUST1416,Laptop,Electronics,South,Chennai,4,62671.24,250684.96,20.0,43028.47,232.47,No,UPI,Paid,Delivered
ORD100629,2025-11-20,CUST1396,Jacket,Fashion,North,Jaipur,1,4309.65,4309.65,10.0,2863.41,383.37,No,Cash,Paid,Cancelled
ORD102575,2025-05-15,CUST1086,Backpack,Accessories,Central,Bhopal,1,1888.45,1888.45,,1341.34,191.09,No,Debit Card,Pending,Delivered
ORD105155,2025-06-30,CUST1269,Shoes,Fashion,South,Hyderabad,5,3176.44,15882.2,0.0,1911.06,,No,Credit Card,Paid,Delivered
ORD105804,2026-02-24,CUST1443,Desk,Furniture,North,Delhi,5,11812.28,59061.4,15.0,8475.93,105.24,No,Cash,Paid,Delivered
ORD104684,2026-06-08,CUST1123,Shoes,Fashion,South,Hyderabad,1,3522.65,3522.65,10.0,2140.6,424.39,No,Net Banking,Failed,Delivered
ORD101685,2026-05-04,CUST1799,Jacket,Fashion,West,Mumbai,5,5015.77,25078.85,30.0,4316.15,297.94,No,Credit Card,Paid,Delivered
ORD102012,2026-06-21,CUST1553,Desk,Furniture,South,Bengaluru,2,11413.35,22826.7,25.0,10037.55,117.58,Yes,Debit Card,Pending,Returned
ORD101988,2026-03-10,CUST1519,Tablet,Electronics,West,Pune,2,23995.47,47990.94,15.0,14287.22,57.15,No,Debit Card,Pending,Delivered
ORD101518,2025-03-23,CUST1524,Coffee Maker,Home Appliances,North,Lucknow,1,5260.21,5260.21,25.0,4570.54,112.03,No,Debit Card,Paid,Delivered
ORD105768,2025-03-02,CUST1386,Headphones,Electronics,Central,Nagpur,2,3151.03,6302.06,0.0,2692.26,445.1,No,Net Banking,Paid,Delivered
 ORD101512 ,2025-06-09,CUST1554,Jacket,Fashion,Central,Indore,1,5158.81,5158.81,30.0,4262.16,303.11,No,Debit Card,Paid,Delivered
ORD103177,2025-05-04,CUST1750,Headphones,Electronics,East,Bhubaneswar,1,3425.36,3425.36,25.0,2194.18,110.41,No,Credit Card,Paid,Cancelled
ORD104582,2025-01-06,CUST1601,Mixer,Home Appliances,East,Bhubaneswar,1,4465.79,4465.79,15.0,3035.2,136.91,No,Net Banking,Paid,Cancelled
ORD105245,2025-03-01,CUST1747,Headphones,Electronics,West,Mumbai,4,3039.9,12159.6,25.0,1689.74,352.74,Yes,UPI,Pending,Returned
ORD100975,2025-01-06,CUST1681,Microwave,Home Appliances,South,Hyderabad,1,10492.38,10492.38,15.0,7853.66,318.91,No,Cash,Paid,Delivered
ORD105441,2026-05-16,CUST1541,Microwave,Home Appliances,Central,Nagpur,1,11197.42,11197.42,25.0,8009.51,253.28,No,Credit Card,Paid,Delivered
ORD103749,2026-04-12,CUST1189,Backpack,Accessories,South,Bengaluru,3,1786.84,5360.52,0.0,1277.72,141.33,No,UPI,Paid,Delivered
ORD104480,2026-03-22,CUST1287,Smartwatch,Electronics,West,Mumbai,2,7789.48,15578.96,20.0,5413.36,486.57,Yes,Net Banking,Paid,Returned
ORD104257,2025-01-22,CUST1385,Smartwatch,Electronics,Central,Nagpur,1,7840.24,N/A,20.0,4674.05,422.11,No,Debit Card,Paid,Cancelled
ORD103058,2025-07-23,CUST1211,Shoes,Fashion,Central,Indore,4,3057.47,12229.88,0.0,2674.33,316.4,No,Net Banking,Failed,Delivered
ORD101735,2026-04-14,CUST1092,Jacket,Fashion,North,Delhi,3,4734.54,14203.62,0.0,3110.1,454.19,No,Credit Card,Pending,Delivered
ORD100477,2026-02-26,CUST1294,Office Chair,Furniture,Central,Bhopal,2,8586.91,17173.82,30.0,7254.42,218.4,No,Net Banking,Pending,Delivered
ORD101797,2025-11-12,CUST1500,Smartwatch,Electronics,West,Ahmedabad,2,7352.93,14705.86,10.0,4306.53,341.77,No,Cash,Paid,Delivered
ORD101005,2026-02-16,CUST1217,Smartphone,Electronics,South,Chennai,1,25421.33,25421.33,30.0,21351.65,72.87,Yes,Cash,Paid,Returned
ORD100631,2026-01-22,CUST1138,Jacket,Fashion,East,Patna,1,4242.65,4242.65,20.0,3074.9,224.41,No,Credit Card,Pending,Delivered
ORD105355,2026-06-21,CUST1153,T-Shirt,Fashion,East,Kolkata,2,849.89,1699.78,15.0,526.8,371.81,No,Net Banking,Paid,Cancelled
ORD102640,2026-03-05,CUST1543,Desk,Furniture,Central,Bhopal,1,11653.56,11653.56,20.0,"9,923.58",215.27,No,Net Banking,Failed,Cancelled
ORD104735,2026-01-03,CUST1535,Mixer,Home Appliances,North,Delhi,4,3785.42,15141.68,5.0,2813.83,388.79,No,Debit Card,Paid,Delivered
ORD101520,2025-10-04,CUST1072,Backpack,Accessories,East,Kolkata,1,1653.83,1653.83,25.0,1149.53,338.81,Yes,Credit Card,Failed,Returned
ORD105642,2025-03-09,CUST1226,Microwave,Home Appliances,West,Ahmedabad,2,11856.8,23713.6,30.0,8181.91,415.18,No,Debit Card,Paid,Delivered
ORD101398,2025-01-10,CUST1658,Tablet,Electronics,North,Lucknow,2,24259.55,48519.1,10.0,16469.55,186.32,Yes,Cash,Paid,Returned
ORD105818,2025-02-05,CUST1282,Laptop,Electronics,East,Kolkata,5,51604.18,258020.9,10.0,28971.24,327.8,No,Debit Card, PAID ,Delivered
ORD104589,2025-07-03,CUST1515,Desk,Furniture,East,Bhubaneswar,1,11278.99,11278.99,15.0,7533.89,89.54,Yes,Debit Card,Paid,Returned
ORD104214,2026-01-16,CUST1563,Coffee Maker,Home Appliances,North,Lucknow,4,5955.67,23822.68,0.0,3676.22,57.53,Yes,Credit Card,Failed,Returned
ORD102328,29/05/2025,CUST1528,Bookshelf,Furniture,South,Bengaluru,5,6756.42,33782.1,25.0,5478.9,276.02,No,UPI,Paid,Delivered
ORD105347,2026-02-17,CUST1217,Office Chair,Furniture,South,Bengaluru,4,8911.98,35647.92,5.0,5162.08,341.5,No,Net Banking,Paid,Delivered
ORD104722,2025-12-20,CUST1577,Shoes,Fashion,South,Hyderabad,4,3439.04,13756.16,10.0,2869.41,429.73,No,UPI,Pending,Delivered
ORD105186,2025-06-08,CUST1561,Headphones,Electronics,West,Pune,1,3786.66,3786.66,25.0,2294.12,261.59,No,Net Banking,Pending,Delivered
ORD102937,2025-07-25,CUST1241,Coffee Maker,Electronics,West,Mumbai,2,4714.41,9428.82,5.0,4144.67,360.89,No,Cash,Paid,Cancelled
ORD105416,2025-08-31,CUST1538,Office Chair,Furniture,West,Pune,5,9437.93,47189.65,20.0,7750.05,388.54,No,UPI,Paid,Cancelled
ORD102462,2025-01-30,CUST1583,Laptop,Electronics,West,Pune,1,47109.68,N/A,10.0,38598.99,142.4,Yes,Cash,Failed,Returned
ORD104866,2025-12-08,CUST1402,Tablet,Electronics,North,Jaipur,1,22626.99,22626.99,10.0,17734.73,281.09,Yes,Cash,Pending,Returned
ORD105722,2025-04-04,CUST1743,Mixer,Home Appliances,North,Lucknow,4,4742.55,18970.2,15.0,3058.52,111.84,Yes,Credit Card,Paid,Returned
ORD105247,2025-12-16,CUST1578,Desk,Furniture,South,Bengaluru,4,12425.91,49703.64,30.0,10249.66,84.44,No,Credit Card,Paid,Delivered
ORD102996,2025-04-09,CUST1030,Smartwatch,Electronics,South,Hyderabad,4,7652.85,30611.4,10.0,6546.92,118.82,No,Debit Card,Pending,Delivered
ORD102917,2025-12-16,CUST1323,Smartphone,Electronics,North,Delhi,5,27947.33,139736.65,5.0,22728.63,212.98,No,Net Banking,Failed,Delivered
ORD103323,2025-11-19,CUST1013,Desk,Furniture,West,Pune,3,13780.24,41340.72,0.0,10453.35,140.72,yes,UPI,Paid,Cancelled
ORD102620,2025-10-03,CUST1711,Microwave,Home Appliances,West,Ahmedabad,3,11866.05,35598.15,5.0,8356.84,66.87,No,Net Banking,Failed,Delivered
ORD101997,2025-02-10,CUST1751,T-Shirt,Fashion,East,Patna,5,791.34,3956.7,5.0,587.41,364.76,No,Debit Card,Pending,Delivered
ORD104301,2025-02-28,CUST1221,Smartphone,Electronics,Central,Bhopal,2,29587.32,59174.64,10.0,17549.37,129.87,No,UPI,Paid,Delivered
ORD105096,2025-02-28,CUST1573,Tablet,Electronics,West,Pune,5,19715.46,98577.3,0.0,13171.62,85.37,No,Credit Card,Paid,Delivered
ORD103117,2026-07-28,CUST1342,Coffee Maker,Home Appliances,North,Delhi,5,5813.78,29068.9,0.0,4165.13,396.63,No,Cash,Paid,Delivered
ORD101806,2026-02-10,CUST1293,Tablet,Electronics,Central,Indore,3,21673.66,65020.98,10.0,17018.34,493.28,No, UPI ,Paid,Delivered
ORD104495,2025-09-26,CUST1431,T-Shirt,Fashion,Central,Indore,2,774.29,1548.58,30.0,633.17,201.4,No,Net Banking,Paid,Delivered
ORD101989,2025-07-12,CUST1227,Shoes,Fashion,East,Patna,2,3101.87,6203.74,10.0,1923.22,379.68,No,Cash,Failed,Delivered
ORD101575,2026-03-11,CUST1233,Office Chair,Furniture,East,Patna,1,8171.74,8171.74,5.0,5814.08,110.76,No,Net Banking,Paid,Delivered
ORD102599,2025-01-21,CUST1188,Smartphone,Electronics,Central,Nagpur,2,28157.39,56314.78,5.0,18042.86,224.55,No,Net Banking,Pending,Delivered
ORD103950,2026-05-17,CUST1658,Headphones,Electronics,East,Kolkata,2,3323.55,6647.1,15.0,1973.36,403.67,No,Net Banking,Paid,Cancelled
ORD101198,2025-04-15,CUST1787,Tablet,Electronics,East,Bhubaneswar,1,24168.35,24168.35,15.0,15902.67,140.32,No,Cash,Paid,Delivered
ORD102368,2026-03-29,CUST1187,Smartwatch,Electronics,West,Pune,3,7351.88,22055.64,10.0,5610.66,152.47,No,Cash,Pending,Cancelled
ORD103596,2026-05-06,CUST1296,Tablet,Electronics,North,Jaipur,2,20207.4,40414.8,10.0,17019.04,230.16,Yes, UPI ,Paid,Returned
ORD100469,2026-04-02,CUST1087,Shoes,Fashion,West,Ahmedabad,1,3398.99,3398.99,25.0,2370.52,96.79,No,Net Banking,Paid,Cancelled
ORD105547,2025-07-27,CUST1199,Jacket,Fashion,Central,Nagpur,5,4873.15,24365.75,10.0,3682.26,283.7,No,Cash,Paid,Delivered
ORD105981,2025-07-23,CUST1742,Bookshelf,Furniture,South,Hyderabad,4,6402.71,25610.84,20.0,3737.11,115.89,Yes,Credit Card,Paid,Returned
ORD104956,2026-01-07,CUST1490,Microwave,Home Appliances,Central,Nagpur,1,11716.43,11716.43,30.0,7654.76,320.9,Yes,Credit Card,Paid,Returned
ORD100866,2025-02-16,CUST1772,Laptop,Electronics,South,Hyderabad,1,58644.74,58644.74,10.0,36645.48,182.98,No,Cash,Paid,Cancelled
ORD100079,2025-03-25,CUST1361,Bookshelf,Furniture,North,Delhi,1,7046.97,7046.97,10.0,5346.16,46.02,No,Cash,Pending,Delivered
ORD100533,2026-05-26,CUST1603,Bookshelf,Furniture,Central,Nagpur,5,6549.62,32748.1,25.0,4040.73,499.23,No,Credit Card,Failed,Delivered
ORD101109,2025-06-25,CUST1320,Desk,Furniture,Central,,1,13711.06,13711.06,15.0,10763.5,83.56,No,Cash,Paid,Cancelled
ORD102338,2025-11-12,CUST1115,Backpack,Accessories,West,Mumbai,5,1680.52,8402.6,10.0,1130.86,217.88,No,Cash,Paid,Delivered
ORD104466,2025-05-15,CUST1020,T-Shirt,Fashion,West,,4,842.72,3370.88,30.0,618.69,400.6,No,Credit Card,Paid,Delivered
ORD104361,2026-03-17,CUST1344,Blender,Home Appliances,South,Hyderabad,2,3063.54,6127.08,30.0,2350.61,474.98,Yes,Debit Card,Paid,Returned
ORD100164,2026-07-28,CUST1768,Desk,Furniture,West,Mumbai,2,10825.51,21651.02,15.0,7836.84,236.0,Yes,Debit Card,Paid,Returned
ORD104014,2025-08-28,CUST1095,Microwave,Home Appliances,South,Chennai,2,9766.78,19533.56,15.0,6832.33,413.2,No,UPI,Failed,Cancelled
ORD105487,2026-06-09,CUST1278,Smartphone,Electronics,East,Kolkata,2,30254.04,60508.08,0.0,19985.41,348.9,No,UPI,Paid,Delivered
ORD104569,2025-08-11,CUST1185,Blender,Home Appliances,East,Patna,1,3118.58,3118.58,,2473.22,81.8,No,UPI,Pending,Delivered
ORD100875,2026-05-17,CUST1441,Bookshelf,Furniture,South,Bengaluru,4,5956.93,23827.72,20.0,5181.23,254.95,No,Net Banking,Paid,Cancelled
ORD100185,2025-03-19,CUST1124,T-Shirt,Fashion,Central,Indore,1,878.74,878.74,15.0,627.19,122.0,No,UPI,Paid,Delivered
ORD102165,21/07/2025,CUST1416,Smartphone,Electronics,East,Kolkata,1,29243.44,29243.44,0.0,23995.98,98.22,No,Net Banking,Failed,Delivered
ORD102469,2026-05-10,CUST1170,Shoes,Fashion,South,Hyderabad,2,3418.44,6836.88,5.0,2273.84,300.03,Yes,UPI,Pending,Returned
ORD101475,2026-06-07,CUST1283,Headphones,Electronics,North,Jaipur,5,3923.91,19619.55,0.0,3173.82,163.85,No,Debit Card,Paid,Delivered
ORD100135,2025-05-06,CUST1217,Jacket,Fashion,Central,Bhopal,1,4509.77,4509.77,25.0,3504.58,222.79,No,Net Banking,Paid,Delivered
ORD102419,2025-07-20,CUST1411,Smartphone,Electronics,East,Kolkata,3,30444.11,91332.33,15.0,19060.34,62.27,No,Credit Card,Paid,Delivered
ORD103936,2025-08-22,CUST1762,Desk,Furniture,West,Ahmedabad,1,13430.08,13430.08,25.0,11443.41,276.11,No,UPI,Paid,Cancelled
ORD105411,2026-01-06,CUST1792,Mixer,Home Appliances,South,Bengaluru,4,4227.65,16910.6,10.0,2484.92,196.23,No,Credit Card,Failed,Delivered
ORD104422,2025-02-22,CUST1241,T-Shirt,Fashion,South,Bengaluru,4,819.98,3279.92,25.0,456.17,49.74,No,Debit Card,Paid,Cancelled
ORD103655,2026-04-28,CUST1251,Smartwatch,Electronics,North,Delhi,1,6105.68,6105.68,30.0,4996.8,115.13,No,Net Banking,Failed,Delivered
ORD104414,2025-10-07,CUST1525,Blender,Home Appliances,West,Pune,3,3262.54,9787.62,15.0,1930.19,462.24,No,Credit Card,Pending,Delivered
ORD102891,2026-05-24,CUST1654,smartphone,Furniture,North,Jaipur,1,9197.04,9197.04,5.0,6161.11,133.15,No,UPI,Pending,Cancelled
ORD102097,2025-12-23,CUST1343,Coffee Maker,Home Appliances,North,Jaipur,1,5374.22,5374.22,20.0,4045.67,358.96,Yes,Net Banking,Paid,Returned
ORD105898,2026-05-20,CUST1242,Laptop,Electronics,South,Chennai,1,49980.26,49980.26,25.0,30477.28,451.48,No,Credit Card,Paid,Cancelled
ORD103869,2026-06-23,CUST1635,Bookshelf,Furniture,South,Bengaluru,1,7454.98,7454.98,20.0,4283.36,297.91,No,Credit Card,Failed,Cancelled
ORD102574,2025-02-12,CUST1461,Backpack,Accessories,West,Pune,4,1883.64,7534.56,30.0,1594.4,417.15,No,UPI,Paid,Delivered
ORD102500,2025-07-26,CUST1786,Shoes,Fashion,South,Chennai,1,3199.03,3199.03,0.0,2162.06,468.77,No,Net Banking,Paid,Delivered
ORD105585,2026-02-26,CUST1038,Shoes,Fashion,West,Mumbai,1,3605.65,3605.65,10.0,3123.42,unknown,No,UPI,Paid,Delivered
ORD102730,2025-10-24,CUST1243,Office Chair,Furniture,South,Bengaluru,1,8131.49,8131.49,10.0,6005.93,297.26,No,Debit Card,Paid,Delivered
ORD104558,2026-01-17,CUST1453,Laptop,Electronics,Central,Nagpur,1,51409.38,51409.38,25.0,33591.84,170.12,No,Net Banking,Paid,Delivered
ORD101228,2025-03-30,CUST1466,Desk,Furniture,East,Bhubaneswar,2,13713.07,27426.14,25.0,11341.75,235.96,No,Credit Card,Pending,Delivered
ORD104645,2025-05-27,CUST1576,Bookshelf,Furniture,South,Hyderabad,1,6201.25,6201.25,15.0,4918.56,111.59,No,Net Banking,Paid,Delivered
ORD100647,2026-04-22,CUST1414,Mixer,Home Appliances,Central,Nagpur,3,3660.39,10981.17,5.0,,217.61,No,Debit Card,Paid,Delivered
ORD105640,2025-04-23,CUST1493,Smartphone,Electronics,West,Pune,1,31741.55,31741.55,10.0,22142.2,176.77,Yes,Net Banking,Paid,Returned
ORD103105,2025-07-09,CUST1622,Headphones,Electronics,West,Pune,2,3476.38,6952.76,25.0,2669.64,193.7,No,Credit Card,Failed,Delivered
ORD104955,2025-05-16,CUST1484,Coffee Maker,Home Appliances,Central,Nagpur,1,5885.19,5885.19,25.0,3732.94,52.63,No,Net Banking,Paid,Cancelled
ORD102295,2026-03-22,CUST1221,Office Chair,Furniture,West,Mumbai,1,9807.69,9807.69,10.0,6276.42,141.35,No,Cash,Paid,Delivered
ORD103038,2025-01-17,CUST1607,Microwave,Home Appliances,West,Pune,2,10762.71,21525.42,25.0,7530.27,314.65,No,Cash,Failed,Delivered
ORD105974,2026-03-22,CUST1144,Bookshelf,Furniture,Central,Bhopal,4,7321.14,29284.56,25.0,5407.44,222.96,No,Net Banking,Paid,Cancelled
ORD100691,2025-06-19,CUST1271,T-Shirt,Fashion,West,Mumbai,1,989.91,989.91,0.0,701.26,225.1,Yes,Debit Card,Pending,Returned
ORD101463,2025-02-13,CUST1700,Headphones,Electronics,North,Jaipur,1,3341.31,3341.31,15.0,2356.41,175.8,No,Credit Card,Failed,Delivered
ORD105893,2025-11-14,CUST1700,Laptop,Electronics,South,Chennai,1,62232.87,62232.87,15.0,,91.51,No,UPI,Failed,Delivered
ORD102028,2025-07-27,CUST1204,Office Chair,Furniture,West,Pune,1,9276.62,9276.62,30.0,7070.99,323.84,No,Net Banking,Paid,Cancelled
ORD104312,2025-11-05,CUST1061,Office Chair,Furniture,Central,Nagpur,2,9390.96,18781.92,20.0,5217.18,484.66,No,Net Banking,Failed,Delivered
ORD101276,2025-01-19,CUST1046,Backpack,Accessories,South,Hyderabad,5,1558.44,7792.2,0.0,1197.46,447.85,No,Credit Card,Failed,Cancelled
ORD100543,2025-06-25,CUST1238,Tablet,Electronics,North,Jaipur,5,22069.43,110347.15,10.0,18200.42,496.15,Yes,Debit Card,Paid,Returned
ORD102758,2026-04-21,CUST1342,Blender,Home Appliances,North,Delhi,1,2685.04,2685.04,25.0,2207.29,450.53,No,Cash,Paid,Delivered
ORD104066,2026-02-27,CUST1660,Office Chair,Furniture,East,Patna,4,10108.6,40434.4,20.0,8292.23,182.37,No,Net Banking,Paid,Delivered
ORD102486,2026-02-14,CUST1070,Mixer,Home Appliances,East,Patna,1,3829.04,3829.04,20.0,3036.54,299.85,No,UPI,Paid,Delivered
ORD105590,2025-02-02,CUST1167,Tablet,Electronics,South,Chennai,1,20677.75,20677.75,15.0,12463.24,369.93,No,Cash,Failed,Delivered
ORD101985,2026-04-07,CUST1252,Bookshelf,Furniture,North,Lucknow,4,7295.89,29183.56,30.0,5617.14,348.76,No,Debit Card,Paid,Delivered
ORD105364,2026-03-13,CUST1120,Microwave,Home Appliances,South,,3,11269.08,33807.24,15.0,6997.01,494.82,No,Net Banking,Failed,Cancelled
ORD102908,2025-06-27,CUST1444,Coffee Maker,Home Appliances,West,Pune,1,5188.52,5188.52,30.0,4318.72,164.88,No,Credit Card,Paid,Delivered
ORD102998,2026-01-25,CUST1347,Bookshelf,Furniture,East,Patna,1,6028.2,6028.2,0.0,4781.56,110.94,No,UPI,Pending,Delivered
 ORD102374 ,2025-09-22,CUST1343,Jacket,Fashion,East,Bhubaneswar,1,4836.83,4836.83,25.0,3585.24,140.92,No,UPI,Pending,Delivered
ORD100226,2026-01-23,CUST1625,Laptop,Electronics,North,Delhi,3,60727.8,182183.4,5.0,50268.57,306.9,No,Credit Card,Failed,Delivered
ORD105801,2026-03-29,CUST1457,T-Shirt,Fashion,South,Hyderabad,1,1005.23,1005.23,20.0,883.54,123.31,No,Cash,Failed,Delivered
ORD100553,2025-10-03,CUST1488,Jacket,Fashion,South,Bengaluru,1,4818.65,4818.65,15.0,3639.3,445.71,No,Debit Card,Failed,Delivered
ORD104157,2026-04-22,CUST1178,Bookshelf,Furniture,East,Bhubaneswar,2,6814.3,13628.6,25.0,5698.42,67.33,No,Cash,Paid,Delivered
ORD102932,2025-03-10,CUST1523,Microwave,Home Appliances,Central,Indore,1,12373.08,12373.08,5.0,10136.71,297.69,No,UPI,Paid,Cancelled
ORD101732,2026-06-29,CUST1286,Coffee Maker,Home Appliances,East,Kolkata,2,6063.0,12126.0,15.0,3499.45,434.21,No,Cash,Paid,Delivered
ORD102059,2025-10-17,CUST1446,Microwave,Home Appliances,Central,Nagpur,5,10305.61,51528.05,0.0,8730.01,218.72,No,Net Banking,Paid,Cancelled
ORD102020,2025-04-25,CUST1731,Microwave, Electronics ,North,Jaipur,2,12526.42,25052.84,10.0,10629.2,81.62,No,UPI,Pending,Delivered
ORD104003,2026-05-21,CUST1163,Backpack,Accessories,South,Hyderabad,1,1890.4,1890.4,25.0,1298.79,357.81,Yes,Debit Card,Failed,Returned
ORD103868,2025-11-29,CUST1466,Blender,Home Appliances,Central,Bhopal,5,2764.55,13822.75,20.0,2028.62,125.19,No,UPI,Paid,Delivered
ORD105757,2025-05-28,CUST1192,Tablet,Electronics,North,Delhi,1,20776.83,20776.83,0.0,12159.51,105.9,No,Net Banking,Paid,Delivered
ORD105724,2025-08-25,CUST1418,Coffee Maker,Home Appliances,West,Mumbai,2,5457.73,10915.46,30.0,,181.77,No,Credit Card,Paid,Delivered
ORD101839,2025-08-17,CUST1394,Microwave,Home Appliances,South,Chennai,2,11478.0,22956.0,10.0,6678.35,72.11,Yes,Debit Card,Paid,Returned
ORD105085,2025-05-26,CUST1250,Mixer,Home Appliances,East,Patna,2,4671.07,9342.14,5.0,3433.43,158.77,No,Credit Card,Paid,Cancelled
ORD105785,25/04/2026,CUST1236,Bookshelf,Furniture,East,Patna,5,6560.76,32803.8,10.0,4062.22,254.58,Yes,UPI,Failed,Returned
ORD102107,2026-05-24,CUST1342,Mixer,Home Appliances,East,Kolkata,1,4521.99,4521.99,0.0,3551.7,74.29,No,UPI,Paid,Delivered
ORD103941,2025-12-04,CUST1411,Smartwatch,Electronics,Central,Bhopal,5,7780.79,38903.95,20.0,4782.95,260.93,No,Credit Card,Paid,Cancelled
ORD103933,2025-11-01,CUST1495,Office Chair,Furniture,North,Delhi,3,9969.05,29907.15,0.0,6654.81,146.07,No,Cash,Pending,Delivered
ORD100661,2025-05-13,CUST1583,Blender,Home Appliances,North,Lucknow,1,3370.42,3370.42,0.0,2766.7,148.72,No,UPI,Failed,Delivered
ORD101635,2026-06-16,CUST1742,Smartwatch,Electronics,West,Mumbai,1,6806.83,6806.83,25.0,4061.28,241.06,Yes,Credit Card,Paid,Returned
ORD100348,2025-08-06,CUST1177,Jacket,Fashion,North,Lucknow,3,4740.97,14222.91,25.0,3070.09,325.02,No,Cash,Paid,Cancelled
ORD100297,2025-07-06,CUST1770,Office Chair,Furniture,East,Kolkata,1,8550.74,8550.74,15.0,5742.58,451.86,No,Credit Card,Paid,Cancelled
ORD102583,2025-01-19,CUST1012,Bookshelf,Furniture,West,Mumbai,2,7295.22,14590.44,0.0,6095.65,337.1,Yes,Net Banking,Paid,Returned
ORD103618,2025-09-27,CUST1361,laptop,Home Appliances,Central,Indore,1,2998.52,2998.52,10.0,2540.06,203.64,No,UPI,Paid,Delivered
ORD104300,2026-04-14,CUST1055,T-Shirt,Fashion,North,Delhi,2,984.67,1969.34,20.0,680.99,105.41,No,UPI,Paid,Delivered
ORD105002,2025-10-15,CUST1007,Laptop,Electronics,North,Delhi,1,61873.52,61873.52,30.0,45545.5,444.6,No,Credit Card,Paid,Delivered
ORD105009,2025-01-06,CUST1010,Tablet,Electronics,West,Mumbai,5,18844.22,94221.1,5.0,13248.11,271.61,No,Debit Card,Paid,Delivered
ORD103677,2026-05-26,CUST1246,Office Chair,Furniture,North,Delhi,2,8589.33,17178.66,10.0,6351.34,481.78,No,Credit Card,Paid,Delivered
ORD102402,2026-05-15,CUST1537, LAPTOP ,electronics,North,Delhi,1,3449.88,3449.88,20.0,2899.48,237.06,Yes,Cash,Paid,Returned
ORD103771,2026-03-26,CUST1523,Coffee Maker,Home Appliances,East,Patna,2,5417.77,10835.54,25.0,4129.07,158.13,No,Credit Card,Paid,Delivered
ORD101033,2026-01-06,CUST1783,Backpack,Accessories,North,Delhi,2,1962.74,3925.48,10.0,1477.61,430.64,No,Debit Card,Paid,Delivered
ORD104687,2025-03-31,CUST1141,Office Chair,Furniture,South,Chennai,2,10275.03,20550.06,25.0,7770.47,73.24,No,Cash,Paid,Cancelled
ORD105400,2025-04-08,CUST1126,Smartphone,Electronics,Central,Nagpur,1,26499.11,26499.11,15.0,20294.93,74.2,No,Debit Card,Paid,Delivered
ORD103702,2026-07-07,CUST1023,Blender,Home Appliances,Central,Bhopal,1,3073.58,3073.58,10.0,1752.46,104.11,No,Debit Card,Paid,Delivered
ORD103817,2026-02-01,CUST1074,Smartwatch,Electronics,East,Bhubaneswar,3,7640.97,22922.91,10.0,5633.8,399.39,No,Cash,Paid,Delivered
ORD101233,2026-01-05,CUST1706,Jacket,Fashion,West,Pune,1,5049.1,5049.1,5.0,3050.45,65.08,No,Net Banking,Paid,Delivered
ORD105759,2026-04-05,CUST1499,Desk,Furniture,South,Chennai,2,12516.39,25032.78,0.0,10701.83,139.49,No,Credit Card,Paid,Delivered
ORD103800,2026-07-03,CUST1261,smartphone,Electronics,South,Chennai,1,48170.34,48170.34,20.0,27810.58,41.55,No,Credit Card,Failed,Delivered
ORD101585,2026-07-15,CUST1568,Laptop,Electronics,East,Patna,4,51446.39,205785.56,30.0,34860.04,444.9,No,Credit Card,Paid,Delivered
ORD101946,2025-03-05,CUST1025,Shoes,Fashion,East,Bhubaneswar,4,3292.36,13169.44,0.0,2209.68,97.46,No,UPI,Pending,Delivered
ORD101591,2025-07-20,CUST1292,Bookshelf,Furniture,East,Bhubaneswar,1,6046.31,6046.31,15.0,3661.72,197.33,Yes,Credit Card,Pending,Returned
ORD104217,2025-07-01,CUST1466,Headphones,Electronics,Central,Bhopal,2,3189.29,6378.58,0.0,2298.35,495.19,No,Debit Card,Paid,Cancelled
ORD100656,2026-03-26,CUST1721,Blender,Home Appliances,North,Lucknow,1,3344.01,3344.01,25.0,2091.55,445.95,Yes,Cash,Paid,Returned
ORD102199,2025-05-03,CUST1546,Backpack,Accessories,East,Kolkata,1,1616.36,1616.36,15.0,1013.39,185.32,No,UPI,Paid,Delivered
ORD105848,2026-05-03,CUST1324,Mixer,Home Appliances,Central,Nagpur,5,3591.89,17959.45,5.0,2018.68,359.06,No,Cash,Failed,Delivered
ORD103184,2025-09-08,CUST1434,Microwave,Home Appliances,East,Bhubaneswar,2,9870.88,19741.76,0.0,7304.04,380.91,Yes,UPI,Pending,Returned
ORD101896,2025-08-22,CUST1417,Bookshelf,Furniture,North,Lucknow,1,6486.11,6486.11,15.0,5376.3,78.02,No,Credit Card,Failed,Delivered
ORD103558,2026-06-27,CUST1663,Smartwatch,Electronics,West,Pune,2,6124.66,12249.32,25.0,3439.0,482.05,No,UPI,Paid,Delivered
ORD104226,2025-01-04,CUST1534,Jacket,Fashion,Central,Indore,4,3922.51,15690.04,0.0,2557.26,341.18,Yes,Cash,Paid,Returned
ORD101722,2025-01-17,CUST1523,Blender,Home Appliances,North,Delhi,1,3003.66,3003.66,5.0,2162.23,379.99,No,Credit Card,Pending,Delivered
ORD100133,2026-01-02,CUST1719,Backpack,Accessories,East,Bhubaneswar,2,1722.64,3445.28,15.0,1217.27,428.32,No,Cash,Paid,Cancelled
ORD104096,2025-02-05,CUST1466,T-Shirt,Fashion,West,Pune,1,982.67,982.67,25.0,580.58,268.82,No,Net Banking,Paid,Delivered
ORD104347,2025-01-03,CUST1597,Headphones,Electronics,North,Delhi,1,3804.42,3804.42,0.0,2095.6,76.48,No,Cash,Paid,Cancelled
ORD105165,2026-04-22,CUST1553,Blender,Home Appliances,North,Lucknow,1,2576.35,2576.35,10.0,1950.81,108.22,No,UPI,Paid,Delivered
ORD101887,2025-05-12,CUST1588,Blender,Home Appliances,South,Chennai,1,2832.33,2832.33,30.0,2390.38,180.22,No,Debit Card,Paid,Delivered
ORD104795,2025-06-21,CUST1114,Shoes,Fashion,Central,Bhopal,5,2953.4,14767.0,0.0,2410.11,236.68,No,Credit Card, PAID ,Cancelled
ORD105541,2025-06-14,CUST1226,Mixer,Home Appliances,North,Delhi,1,3767.62,3767.62,20.0,2255.71,83.09,No,Credit Card,Paid,Cancelled
ORD100577,2025-07-06,CUST1288,Coffee Maker,Home Appliances,North,Jaipur,3,5488.5,16465.5,5.0,3373.64,474.13,No,Credit Card,Failed,Delivered
ORD103143,2025-05-04,CUST1528,Smartwatch,Electronics,East,Bhubaneswar,1,5967.66,5967.66,20.0,4080.88,372.33,No,Cash,Pending,Cancelled
ORD100238,2025-01-01,CUST1549,Headphones,Electronics,South,Bengaluru,5,4019.38,20096.9,30.0,2213.73,60.31,No,Net Banking,Pending,Delivered
ORD102370,2025-11-25,CUST1593,Mixer,Home Appliances,North,Delhi,2,4484.6,8969.2,5.0,3840.52,347.02,No,UPI,Failed,Delivered
ORD105509,2025-02-04,CUST1590,Blender,Home Appliances,West,Ahmedabad,3,2803.95,8411.85,20.0,1841.26,122.08,Yes,Debit Card,Failed,Returned
ORD100956,2025-07-17,CUST1094,Smartwatch,Electronics,North,Lucknow,1,6996.12,6996.12,25.0,4914.11,49.75,No,Debit Card,Failed,Delivered
ORD105158,2025-10-12,CUST1555,Smartwatch,Electronics,North,Bhopal,2,7238.37,14476.74,10.0,5183.07,416.47,No,UPI,Paid,Delivered
ORD101953,2026-07-20,CUST1575,Backpack,Accessories,North,Delhi,2,2013.5,4027.0,10.0,1468.11,457.06,No,Cash,Pending,Delivered
ORD103289,2026-01-25,CUST1667,Smartphone,Electronics,North,Delhi,3,30101.72,90305.16,20.0,25500.46,332.11,No,Net Banking,Paid,Delivered
ORD105656,2026-04-15,CUST1267,Shoes,Fashion,Central,Nagpur,1,2993.83,2993.83,20.0,1902.91,273.66,No,Net Banking,Pending,Delivered
ORD101878,2026-05-27,CUST1173,Smartphone,Electronics,East,Patna,1,28872.72,28872.72,20.0,21576.24,407.52,No,Net Banking,Failed,Delivered
ORD100729,2025-05-04,CUST1019,Coffee Maker,Home Appliances,West,Nagpur,4,5043.37,20173.48,5.0,3010.42,334.3,Yes,Net Banking,Paid,Returned
ORD105557,2025-04-03,CUST1646,Smartphone,Electronics,East,Bhubaneswar,3,29494.49,88483.47,15.0,"23,546.52",144.47,No,Debit Card,Pending,Delivered
ORD101009,2025-12-06,CUST1776,Smartphone,Electronics,North,Delhi,1,25563.43,25563.43,10.0,15284.03,266.36,No,Debit Card,Pending,Delivered
ORD100549,2026-06-21,CUST1691,T-Shirt,Fashion ,Central,Nagpur,1,820.01,820.01,20.0,474.93,197.42,No,Cash,Paid,Delivered
ORD105433,2025-07-13,CUST1793,Desk,Furniture,South,Bengaluru,1,12221.32,12221.32,25.0,8990.59,379.76,No,UPI,Paid,Cancelled
ORD105065,2026-06-20,CUST1763,Mixer,Home Appliances,South,Chennai,2,3951.33,7902.66,25.0,3109.1,451.66,No,UPI,Pending,Cancelled
ORD101359,2026-04-29,CUST1447,Smartphone,Electronics,East,Bhubaneswar,5,27435.11,137175.55,10.0,21021.51,196.55,No,Credit Card,Failed,Delivered
ORD103108,2026-04-26,CUST1120,laptop,Furniture,South,Chennai,1,13258.77,13258.77,15.0,11106.93,276.71,No,Net Banking,Paid,Cancelled
ORD104206,2026-07-15,CUST1189,Tablet,Electronics,South,Bengaluru,2,20765.27,41530.54,10.0,17471.15,217.7,No,Debit Card,Pending,Cancelled
ORD100159,2026-06-21,CUST1793,Blender,Home Appliances,Central,Nagpur,1,2706.17,2706.17,5.0,1688.09,480.37,No,UPI,Pending,Delivered
ORD102936,2025-11-20,CUST1524,Microwave,Home Appliances,South,Hyderabad,2,12201.91,24403.82,20.0,10680.04,207.66,No,Debit Card,Paid,Delivered
ORD100609,2025-08-30,CUST1113,Headphones,Electronics,Central,Bhopal,1,4024.44,4024.44,25.0,2856.51,69.26,No,UPI,Failed,Delivered
ORD105011,2025-04-19,CUST1347,Backpack,Accessories,Central,Indore,4,1630.33,6521.32,0.0,1425.68,128.32,No,Credit Card,Paid,Delivered
ORD100291,2025-05-17,CUST1164,Jacket,Fashion,West,Ahmedabad,1,4329.3,4329.3,20.0,2964.23,47.08,No,UPI,Paid,Delivered
ORD102974,2025-10-15,CUST1214,Headphones,Electronics,West,Pune,4,3303.77,13215.08,20.0,1840.22,414.62,Yes,Cash,Paid,Returned
ORD100745,2025-08-29,CUST1759,Bookshelf,Furniture,West,Ahmedabad,1,5729.09,5729.09,25.0,4534.68,216.54,No,Cash,Failed,Delivered
ORD100775,2025-02-03,CUST1266,Laptop,Electronics,South,Hyderabad,2,52974.66,105949.32,20.0,42615.08,240.21,No,Net Banking,Failed,Delivered
ORD102746,2025-02-05,CUST1630,Tablet,Electronics,East,Patna,2,23147.52,46295.04,0.0,14969.88,54.77,No,UPI,Paid,Delivered
ORD101621,2025-03-30,CUST1503,Microwave,Home Appliances,North,Lucknow,3,10093.8,30281.4,5.0,8016.97,157.08,No,Credit Card,Paid,Cancelled
ORD104673,2025-04-11,CUST1414,Coffee Maker,Home Appliances,West,Ahmedabad,1,5330.78,5330.78,5.0,3698.98,434.82,Yes,Net Banking,Paid,Returned
ORD101457,2025-02-21,CUST1574,Blender,Home Appliances,North,Lucknow,2,2619.54,5239.08,30.0,2235.41,288.55,No,Net Banking,Failed,Delivered
ORD103235,2026-01-28,CUST1113,Backpack,Accessories,Central,Bhopal,2,1996.98,3993.96,10.0,1369.28,366.62,No,Debit Card,Failed,Delivered
ORD100263,2025-06-03,CUST1390,Shoes,Fashion,North,Lucknow,2,2969.16,5938.32,0.0,2533.87,121.0,No,Net Banking,Paid,Delivered
ORD101255,2026-04-22,CUST1122,Backpack,Accessories,East,Kolkata,1,1979.42,1979.42,30.0,1532.54,,Yes,Net Banking,Paid,Returned
ORD104398,2025-09-13,CUST1276,Tablet,Electronics,East,Bhubaneswar,2,19425.23,38850.46,30.0,16005.97,155.03,No,Cash,Paid,Delivered
ORD101771,2026-06-05,CUST1585,Shoes,Fashion,West,Pune,5,3649.95,18249.75,0.0,2542.14,453.36,No,UPI,Paid,Delivered
ORD104084,2025-07-13,CUST1207,Mixer,Home Appliances,East,Patna,1,3853.86,3853.86,10.0,,473.59,No,UPI,Paid,Delivered
ORD102975,2025-03-01,,Headphones,Electronics,East,Bhubaneswar,1,3661.12,3661.12,15.0,2519.25,140.07,No,Cash,Paid,Delivered
ORD101199,2026-07-08,CUST1350,Smartphone,Electronics,Central,Bhopal,1,24501.16,24501.16,10.0,18863.95,308.05,No,Cash,Paid,Delivered
ORD105659,2025-09-03,CUST1373,Coffee Maker,Home Appliances,Central,Indore,2,6191.76,12383.52,110.0,3714.29,210.44,No,Credit Card,Paid,Delivered
ORD104245,2025-11-28,CUST1637,Smartphone,Electronics,West,Ahmedabad,1,29326.65,29326.65,15.0,19528.01,369.47,No,Credit Card,Paid,Delivered
ORD104910,2025-01-03,CUST1043,T-Shirt,Fashion,Central,Nagpur,3,991.69,2975.07,15.0,634.88,266.38,No,UPI,Paid,Delivered
ORD104167,2025-02-28,CUST1716,Bookshelf,Furniture,West,Pune,2,7469.41,14938.82,0.0,5160.04,260.35,No,Debit Card,Paid,Delivered
ORD100089,2025-06-17,CUST1610,Tablet,Electronics,North,Delhi,3,24176.3,72528.9,30.0,14147.27,104.41,No,UPI,Failed,Delivered
ORD104213,2026-01-29,CUST1266,Blender,Home Appliances,West,Pune,3,3174.99,9524.97,25.0,1836.87,463.43,No,Net Banking,Pending,Delivered
ORD101511,2026-06-17,CUST1420,T-Shirt,Fashion,East,Kolkata,2,1025.47,2050.94,5.0,862.51,201.64,No,Cash,Paid,Cancelled
ORD102369,2026-03-16,CUST1606,Bookshelf,Furniture,East,Patna,2,5895.37,11790.74,10.0,5100.11,49.47,No,Cash,Pending,Delivered
ORD105729,2025-11-04,CUST1063,Jacket,Fashion,Central,Nagpur,5,4001.68,20008.4,30.0,2592.41,447.98,No,Debit Card,Failed,Cancelled
ORD100459,2026-06-11,CUST1574,Laptop,Electronics,west,Hyderabad,1,50668.47,50668.47,5.0,37304.69,469.16,No,Cash,Paid,Cancelled
ORD102217,2025-03-13,CUST1399,T-Shirt,Fashion,West,Ahmedabad,1,828.42,828.42,30.0,603.91,405.65,No,Credit Card,Failed,Delivered
ORD104324,2025-07-02,CUST1522,Shoes,Fashion,Central,Nagpur,3,3470.08,10410.24,0.0,2424.1,136.09,No,Cash,Failed,Cancelled
ORD103645,2025-11-01,CUST1475,Smartwatch,Electronics,West,Pune,3,6415.55,19246.65,30.0,3572.42,386.36, YES ,Debit Card,Pending,Delivered
ORD104337,2025-10-26,CUST1025,Bookshelf,Furniture,Central,Bhopal,1,6124.97,6124.97,5.0,5356.18,153.51,No,Credit Card,Paid,Delivered
ORD104937,2025-02-11,CUST1189,T-Shirt,Fashion,West,Pune,4,975.3,3901.2,25.0,651.52,319.64,No,UPI,Failed,Cancelled
ORD101937,2025-01-11,CUST1613,Smartphone,Electronics,North,Delhi,4,28098.5,112394.0,10.0,23660.94,198.8,No,Credit Card,Paid,Delivered
ORD104840,2026-03-29,CUST1617,Tablet,Electronics,West,Pune,5,20411.41,102057.05,5.0,17886.92,244.26,No,Credit Card,Failed,Cancelled
ORD103027,2026-06-23,CUST1521,Office Chair,Furniture,Central,Bhopal,1,9847.65,9847.65,10.0,8332.5,73.07,No,Net Banking,Paid,Delivered
ORD104094,2026-04-30,CUST1632,Laptop,Electronics,South,Hyderabad,5,59834.69,299173.45,15.0,38794.67,291.89,No,Debit Card,Failed,Delivered
ORD102318,2026-06-25,CUST1765,Coffee Maker,Home Appliances,Central,Indore,1,5615.35,5615.35,20.0,3702.07,210.74,No,Credit Card,Paid,Delivered
ORD103183,2025-05-22,CUST1281,Blender,Home Appliances,West,Ahmedabad,4,3337.48,13349.92,10.0,2717.91,391.27,No,Cash,Failed,Cancelled
ORD104881,2025-04-21,CUST1586,Jacket,Fashion,North,Delhi,5,4494.16,22470.8,5.0,3641.48,299.38,No,UPI,Paid,Delivered
ORD103588,2025-12-16,CUST1102,Tablet,Electronics,South,Hyderabad,1,19563.99,19563.99,30.0,13435.07,471.52,No,Debit Card,Paid,Delivered
ORD100496,2025-09-03,CUST1084,Smartphone,Electronics,West,Ahmedabad,1,24733.67,24733.67,20.0,17008.46,443.76,Yes,Cash,Failed,Delivered
ORD100220,2025-04-15,CUST1202,Tablet,Electronics,East,Bhubaneswar,4,21465.06,85860.24,15.0,18183.18,225.95,No,Debit Card,Paid,Delivered
ORD104500,2026-05-25,CUST1310,Smartwatch,Electronics,North,Delhi,1,6769.1,6769.1,20.0,5291.55,178.28,No,Debit Card,Paid,Delivered
ORD105456,2025-12-02,CUST1254,T-Shirt,Furn,East,Patna,2,994.11,1988.22,15.0,583.51,406.36,No,Debit Card,Paid,Delivered
ORD102925,2025-12-05,CUST1057,Desk,Furniture,Central,Indore,4,12096.49,48385.96,0.0,10018.47,80.73, YES ,Credit Card,Paid,Returned
ORD100920,2025-10-23,CUST1398,Bookshelf,Furniture,South,Hyderabad,1,6185.66,6185.66,0.0,3780.17,353.4,No,Cash,Failed,Delivered
ORD105651,2025-01-30,CUST1550,Laptop,Electronics,East,Patna,2,47299.59,94599.18,10.0,26848.37,50.31,No,Net Banking,Paid,Delivered
ORD100984,2025-04-21,CUST1744,Backpack,Accessories,Central,Nagpur,2,1813.64,3627.28,0.0,1007.56,279.3,No,Debit Card,Paid,Cancelled
ORD105672,2026-03-11,CUST1123,Smartwatch,Furniture,West,Pune,2,6734.31,13468.62,25.0,5271.45,253.74,Yes,Credit Card,Paid,Returned
ORD105429,2026-01-20,CUST1733,Coffee Maker,Home Appliances,South,Hyderabad,2,6244.98,12489.96,10.0,4562.32,120.47,No,UPI,Paid,Delivered
ORD101915,2025-03-05,CUST1756,Smartwatch,electronics,North,Delhi,4,7470.73,29882.92,30.0,5510.63,217.15,Yes,UPI,Failed,Returned
ORD100312,2026-07-28,CUST1644,Jacket,Fashion,South,Hyderabad,2,4427.62,8855.24,10.0,2947.34,211.37,Yes,Cash,Pending,Returned
ORD103213,2025-01-02,CUST1437,Office Chair,Furniture,South,Hyderabad,2,9830.12,19660.24,20.0,8246.25,unknown,No,Debit Card,Failed,Delivered
ORD102441,2026-07-01,CUST1069,Jacket,Fashion,East,Bhubaneswar,2,3867.94,7735.88,20.0,3178.14,398.14,No,Net Banking,Pending,Cancelled
ORD103454,2026-04-29,CUST1048,Shoes,Fashion,North,Jaipur,3,3230.94,9692.82,0.0,2252.19,102.92,,Net Banking,Paid,Delivered
ORD103828,2025-07-09,CUST1751,Headphones,Electronics,North,Lucknow,1,4017.27,4017.27,15.0,3263.09,305.8,No,Net Banking,Paid,Delivered
ORD100677,2025-11-05,CUST1696,Tablet,Electronics,West,Ahmedabad,1,19162.67,19162.67,5.0,14518.45,361.68,No,Cash,Paid,Delivered
ORD100165,2026-04-16,CUST1423,T-Shirt,Fashion,Central,Nagpur,2,972.71,1945.42,25.0,614.78,101.55,No,UPI,Failed,Delivered
ORD104424,2026-01-04,CUST1789,Office Chair,Furniture,South,Chennai,3,8597.03,25791.09,30.0,7122.43,226.68,No,Credit Card,Failed,Delivered
ORD105132,2025-06-07,CUST1161,Backpack,Accessories,Central,Indore,3,1695.08,5085.24,20.0,1467.79,481.87,Yes,Cash,Paid,Returned
ORD102133,2025-02-20,CUST1175,Coffee Maker,Home Appliances,Central,Nagpur,1,4870.59,4870.59,0.0,3791.95,174.54,No,Net Banking,Failed,Delivered
ORD102131,2025-06-12,CUST1456,Blender,Home Appliances,West,Mumbai,2,2870.89,5741.78,20.0,1605.65,83.3,No,Net Banking,Failed,Delivered
ORD102254,2026-03-10,CUST1642,Office Chair,Furniture,North,Delhi,3,9572.12,28716.36,20.0,5432.85,150.43,No,Credit Card,Paid,Delivered
ORD104199,2026-07-25,CUST1457,Mixer,Home Appliances,Central,Nagpur,1,4110.34,4110.34,20.0,2372.49,272.06,No,Cash,Paid,Cancelled
ORD103266,2026-02-24,CUST1695,Blender,Home Appliances,South,Hyderabad,1,3333.17,3333.17,20.0,2051.38,131.4,Yes,UPI,Failed,Returned
ORD100734,2026-06-01,CUST1762,Coffee Maker,Home Appliances,West,Patna,1,5744.25,"5,744.25",30.0,4114.51,366.03,No,Credit Card,Paid,Cancelled
ORD103737,2025-04-24,CUST1243,Office Chair,Furniture,West,Nagpur,1,9884.5,9884.5,30.0,7781.5,356.1,No,UPI,Paid,Delivered
ORD105300,2026-01-01,CUST1453,T-Shirt,Fashion,East,Bhubaneswar,1,975.11,975.11,20.0,758.09,409.58,No,Credit Card,Paid,Delivered
ORD100694,2026-01-18,CUST1017,Shoes,Fashion,West,Mumbai,1,2907.25,2907.25,0.0,2110.94,474.26,No,Debit Card,Paid,Delivered
ORD103237,2025-02-03,CUST1416,T-Shirt,Fashion,North,Jaipur,2,975.42,1950.84,10.0,744.99,308.18,No,Credit Card,Pending,Delivered
ORD103915,2025-04-16,CUST1501,Backpack,Accessories,Central,Indore,1,1827.26,1827.26,0.0,1037.46,389.81,No,Net Banking,Paid,Delivered
ORD104593,2026-07-11,CUST1286,Mixer,Home Appliances,Central,Bhopal,2,4528.95,"9,057.90",20.0,3240.18,265.87,No,Cash,Paid,Delivered
ORD105436,2025-06-29,CUST1631,Smartphone,Electronics,East,Bhubaneswar,5,28371.42,141857.1,15.0,23551.44,208.59,No,Cash,Paid,Cancelled
ORD105261,2025-04-28,CUST1676,Coffee Maker,Home Appliances,Central,Indore,1,6225.16,6225.16,30.0,4714.15,51.74,No, UPI ,Pending,Delivered
ORD104056,2026-06-24,CUST1701,Microwave,Home Appliances,South,Bengaluru,5,10719.81,53599.05,0.0,8555.38,260.81,Yes,Cash,Failed,Returned
ORD101348,2026-06-15,CUST1612,Blender,Home Appliances,West,Pune,1,2905.63,2905.63,5.0,2018.11,396.95,No,Credit Card,Failed,Cancelled
ORD104442,2025-08-16,CUST1171,Blender,Home Appliances,Central,Nagpur,1,3221.2,3221.2,15.0,2161.67,319.04,No,Net Banking,Paid,Cancelled
ORD103999,2026-02-07,CUST1171,Smartwatch,Electronics,South,Chennai,1,6763.17,6763.17,10.0,5298.6,417.18,No,Debit Card,Failed,Cancelled
ORD102258,2026-02-24,CUST1532,Backpack,Accessories,North,Delhi,2,2043.06,4086.12,10.0,1265.4,442.64,No,Credit Card,Paid,Delivered
ORD102615,2025-03-17,CUST1371,Mixer,Home Appliances,Central,Indore,1,4452.21,4452.21,25.0,3101.69,99.06,No,Debit Card,Paid,Delivered
ORD100514,19/08/2025,CUST1600,Headphones,Electronics,Central,Nagpur,2,3482.73,6965.46,0.0,2628.34,290.61,Yes,Cash,Paid,Returned
ORD105124,2026-05-22,CUST1116,Smartphone,Electronics,North,Jaipur,2,32109.13,64218.26,5.0,26431.65,344.94,No,Debit Card,Paid,Delivered
ORD104960,2025-05-10,CUST1663,Blender,Home Appliances,South,Hyderabad,5,2857.13,14285.65,15.0,1943.68,324.66,No,UPI,Pending,Delivered
ORD105322,2026-07-28,CUST1126,Headphones,Electronics,South,Chennai,5,3423.19,17115.95,5.0,2916.16,387.31,No,Debit Card,Paid,Delivered
ORD102862,2025-10-09,CUST1398,Tablet,Electronics,West,Mumbai,1,24793.63,24793.63,10.0,16225.82,212.77,No,UPI,Failed,Delivered
ORD103949,2025-05-05,CUST1223,Blender,Home Appliances,East,Bhubaneswar,2,2659.68,5319.36,0.0,1536.79,411.23,No,UPI,Paid,Delivered
ORD103430,29/11/2025,CUST1488,Office Chair,Furniture,North,Delhi,2,10161.41,20322.82,15.0,6104.55,196.61,No,UPI,Paid,Cancelled
ORD104659,2025-10-26,CUST1708,Smartphone,Electronics,Central,Nagpur,1,27335.36,27335.36,5.0,20985.77,319.59,No,Cash,Paid,Delivered
ORD105583,2026-07-19,CUST1720,Mixer,Home Appliances,South,Chennai,2,4433.18,8866.36,15.0,3282.41,139.41,No,UPI,Paid,Delivered
ORD101011,2026-01-15,CUST1081,Microwave,Home Appliances,East,Kolkata,2,9498.7,18997.4,25.0,5374.32,227.62,No,Net Banking,Paid,Delivered
ORD105399,2025-12-25,CUST1354,Desk,Furniture,East,Kolkata,1,13710.5,13710.5,10.0,11761.47,242.62,Yes,Debit Card,Failed,Returned
ORD100890,2026-07-02,CUST1132,T-Shirt,Fashion,South,Chennai,1,987.8,987.8,10.0,759.46,197.19,No,Cash,Paid,Delivered
ORD102791,2025-08-09,CUST1026,Blender,Home Appliances,South,Chennai,3,3101.16,9303.48,15.0,2574.97,496.21,No,UPI,Paid,Cancelled
ORD105357,2026-01-03,CUST1025,Shoes,Fashion,West,Mumbai,1,3505.96,3505.96,5.0,2401.4,370.86,No,Debit Card,Paid,Delivered
ORD100276,2025-11-06,CUST1661,Headphones,Electronics,North,Delhi,3,3328.81,9986.43,30.0,2717.0,493.03,No,Debit Card,Paid,Delivered
ORD103460,2025-06-17,CUST1132,Smartwatch,Electronics,East,Patna,3,6500.01,19500.03,10.0,4549.8,447.73,No,Credit Card,Paid,Delivered
ORD104728,2026-07-11,CUST1638,Tablet,Electronics,West,Ahmedabad,4,24557.9,98231.6,0.0,21447.85,494.7,No,UPI,Paid,Delivered
ORD103965,2025-05-10,CUST1519,Bookshelf,Furniture,East,Patna,3,7436.53,22309.59,15.0,6280.33,386.76,No,Cash,Pending,Delivered
ORD100194,2025-05-24,CUST1435,Smartphone,Electronics,South,Bengaluru,1,27400.5,27400.5,20.0,23621.43,430.99,,Cash,Pending,Delivered
ORD100513,2026-05-30,CUST1214,Shoes,Fashion,East,Bhubaneswar,3,3099.6,9298.8,30.0,1735.83,428.15,No,Credit Card,Paid,Delivered
ORD101638,2025-03-12,CUST1551,Bookshelf,Furniture,North,Jaipur,3,5569.0,16707.0,25.0,3312.42,365.29,Yes,UPI,Paid,Returned
ORD101455,2025-09-23,CUST1378,Coffee Maker,Home Appliances,South,,4,5279.22,21116.88,0.0,4194.18,424.77,Yes,Cash,Pending,Returned
ORD104305,2026-03-18,CUST1477,Jacket,Fashion,North,Lucknow,5,4971.56,24857.8,15.0,2770.97,52.82,No,UPI,Pending,Delivered
ORD104044,2025-10-24,CUST1501,Laptop,Home Appliances,West,Ahmedabad,1,3005.45,3005.45,25.0,2147.45,272.38,No,Net Banking,Paid,Delivered
ORD105282,2026-01-29,CUST1144,Coffee Maker,Home Appliances,South,Hyderabad,1,6242.22,6242.22,25.0,5177.95,281.64,No,Credit Card,Paid,Delivered
ORD100635,2026-06-16,CUST1700,Mixer,Home Appliances,North,Jaipur,5,3682.96,18414.8,25.0,2046.64,292.85,No,Debit Card,Paid,Delivered
ORD105669,2025-01-29,CUST1747,Desk,Furniture,South,Hyderabad,4,11887.01,47548.04,10.0,7150.09,204.63,No,UPI,Paid,Cancelled
ORD105217,2025-01-08,CUST1336,Office Chair,Furniture,East,Patna,1,8933.37,8933.37,20.0,6413.22,232.05,No,Cash,Pending,Delivered
ORD100087,2025-10-05,CUST1235,Microwave,Home Appliances,North,Jaipur,1,9424.15,9424.15,25.0,7489.91,361.47,No,Cash,Paid,Delivered
ORD101369,2026-04-05,CUST1266,Tablet,Electronics,West,Pune,3,23679.89,71039.67,10.0,"15,428.81",98.16,No,Credit Card,Pending,Delivered
ORD104566,2025-05-04,CUST1238,Blender,Home Appliances,Central,Bhopal,2,3018.63,unknown,25.0,2185.31,362.37,No,,Paid,Cancelled
ORD100190,2025-07-15,CUST1690,Mixer,Home Appliances,West,Mumbai,1,4184.34,4184.34,10.0,2387.9,456.96,Yes,Debit Card,Paid,Returned
ORD103824,2025-05-13,CUST1172,Microwave,Home Appliances,South,Chennai,1,12516.69,12516.69,0.0,10178.69,66.22,No,Debit Card,Paid,Cancelled
ORD100178,2026-05-06,CUST1473,Shoes,Fashion,North,Jaipur,2,3417.4,6834.8,0.0,2192.97,129.22,No,Net Banking,Paid,Delivered
ORD103924,2026-06-12,CUST1691,Backpack,Accessories,Central,Bhopal,1,1986.88,1986.88,0.0,1664.46,277.0,No,Net Banking,Paid,Delivered
ORD103840,2025-10-19,CUST1045,Microwave,Home Appliances,South,Hyderabad,2,10738.76,21477.52,30.0,8271.12,233.64,No,Debit Card,Paid,Delivered
ORD102588,2025-11-25,CUST1098,Tablet,Electronics,North,Delhi,2,19998.49,39996.98,20.0,17234.13,323.2,No,Net Banking,Paid,Cancelled
ORD103464,2025-06-24,CUST1280,Office Chair,Furniture,East,Bhubaneswar,2,8381.24,16762.48,20.0,6809.64,359.74,No,Cash,Paid,Delivered
ORD101687,2025-01-13,CUST1731,Headphones,Electronics,North,Delhi,2,3165.83,6331.66,10.0,2342.38,221.35,No,Credit Card,Paid,Delivered
ORD103321,2025-04-13,CUST1590,Office Chair,Furniture,Central,Indore,1,8156.94,8156.94,20.0,"5,863.40",301.82,no,Cash,Paid,Delivered
ORD101128,2025-01-07,CUST1188,Mixer,Home Appliances,West,Ahmedabad,1,3705.02,3705.02,20.0,2562.4,485.19,No,Net Banking,Paid,Delivered
ORD103067,2026-06-28,CUST1356,Smartphone,Electronics,South,Hyderabad,5,29393.15,146965.75,30.0,17453.68,295.28,No,Net Banking,Paid,Delivered
ORD103145,2026-05-23,CUST1145,Jacket,Fashion,Central,Bhopal,2,3879.42,7758.84,25.0,2225.25,88.55,no,Credit Card,Failed,Cancelled
ORD102559,2026-02-20,CUST1025,Mixer,Home Appliances,East,Patna,2,4212.6,8425.2,25.0,3090.28,328.39,Yes,UPI,Paid,Returned
ORD105402,2025-12-06,CUST1306,Blender,Home Appliances,West,Ahmedabad,1,3369.31,3369.31,0.0,2029.17,63.54,No,Cash,Paid,Delivered
ORD101023,2026-05-21,CUST1189,Smartwatch,Electronics,West,Mumbai,5,7195.28,35976.4,10.0,4089.15,170.89,No,Credit Card,Paid,Delivered
ORD104567,2025-02-13,CUST1297,Office Chair,Furniture,South,Hyderabad,1,8570.42,8570.42,25.0,5034.98,196.99,No,Credit Card,Paid,Cancelled
ORD100398,2026-03-14,CUST1215,Mixer,Home Appliances,North,Delhi,2,4421.34,8842.68,10.0,3789.58,351.01,No,Credit Card,Pending,Cancelled
ORD100035,2025-03-16,CUST1413,Shoes,Fashion,South,Bengaluru,1,3047.0,3047.0,,1959.26,94.36,No,Net Banking,Failed,Delivered
ORD102253,2026-07-20,CUST1341,Bookshelf,Furniture,East,Kolkata,1,6978.19,6978.19,20.0,4992.67,114.16,No,UPI,Pending,Cancelled
ORD102656,2026-01-29,CUST1393,Mixer,Home Appliances,East,Kolkata,1,3973.09,3973.09,15.0,2574.67,369.19,No,Credit Card,Pending,Delivered
ORD100252,2025-05-18,CUST1675,T-Shirt,Fashion,Central,Nagpur,1,768.97,768.97,20.0,654.13,425.6,No,Debit Card,Paid,Delivered
ORD105163,2025-01-18,CUST1351,Mixer,Home Appliances,Central,Bhopal,1,4487.65,4487.65,15.0,2796.69,483.65,No,Debit Card,Paid,Delivered
ORD105381,2026-04-02,CUST1761,Mixer,Home Appliances,West,Pune,3,4695.28,14085.84,20.0,3806.74,327.33,No,UPI,Paid,Delivered
ORD102940,2025-09-02,CUST1023,Office Chair,Furniture,East,Kolkata,4,9395.94,37583.76,5.0,5482.66,189.0,No,Cash,Paid,Delivered
ORD101875,2026-05-29,CUST1680,Smartwatch,Electronics,Central,Indore,5,7780.05,38900.25,15.0,4727.83,328.01,No,Cash,Pending,Delivered
ORD100228,2025-07-20,CUST1369,Blender,Home Appliances,Central,Nagpur,3,2667.04,8001.12,5.0,1569.09,479.72,No,,Paid,Delivered
ORD103051,2025-08-28,CUST1367,Office Chair,Furniture,North,Delhi,1,9264.78,9264.78,,6032.96,59.19,No,Credit Card,Failed,Delivered
ORD101748,2026-07-18,CUST1548,Backpack,Accessories,North,Jaipur,1,1778.02,1778.02,30.0,1398.15,341.87,No,Debit Card,Paid,Delivered
ORD104869,2026-03-21,CUST1371,Coffee Maker,Home Appliances,East,Kolkata,3,6044.3,18132.9,25.0,3325.62,250.27,No,Debit Card,Paid,Delivered
ORD101644,30/05/2026,CUST1015,Backpack,Accessories,North,Jaipur,5,1738.7,8693.5,5.0,960.85,464.07,Yes,UPI,Paid,Returned
ORD104155,2026-04-04,CUST1119,Headphones,Electronics,North,Jaipur,2,3013.07,6026.14,25.0,2259.84,321.21,No,Net Banking,Failed,Delivered
ORD105360,2025-03-02,CUST1041,Headphones,Electronics,South,Chennai,3,3551.73,10655.19,25.0,2030.68,155.37,No,Cash,Paid,Delivered
ORD101609,2025-05-14,CUST1129,Smartwatch,Electronics,Central,Bhopal,1,6279.88,6279.88,5.0,4580.73,166.79,No,Credit Card,Paid,Delivered
ORD102366,2025-09-17,CUST1475,Shoes,Fashion,Central,Indore,1,3326.28,3326.28,20.0,2836.64,222.33,Yes,Credit Card,Failed,Returned
ORD104725,2026-02-27,CUST1205,Coffee Maker,Home Appliances,North,Delhi,2,5697.77,11395.54,15.0,4245.8,270.6,No,Debit Card,Paid,Cancelled
ORD105021,2025-04-11,CUST1601,Backpack,Accessories,South,Hyderabad,1,1654.22,1654.22,10.0,1316.77,135.72,Yes,Credit Card,Failed,Returned
ORD101019,2025-05-15,CUST1754,Bookshelf,Furniture,South,Chennai,5,6444.17,32220.85,5.0,4655.85,293.02,Yes,Credit Card,Failed,Returned
ORD105948,2025-03-30,CUST1460,Blender,Home Appliances,West,Ahmedabad,4,2579.28,10317.12,0.0,2251.98,456.74,No,Cash,Pending,Delivered
ORD102082,2025-06-06,CUST1656,Blender,Home Appliances,South,Hyderabad,1,3257.56,3257.56,10.0,2564.41,184.01,Yes,Debit Card,Paid,Returned
ORD103994,2025-01-01,CUST1358,Laptop,Electronics,North,Jaipur,1,48138.86,48138.86,15.0,32542.64,114.63,Yes,Credit Card,Paid,Returned
ORD101786,2025-06-18,CUST1111,Smartwatch,Electronics,South,Chennai,2,7767.29,15534.58,15.0,5169.39,187.72,No,Net Banking,Paid,Cancelled
ORD102123,2025-01-30,CUST1623,Shoes,Fashion,East,Bhubaneswar,1,3671.65,3671.65,30.0,2911.71,193.27,No,UPI,Paid,Delivered
ORD102221,2025-10-28,CUST1729,Jacket,Fashion,East,Kolkata,1,4167.58,4167.58,25.0,3509.54,76.92,No,Cash,Paid,Delivered
ORD105936,2025-12-21,CUST1490,Microwave,Home Appliances,South,Hyderabad,5,11057.34,55286.7,5.0,7912.21,140.17,No,Net Banking,Pending,Delivered
ORD101075,2026-03-08,CUST1404,T-Shirt,Fashion,West,Pune,1,1029.44,1029.44,5.0,893.32,332.02,No,Net Banking,Paid,Delivered
ORD102949,2025-05-13,CUST1684,Smartwatch,Electronics,Central,Bhopal,2,6096.44,12192.88,30.0,4077.61,73.07,Yes,Credit Card,Failed,Returned
ORD103860,2025-03-27,CUST1207,Smartphone,Electronics,East,Patna,3,25278.05,75834.15,20.0,15720.67,155.73,No,upi,Failed,Delivered
ORD105891,16/01/2026,CUST1474,Desk,Furniture,South,Bengaluru,4,13280.38,53121.52,10.0,7750.78,267.25,Yes,Net Banking,Paid,Returned
ORD103903,2025-10-12,CUST1122,Blender,Home Appliances,South,Hyderabad,1,2783.57,2783.57,25.0,1629.67,66.25,No,Net Banking,Paid,Delivered
ORD101849,2026-05-11,CUST1431,Smartphone,Electronics,East,Patna,3,31793.0,95379.0,15.0,26231.34,308.65,Yes,Debit Card,Paid,Returned
ORD101483,2026-06-10,CUST1304,Laptop,Electronics,North,Delhi,4,61779.44,247117.76,30.0,47182.67,461.74,No,Credit Card,Paid,Delivered
ORD102795,2025-10-23,CUST1414,Coffee Maker,Electronics,Central,Bhopal,5,6132.95,30664.75,30.0,3685.1,172.24,No,Credit Card,Paid,Delivered
ORD105340,2025-11-11,CUST1685,Jacket,Fashion,North,Lucknow,4,5147.87,20591.48,25.0,3947.5,252.63,No,Net Banking,Failed,Cancelled
ORD105950,2026-07-18,CUST1019,Shoes,Fashion,Central,Indore,2,2739.58,5479.16,10.0,1795.51,367.97,No,Credit Card,Pending,Delivered
ORD104604,2026-02-16,CUST1220,Desk,Furniture,South,Hyderabad,1,11565.48,11565.48,10.0,9426.26,268.13,No,Debit Card,Paid,Delivered
ORD104806,2026-05-05,CUST1539,Tablet,Electronics,Central,Indore,4,23474.9,93899.6,15.0,15034.49,62.99,No,UPI,Paid,Cancelled
ORD105845,2025-03-07,CUST1245,Office Chair,Furniture,East,Bhubaneswar,4,9428.87,37715.48,5.0,6404.96,325.23,No,UPI,Pending,Delivered
ORD100607,2025-04-06,CUST1756,Jacket,Fashion,West,Pune,1,4279.07,4279.07,25.0,2498.8,375.86,No,Debit Card,Paid,Delivered
ORD104483,2026-01-05,CUST1571,Backpack,Accessories,Central,Indore,2,1557.51,3115.02,10.0,1165.97,287.88,No,UPI,Paid,Cancelled
ORD100867,2025-12-17,CUST1143,T-Shirt,Fashion,North,Lucknow,3,820.63,2461.89,15.0,596.98,110.4,No,Cash,Paid,Delivered
ORD102799,2026-05-01,CUST1510,Jacket,Fashion,Central,Indore,3,4093.41,12280.23,25.0,2989.25,143.68,Yes,Credit Card,Failed,Returned
ORD105007,2026-05-14,CUST1066,Jacket,Fashion,North,Jaipur,-1,4615.43,13846.29,25.0,3407.95,411.14,Yes,Cash,Failed,Returned
ORD104244,2025-12-01,CUST1584,Backpack,Accessories,North,Indore,4,1904.51,7618.04,5.0,1556.3,249.51,No,Credit Card,Paid,Delivered
ORD104849,2025-11-16,CUST1289,Shoes,Fashion,East,Kolkata,1,3212.81,3212.81,25.0,2314.16,367.84,No,UPI,Paid,Cancelled
ORD103554,2026-03-24,CUST1273,Headphones,Electronics,North,Jaipur,1,3435.31,3435.31,15.0,2806.02,439.7,No,UPI,Paid,Delivered
ORD101273,2026-06-22,CUST1028,Headphones,Electronics,East,Patna,2,3144.69,6289.38,30.0,1777.68,292.85,No,Debit Card,Paid,Delivered
ORD104436,2025-09-20,CUST1344,Bookshelf,Furniture,East,Bhubaneswar,2,5826.05,11652.1,10.0,5108.23,151.62,No,Debit Card,Failed,Delivered
ORD101115,2026-01-13,CUST1692,Smartwatch,Electronics,East,Patna,3,6609.91,19829.73,30.0,5675.53,207.9,No,Credit Card,Failed,Delivered
ORD100540,2025-01-28,CUST1333,Laptop,Electronics,West,Nagpur,5,57583.28,287916.4,0.0,43332.31,142.62,No,Cash,Paid,Delivered
ORD102739,2025-01-02,CUST1715,Headphones,Electronics,Central,Indore,1,3661.6,3661.6,5.0,2555.49,332.55,Yes,Net Banking,Paid,Returned
ORD103656,2025-02-23,CUST1601,Shoes,Fashion,South,Hyderabad,1,3610.68,3610.68,0.0,2710.2,415.45,No,Credit Card,Paid,Cancelled
ORD101466,2026-05-10,CUST1493,Mixer,Home Appliances,West,Mumbai,1,3831.94,3831.94,15.0,2248.2,54.65,No,Credit Card,Paid,Delivered
ORD102657,2026-02-21,CUST1661,Bookshelf,Furniture,South,Bengaluru,2,7459.38,14918.76,10.0,6325.43,98.76,No,Debit Card,Paid,Cancelled
ORD105051,2025-01-26,CUST1027,Laptop,Electronics,North,Delhi,1,62965.37,62965.37,10.0,54973.55,100.64,No,Debit Card,Paid,Delivered
ORD100280,2025-04-10,CUST1544,Blender,Home Appliances,North,Jaipur,2,3153.95,6307.9,20.0,2720.41,268.28,No,UPI,Paid,Delivered
ORD102458,2026-02-15,CUST1784,T-Shirt,Fashion,North,Delhi,4,797.54,3190.16,10.0,584.87,117.23,No,Debit Card,Paid,Delivered
ORD100510,2026-02-16,CUST1204,Microwave,Home Appliances,East,Bhubaneswar,1,11166.16,11166.16,25.0,7423.9,451.96,No,Debit Card,Pending,Delivered
ORD104065,2026-06-15,CUST1410,Microwave,Home Appliances,North,Lucknow,5,9756.54,48782.7,10.0,7662.4,410.4,No,Net Banking,Paid,Delivered
ORD100354,2025-04-22,CUST1364,Shoes,Fashion,West,Ahmedabad,4,3136.49,12545.96,20.0,2329.13,219.46,No,Cash,Paid,Delivered
ORD102605,2025-11-28,CUST1562,Blender,Home Appliances,West,Pune,1,2839.18,2839.18,5.0,1606.0,150.87,No,Cash,Paid,Delivered
ORD103766,2025-01-29,CUST1673,Mixer,Home Appliances,West,Ahmedabad,2,4282.29,8564.58,25.0,3675.09,106.23,No,Cash,Pending,Delivered
ORD101514,2025-08-22,CUST1055,Mixer,Home Appliances,Central,Indore,4,4111.02,16444.08,25.0,3344.58,61.37,Yes,Cash,Pending,Returned
 ORD100687 ,2025-10-15,CUST1226,Office Chair,Furniture,Central,Indore,4,7781.12,31124.48,15.0,5524.62,203.3,No,Credit Card,Paid,Cancelled
ORD100335,2026-06-14,CUST1371,Desk,Furniture,South,Bengaluru,1,12774.67,12774.67,20.0,8790.77,250.88,No,Credit Card,Failed,Cancelled
ORD104738,2026-01-29,CUST1164,Bookshelf,Furniture,South,Chennai,1,6355.46,6355.46,30.0,4901.86,90.51,No,Debit Card,Paid,Delivered
ORD102362,2025-11-19,CUST1252,Office Chair,Furniture,North,Delhi,3,9043.25,27129.75,25.0,5550.3,478.88,No,Net Banking,Paid,Cancelled
ORD102027,2026-02-20,CUST1182,Backpack,Accessories,West,Bengaluru,2,1588.92,3177.84,10.0,1366.99,,Yes,,Paid,Returned
ORD100782,2025-05-19,CUST1637,Mixer,Home Appliances,North,Delhi,1,3992.8,3992.8,0.0,,372.55,No,Credit Card,Paid,Delivered
ORD105710,2025-09-04,CUST1720,Smartwatch,Electronics,South,Hyderabad,1,7463.66,7463.66,10.0,5783.29,137.57,No,upi,Paid,Delivered
ORD103721,02/07/2025,CUST1676,Laptop,Furniture,North,Lucknow,5,50309.56,251547.8,10.0,39302.58,485.15,No,Net Banking,Paid,Cancelled
ORD104717,2025-08-19,CUST1668,Office Chair,Furniture,South,Bengaluru,2,9488.81,18977.62,25.0,7435.7,155.18,No,Net Banking,Failed,Delivered
ORD103578,2026-03-24,CUST1743,Shoes,Fashion,West,Pune,3,2989.91,8969.73,0.0,1705.5,301.34,No,Cash,Failed,Delivered
ORD101157,2026-05-06,,Smartwatch,Electronics,West,Pune,4,6399.18,25596.72,5.0,5167.05,195.93,No,Net Banking,Failed,Delivered
ORD100834,2025-09-02,CUST1169,T-Shirt,Fashion,East,Kolkata,3,903.11,2709.33,30.0,695.39,182.04,No,Credit Card,Pending,Cancelled
ORD102043,2025-07-17,CUST1276,Backpack,Accessories,South,Bengaluru,5,1620.7,8103.5,0.0,1406.24,339.73,No,Credit Card,Failed,Delivered
ORD105546,2026-04-07,CUST1019,Smartwatch,Electronics,East,Bhubaneswar,1,7699.34,7699.34,30.0,4666.9,308.97,Yes,Credit Card,Paid,Returned
ORD104490,2026-03-31,CUST1145,Office Chair,Furniture,South,Bengaluru,1,8340.36,8340.36,30.0,7073.46,191.51,No,UPI,Paid,Delivered
ORD104941,2025-03-15,CUST1379,Jacket,Fashion,North,Lucknow,1,4983.65,4983.65,10.0,3655.07,432.04,No,UPI,Pending,Cancelled
ORD102623,2026-01-02,CUST1577,Coffee Maker,Home Appliances,South,Chennai,2,5691.58,11383.16,10.0,3968.48,442.97,Yes,UPI,Failed,Returned
ORD104032,2025-01-11,CUST1027,Office Chair,Furniture,North,Delhi,1,10339.11,10339.11,20.0,7520.91,60.73,No,Debit Card,Pending,Delivered
ORD102621,2026-06-07,CUST1403,Smartphone,Electronics,East,Bhubaneswar,1,31578.39,31578.39,5.0,18278.66,390.54,Yes,Debit Card,Paid,Returned
ORD104980,2025-11-25,CUST1719,Laptop,Electronics,West,Mumbai,1,56782.45,56782.45,10.0,33229.29,187.86,No,Net Banking,Paid,Delivered
ORD103350,2025-01-20,CUST1338,Smartwatch,Electronics,North,Delhi,2,6679.21,13358.42,30.0,5168.78,65.84,No,Debit Card,Pending,Delivered
ORD102783,2025-03-14,CUST1030,Bookshelf,Furniture,North,Lucknow,2,6755.73,13511.46,30.0,5274.98,,No,Debit Card,Failed,Delivered
ORD100949,2026-07-15,CUST1484,Coffee Maker,Home Appliances,West,Mumbai,2,6072.57,12145.14,25.0,5274.61,231.48,No,Credit Card,Pending,Delivered
ORD101761,2025-04-13,CUST1333,T-Shirt,Fashion,Central,Bhopal,4,769.44,3077.76,5.0,508.78,389.41,No,Debit Card,Paid,Cancelled
ORD104078,2025-10-16,CUST1537,Tablet,Electronics,South,Chennai,2,22605.8,45211.6,30.0,13842.92,119.98,No,UPI,Paid,Delivered
ORD102327,2026-02-10,,Smartphone,Electronics,North,Delhi,5,28562.2,142811.0,20.0,23346.23,104.2,No,Cash,Paid,Delivered
ORD103711,2026-04-17,CUST1255,Shoes,Fashion,Central,Bhopal,5,2784.48,13922.4,20.0,2128.36,170.87,No,Net Banking,Paid,Cancelled
ORD100337,2025-08-17,CUST1390,Headphones,Electronics,South,Hyderabad,5,3319.64,16598.2,15.0,2281.68,276.37,No,Net Banking,Paid,Delivered
ORD103770,2025-12-10,CUST1456,Mixer,Home Appliances,East,Bhubaneswar,1,4562.6,4562.6,30.0,3275.93,174.02,No,Credit Card,Failed,Delivered
ORD102056,2025-12-05,CUST1399,Bookshelf,Furniture,West,Ahmedabad,5,7366.71,36833.55,0.0,5659.35,429.73,No,UPI,Pending,Delivered
ORD105205,2025-10-20,CUST1178,Smartwatch,Electronics,South,Hyderabad,5,6963.83,34819.15,5.0,4499.0,132.79,No,Net Banking,Paid,Delivered
ORD105908,2026-04-18,CUST1544,Bookshelf,Furniture,Central,Indore,5,5557.04,27785.2,0.0,4543.11,377.82,No,UPI,Pending,Delivered
ORD100293,2025-09-05,CUST1785,Tablet,Electronics,North,Lucknow,2,24384.71,48769.42,15.0,16907.21,372.79,Yes,UPI,Paid,Returned
ORD102205,2026-06-10,CUST1592,Microwave,Home Appliances,South,Chennai,4,11787.75,47151.0,10.0,9584.78,186.91,No,Credit Card,Paid,Delivered
ORD103413,2025-01-17,CUST1589,Headphones,Electronics,Central,Bhopal,3,3957.71,11873.13,20.0,3441.98,179.14,No,Debit Card,Pending,Delivered
ORD103193,2026-03-14,CUST1011,T-Shirt,Fashion,North,Delhi,1,900.91,900.91,10.0,515.85,300.36,No,Credit Card,Paid,Delivered
ORD102593,2025-12-07,CUST1313,Laptop,Electronics,South,Hyderabad,1,62042.26,62042.26,15.0,41059.24,59.15,No,UPI,Failed,Delivered
ORD102072,2026-03-18,CUST1629,Bookshelf,Furniture,North,Lucknow,1,6817.84,6817.84,10.0,4681.81,200.1,No,Debit Card,Failed,Delivered
ORD100470,2025-03-19,CUST1784,Microwave,Home Appliances,West,Ahmedabad,1,9855.38,9855.38,10.0,8473.42,266.49,No,Credit Card,Pending,Cancelled
ORD100557,2025-05-30,CUST1246,Bookshelf,Furniture,South,Chennai,1,6927.64,6927.64,15.0,4249.86,253.41,No,Credit Card,Pending,Delivered
ORD105915,2025-04-01,CUST1746,Tablet,Electronics,North,Delhi,1,25077.33,25077.33,15.0,20641.98,472.3,No,Debit Card,Pending,Delivered
ORD101262,2025-02-07,CUST1300,T-Shirt,Fashion,West,Ahmedabad,2,950.46,1900.92,0.0,606.36,198.64,No,UPI,Pending,Delivered
ORD105986,2026-02-16,CUST1435,T-Shirt,Fashion,North,Lucknow,5,948.64,4743.2,20.0,682.96,496.48,Yes,Credit Card,Paid,Returned
ORD103236,2026-06-09,CUST1267,Office Chair,Furniture,South,Bengaluru,5,9026.79,45133.95,10.0,6919.16,102.72,No,Net Banking,Paid,Delivered
ORD101022,2026-05-08,CUST1499,Coffee Maker,Home Appliances,North,Jaipur,4,5138.46,20553.84,5.0,4080.26,153.9,No,Net Banking,Paid,Delivered
ORD100120,2025-04-12,CUST1425,Laptop,Electronics,Central,Indore,1,57977.53,57977.53,5.0,41070.11,316.01,No,Debit Card,Paid,Delivered
ORD100905,2026-07-05,CUST1380,Desk,Furniture,East,Kolkata,1,13737.68,13737.68,0.0,10758.0,173.62,Yes,Debit Card,Paid,Returned
ORD103768,2025-08-26,CUST1137,Laptop,Electronics,North,Lucknow,4,53064.72,212258.88,10.0,42800.06,95.06,Yes,Cash,Failed,Returned
ORD101306,2025-03-27,CUST1104,Bookshelf,Furniture,East,Patna,4,6171.03,24684.12,20.0,5020.67,158.27,No,upi,Paid,Delivered
 ORD105484 ,2025-07-07,CUST1696,Headphones,Electronics,North,Jaipur,5,3286.12,16430.6,15.0,2039.01,313.79,No,Credit Card,Paid,Delivered
ORD103818,2026-05-28,CUST1779,Bookshelf,Furniture,West,Mumbai,3,6310.84,18932.52,20.0,5492.09,118.46,No,Credit Card,Paid,Delivered
ORD105430,2026-01-15,CUST1255,Smartphone,Electronics,South,Hyderabad,2,27926.67,55853.34,15.0,21607.46,242.67,no,Net Banking,Paid,Cancelled
ORD102558,2025-07-08,CUST1721,Laptop,Electronics,North,Jaipur,1,48441.16,48441.16,0.0,41450.4,359.0,No,Debit Card,Paid,Delivered
ORD101935,2025-12-06,CUST1516,Bookshelf,Furniture,South,Bengaluru,1,6715.3,6715.3,30.0,4671.59,174.62,No,UPI,Failed,Cancelled
ORD103881,2025-10-11,CUST1366,Smartwatch,Electronics,South,Hyderabad,5,7259.41,36297.05,10.0,5776.06,224.96,Yes,Cash,Pending,Returned
ORD103892,2026-02-17,CUST1586,Headphones,Electronics,West,Mumbai,2,3429.07,6858.14,25.0,2893.43,233.99,No,UPI,Paid,Delivered
ORD101093,2025-02-09,CUST1161,Coffee Maker,Home Appliances,East,Patna,3,5971.54,17914.62,25.0,3358.22,462.19,Yes,UPI,Pending,Returned
 ORD103855 ,2026-06-03,CUST1452,Office Chair,Furniture,West,Ahmedabad,2,9724.3,19448.6,15.0,5960.94,386.11,No,Net Banking,Paid,Delivered
ORD104036,2025-11-02,CUST1510,Smartphone,Electronics,East,Bhubaneswar,4,27869.84,111479.36,15.0,24088.09,410.16,Yes,Net Banking,Paid,Returned
ORD105655,2025-08-05,CUST1185,Laptop,Electronics,South,Hyderabad,4,51966.9,207867.6,10.0,39122.24,484.25,No,UPI,Paid,Delivered
ORD100815,2025-05-08,CUST1237,T-Shirt,Fashion,South,Chennai,4,881.23,3524.92,25.0,680.74,141.89,Yes,Debit Card,Paid,Returned
ORD105645,2026-04-30,CUST1551,Desk,Furniture,North,Delhi,1,13391.36,13391.36,20.0,9039.07,153.64,No,UPI,paid,Delivered
ORD104959,2025-12-26,CUST1195,Coffee Maker,Home Appliances,South,Hyderabad,1,5218.29,5218.29,25.0,4096.87,404.4,No,UPI,Failed,Delivered
ORD101082,2026-07-20,CUST1673,Laptop,Electronics,East,Bhubaneswar,2,57907.86,115815.72,15.0,48659.66,203.42,Yes,UPI,Paid,Returned
ORD101208,2025-03-08,CUST1156,Office Chair,Furniture,West,Ahmedabad,4,7921.08,31684.32,15.0,4810.21,211.72,No,Credit Card,Paid,Cancelled
ORD105483,2025-04-18,CUST1675,Smartwatch,Electronics,East,Kolkata,1,6652.1,6652.1,0.0,4956.57,421.5,Yes,Net Banking,Paid,Returned
ORD101289,2025-06-05,CUST1625,Mixer,Home Appliances,Central,Bhopal,1,3795.99,3795.99,20.0,2672.37,263.82,No,Credit Card,Paid,Delivered
ORD104191,2025-05-03,CUST1246,Jacket,Fashion,South,Chennai,1,4132.68,4132.68,10.0,3568.49,301.53,No,Debit Card,Paid,Cancelled
ORD102428,2025-04-17,CUST1219,Coffee Maker,Home Appliances,South,Hyderabad,5,5816.68,29083.4,5.0,3591.52,452.81,No,UPI,Paid,Cancelled
ORD100604,2026-05-23,CUST1362,Jacket,Fashion,North,Delhi,3,4014.68,12044.04,15.0,2576.24,269.17,No,UPI,Paid,Delivered
ORD102114,2025-06-29,CUST1518,Bookshelf,Furniture,South,Hyderabad,2,6359.06,12718.12,25.0,4762.99,248.44,No,UPI,Failed,Delivered
ORD100550,2025-02-27,CUST1106,Desk,Furniture,North,Jaipur,1,10452.25,10452.25,0.0,8018.16,374.64,No,Debit Card,Paid,Cancelled
ORD102299,2025-11-28,CUST1010,Jacket,Fashion,Central,Indore,4,4118.79,16475.16,0.0,3063.98,268.29,No,Debit Card,Paid,Delivered
ORD100475,2025-11-03,CUST1267,Office Chair,Furniture,North,Lucknow,2,9223.25,18446.5,10.0,7880.89,390.62,No,UPI,Pending,Cancelled
ORD105595,2025-10-13,CUST1342,Smartwatch,Electronics,East,Kolkata,2,6612.88,13225.76,25.0,4865.13,,No,Credit Card,Paid,Cancelled
ORD100212,2025-01-08,CUST1301,Laptop,Electronics,Central,Indore,2,55416.46,110832.92,0.0,42717.01,421.47,No,Cash,Pending,Delivered
ORD103512,2026-01-28,CUST1064,Shoes,Fashion,Central,Indore,1,3210.53,3210.53,0.0,2221.48,63.86,No,Debit Card,Paid,Delivered
ORD105835,2025-02-15,CUST1649,Blender,Home Appliances,North,Delhi,1,2709.15,2709.15,10.0,1750.32,242.54,No,Cash,Paid,Cancelled
ORD105684,2026-03-14,CUST1036,Mixer,Home Appliances,West,Mumbai,2,4684.22,9368.44,0.0,2732.96,81.27,No,Debit Card,Failed,Cancelled
ORD102024,2025-09-03,CUST1611,Office Chair,Furniture,Central,Indore,5,9318.6,46593.0,20.0,6886.13,478.64,No,Credit Card,Pending,Delivered
ORD102480,2025-04-03,CUST1583,Microwave,Home Appliances,West,Mumbai,2,9915.46,19830.92,0.0,7766.83,158.84,No,Net Banking,Failed,Delivered
ORD100276,2025-11-06,CUST1661,Headphones,Electronics,North,Delhi,3,3328.81,9986.43,30.0,2717.0,493.03,No,Debit Card,Paid,Delivered
ORD104601,2025-04-07,CUST1246,Smartwatch,Electronics,East,Kolkata,5,6360.24,31801.2,10.0,4083.55,242.79,No,Cash,Paid,Delivered
ORD105431,2026-04-20,CUST1486,Jacket,Fashion,West,Mumbai,3,4159.75,12479.25,20.0,3604.48,234.65,No,Credit Card,Paid,Delivered
ORD105763,2026-05-27,CUST1756,Smartphone,Electronics,Central,Indore,1,28623.06,28623.06,15.0,21128.35,220.0,No,Credit Card,Paid,Delivered
ORD102339,2026-01-24,CUST1640,Desk,Furniture,East,Kolkata,1,11286.59,11286.59,5.0,8979.03,56.17,No,Debit Card,Failed,Delivered
ORD100901,2025-05-26,CUST1209,Jacket,Fashion,South,Chennai,1,3963.23,3963.23,5.0,2449.78,356.19,No,Credit Card,Paid,Delivered
ORD104544,2026-02-05,CUST1709,Tablet,Electronics,Central,Bhopal,1,21765.85,21765.85,20.0,14955.39,203.23,No,Cash,Paid,Delivered
ORD101409,2025-03-17,CUST1329,Mixer,Home Appliances,North,Lucknow,4,3988.74,15954.96,25.0,2646.74,495.62,No,Net Banking,Paid,Delivered
ORD100989,2025-01-28,CUST1646,Laptop,Electronics,Central,Indore,1,59624.28,59624.28,0.0,42515.78,325.33,No,Cash,Paid,Cancelled
ORD100303,2026-07-12,CUST1372,Desk,Furniture,East,Patna,3,11781.16,35343.48,25.0,7630.2,251.23,No,Net Banking,Paid,Cancelled
ORD103559,2025-10-29,CUST1136,Bookshelf,Furniture,East,Kolkata,3,7196.19,21588.57,25.0,4527.47,229.97,No,Debit Card,Paid,Cancelled
ORD104491,2025-06-26,CUST1084,Microwave,Home Appliances,North,Jaipur,5,9954.91,49774.55,0.0,8397.89,345.3,No,Debit Card,Pending,Delivered
ORD105970,2025-09-23,CUST1395,Backpack,Accessories,East,Kolkata,1,1624.3,1624.3,20.0,1111.49,277.58,Yes,Credit Card,Failed,Returned
ORD101996,2026-01-06,CUST1563,laptop,Fashion,West,Ahmedabad,1,4721.38,4721.38,20.0,3522.26,437.04,No,UPI,Paid,Delivered
ORD102115,2025-01-04,CUST1778,Mixer,Home Appliances,South,Hyderabad,1,4542.97,4542.97,5.0,3128.22,216.79,No,Debit Card,Paid,Delivered
ORD101901,2026-05-11,CUST1627,Bookshelf,Furniture,East,Bhubaneswar,1,6565.57,6565.57,5.0,4135.29,493.08,No,Cash,Paid,Delivered
ORD100324,2026-06-24,CUST1709,Mixer,Home Appliances,East,Patna,1,4421.92,4421.92,20.0,3000.03,145.28,No,Debit Card,Failed,Cancelled
ORD103332,2026-07-27,CUST1065,Office Chair,Furniture,Central,Nagpur,1,9236.97,9236.97,30.0,5726.67,255.0,No,UPI,Pending,Delivered
ORD101154,2025-07-28,CUST1501,Microwave,Home Appliances,North,Lucknow,5,10414.8,52074.0,25.0,7656.61,285.41,No,Credit Card,Paid,Cancelled
ORD105529,2026-05-26,CUST1647,Smartwatch,Electronics,East,Kolkata,1,7244.58,7244.58,5.0,4746.18,,No,Debit Card,Paid,Delivered
ORD103472,2025-12-28,CUST1208,Mixer,Home Appliances,North,Jaipur,1,3832.48,3832.48,10.0,2278.18,203.82,No,UPI,Paid,Delivered
ORD101473,2026-01-28,CUST1566,Backpack,Accessories,West,Pune,2,1809.19,3618.38,5.0,1366.58,252.63,No,UPI,Paid,Cancelled
ORD103011,2025-09-03,CUST1216,Smartwatch,Electronics,North,Delhi,1,7916.01,7916.01,5.0,5735.45,460.88,No,Cash,Paid,Delivered
ORD105975,2025-02-01,CUST1310,Backpack,Accessories,West,Pune,1,1909.06,1909.06,5.0,1405.92,229.76,No,UPI,Paid,Delivered
ORD100150,2025-06-16,CUST1753,Mixer,Home Appliances,North,Lucknow,3,3748.64,11245.92,10.0,2800.33,350.89,No,Cash,Paid,Delivered
ORD101121,2026-07-24,CUST1786,Office Chair,Furniture,Central,Indore,5,7679.78,38398.9,15.0,6394.71,372.06,No,Debit Card,Failed,Delivered
ORD104556,2025-06-02,CUST1506,Mixer,Home Appliances,Central,Indore,1,4219.18,4219.18,0.0,2569.3,479.31,No,UPI,Paid,Cancelled
ORD104074,2026-07-08,CUST1758,Headphones,Electronics,North,Lucknow,2,3729.21,7458.42,10.0,2704.81,477.94,No,Cash,Pending,Delivered
ORD101130,2025-06-20,CUST1513,Tablet,Electronics,North,Jaipur,4,19260.8,77043.2,0.0,11402.88,456.01,No,Credit Card,Paid,Delivered
ORD103954,2026-01-22,CUST1606,Bookshelf,Furniture,East,Bhubaneswar,5,7264.87,36324.35,10.0,5976.08,475.18,No,Cash,Failed,Cancelled
ORD105563,2025-12-26,CUST1524,Bookshelf,Furniture,North,Lucknow,2,5563.91,11127.82,15.0,4573.42,140.51,No,Credit Card,Failed,Delivered
ORD102797,2025-07-23,CUST1622,Blender,Home Appliances,North,Jaipur,1,3345.33,3345.33,25.0,1986.84,120.66,No,Credit Card,Paid,Cancelled
ORD102803,2026-03-02,CUST1449,Office Chair,Furniture,Central,Bhopal,2,8020.72,16041.44,25.0,4880.57,206.6,No,UPI,Paid,Delivered
ORD101048,2025-02-16,CUST1626,Smartphone,Electronics,North,Lucknow,2,23919.52,47839.04,30.0,19898.85,50.26,No,Net Banking,Paid,Cancelled
ORD100811,2025-11-27,CUST1165,Backpack,Accessories,Central,Nagpur,4,1892.2,7568.8,10.0,1131.27,378.93,No,UPI,Paid,Delivered
ORD102709,2026-02-20,CUST1111,Laptop,Electronics,South,Hyderabad,3,58063.11,174189.33,30.0,41218.85,369.84,No,Credit Card,Paid,Delivered
ORD103910,2026-01-18,CUST1309,Headphones,Electronics,West,Mumbai,3,4003.78,12011.34,5.0,2792.77,59.05,No,Credit Card,Paid,Cancelled
ORD101557,2026-05-30,CUST1654,Jacket,Fashion,West,Pune,5,3826.94,19134.7,30.0,3245.1,457.89,No,Net Banking,Paid,Cancelled
ORD101063,2025-05-29,CUST1599,Smartphone,Electronics,South,Hyderabad,1,23994.1,23994.1,15.0,15537.32,474.7,No,Net Banking,Paid,Delivered
ORD103154,2026-07-11,CUST1362,Bookshelf,Furniture,East,Bhubaneswar,1,6051.18,6051.18,25.0,3689.05,469.1,No,Cash,Failed,Delivered
ORD102303,2026-05-28,CUST1526,Office Chair,Furniture,East,Bhubaneswar,4,9243.29,36973.16,15.0,7615.53,164.76,No,Net Banking,Paid,Cancelled
ORD102982,2025-01-28,CUST1686,Microwave,Home Appliances,North,Lucknow,2,11449.46,22898.92,10.0,9377.96,79.75,No,Debit Card,Paid,Delivered
ORD104965,2026-01-22,CUST1657,Tablet,Home appliance,Central,Nagpur,2,22643.68,45287.36,30.0,15024.38,391.23,No,UPI,Pending,Delivered
ORD105951,2025-05-20,CUST1732,Shoes,Fashion,South,Chennai,5,2776.01,13880.05,10.0,1915.46,317.89,No,UPI,Paid,Cancelled
ORD100892,2025-11-25,CUST1163,Coffee Maker,Home Appliances,East,Bhubaneswar,1,5136.9,5136.9,20.0,3992.88,348.66,Yes,UPI,Pending,Returned
ORD102921,2025-07-21,CUST1121,Coffee Maker,Home Appliances,South,Hyderabad,2,5821.4,11642.8,5.0,4691.39,160.46,No,Credit Card,Paid,Cancelled
ORD105499,2025-06-30,CUST1729,T-Shirt,Fashion,West,Mumbai,1,1006.67,1006.67,20.0,766.85,113.09,No,Cash,Pending,Delivered
ORD101100,2025-01-29,CUST1543,Shoes,Fashion,North,Lucknow,2,3267.91,6535.82,15.0,2729.92,447.15,Yes,Cash,Paid,Returned
ORD102436,2025-07-05,CUST1544,Backpack,Accessories,North,Lucknow,5,1943.8,9719.0,0.0,1590.75,103.84,No, UPI ,Failed,Cancelled
ORD102984,2025-02-27,CUST1155,Tablet,Electronics,North,Lucknow,1,22551.99,22551.99,30.0,13936.34,248.26,No,UPI,Pending,Delivered
ORD101315,2025-03-31,CUST1616,Microwave,Home Appliances,North,Delhi,1,10676.34,10676.34,20.0,7150.69,272.99,No,Credit Card,Pending,Cancelled
ORD105230,2026-07-31,CUST1221,Mixer,Home Appliances,South,Chennai,3,3932.69,11798.07,30.0,3120.13,101.52,No,Cash,Paid,Cancelled
ORD101648,2026-04-08,CUST1275,Smartwatch,Electronics,North,Delhi,1,6443.79,6443.79,0.0,5471.21,468.12,No,UPI,Failed,Delivered
ORD105119,2025-09-24,CUST1326,Blender,Home Appliances,South,Bengaluru,4,3346.64,13386.56,30.0,1894.09,452.88,No,Net Banking,Paid,Delivered
ORD103103,2025-07-30,CUST1366,T-Shirt,Fashion,West,Pune,1,794.87,794.87,0.0,665.15,180.42,No,Credit Card,Failed,Delivered
ORD105845,2025-03-07,CUST1245,Office Chair,Furniture,East,Bhubaneswar,4,9428.87,37715.48,5.0,6404.96,325.23,No,UPI,Pending,Delivered
ORD104342,2025-10-11,CUST1584,Coffee Maker,Home Appliances,West,Mumbai,2,5717.76,11435.52,5.0,3672.36,113.39,No,Cash,Paid,Delivered
ORD104241,2025-02-06,CUST1780,Headphones,Electronics,North,Jaipur,1,3357.94,3357.94,30.0,,119.66,No,Net Banking,Failed,Delivered
ORD100795,2025-01-26,CUST1623,T-Shirt,Fashion,South,Chennai,2,1004.69,2009.38,10.0,804.79,108.94,No,Debit Card,Paid,Delivered
ORD100589,2025-09-07,CUST1595,Smartphone,Electronics,West,Ahmedabad,5,28026.71,unknown,25.0,23843.52,294.89,Yes, UPI ,Failed,Returned
ORD100073,2025-04-05,CUST1627,Bookshelf,Furniture,West,Ahmedabad,5,6504.46,32522.3,20.0,4621.41,228.12,No,Cash,Pending,Delivered
ORD100460,2026-03-20,CUST1790,Coffee Maker,Home Appliances,East,Patna,1,5454.65,5454.65,30.0,3197.81,446.49,No,Credit Card,Paid,Delivered
ORD100486,2026-07-31,CUST1011,Microwave,Home Appliances,South,Chennai,4,10015.92,40063.68,30.0,7722.46,225.09,No,Net Banking,Failed,Delivered
ORD104542,2025-10-07,CUST1281,Smartphone,Electronics,East,Bhubaneswar,2,27107.26,54214.52,25.0,17896.32,71.27,No,UPI,Failed,Cancelled
ORD102138,2025-12-09,CUST1346,Mixer,Home Appliances,Central,Indore,1,4826.48,4826.48,30.0,2838.67,296.74,No,UPI,Paid,Delivered
ORD101229,2025-03-01,CUST1551,Shoes,Fashion,Central,Indore,4,3262.41,13049.64,10.0,2417.91,59.44,No,Cash,Failed,Delivered
ORD100492,2025-03-10,CUST1746,Microwave,Home Appliances,West,Mumbai,2,11357.1,22714.2,20.0,7155.42,174.18,No,Credit Card,Paid,Cancelled
ORD104266,2025-11-27,CUST1037,Bookshelf,Furniture,Central,Indore,3,6104.79,18314.37,15.0,5117.03,290.24,No,Cash,Paid,Cancelled
ORD103693,2025-11-19,CUST1089,Backpack,Accessories,West,Ahmedabad,1,2031.75,2031.75,30.0,1372.34,441.96,No,Net Banking,Paid,Delivered
ORD105492,2026-06-28,CUST1645,Office Chair,Furniture,Central,Indore,3,10072.27,30216.81,10.0,7872.78,404.71,Yes,Cash,Paid,Returned
ORD102104,2026-01-14,CUST1626,Backpack,Accessories,Central,Bhopal,2,2022.01,4044.02,20.0,1766.07,477.52,No,Net Banking,Failed,Delivered
ORD101265,2026-02-18,CUST1702,Shoes,Fashion,North,Delhi,4,2999.36,11997.44,20.0,2066.42,133.05,No,Net Banking,Paid,Cancelled
ORD105111,2026-01-07,CUST1385,Blender,Home Appliances,South,Chennai,1,2954.34,2954.34,30.0,2490.1,392.48,No,Net Banking,Paid,Delivered
ORD103418,2026-07-02,CUST1604,Office Chair,Furniture,West,Ahmedabad,1,10274.26,10274.26,25.0,8137.24,248.54,No,UPI,Paid,Delivered
ORD100097,2025-04-08,CUST1131,Smartphone,Electronics,East,,1,29214.19,29214.19,25.0,21816.25,145.8,Yes,Debit Card,Paid,Returned
ORD103273,2026-04-30,CUST1083,Desk,Furniture,North,Delhi,1,13113.58,13113.58,25.0,8801.24,161.16,Yes,Cash,Paid,Returned
ORD105973,2026-03-01,CUST1044,Mixer,Home Appliances,Central,Bhopal,1,4194.58,4194.58,5.0,3090.91,275.37,Yes,Net Banking,Pending,Returned
ORD102527,2025-12-28,CUST1537,Tablet,Electronics,East,Bhubaneswar,2,23293.07,46586.14,15.0,17860.04,76.23,No,Debit Card,Failed,Delivered
ORD105313,2025-09-13,CUST1798,T-Shirt,Fashion,North,Lucknow,5,785.86,3929.3,5.0,548.21,220.73,No,UPI,Paid,Delivered
ORD101772,01/01/2025,CUST1685,Laptop,Electronics,North,Jaipur,2,51912.99,103825.98,25.0,33302.49,444.84,No,Credit Card, PAID ,Delivered
ORD101467,2025-10-02,CUST1464,Coffee Maker,Home Appliances,East,Kolkata,2,5164.01,10328.02,5.0,4113.02,132.7,No,Credit Card,Paid,Delivered
ORD101749,2025-05-24,CUST1199,Bookshelf,Elec,West,Ahmedabad,5,6828.6,34143.0,15.0,3891.91,254.66,No,Debit Card,Pending,Delivered
ORD105909,2025-04-05,CUST1219,Backpack,Accessories,East,Kolkata,3,1692.95,5078.85,0.0,1370.23,198.21,No,Net Banking,Failed,Delivered
ORD101478,2025-03-12,CUST1084,Smartphone,Electronics,East,Kolkata,1,29739.08,29739.08,10.0,23888.73,72.78,No,Debit Card,Pending,Delivered
ORD101890,2025-04-27,CUST1199,T-Shirt,Fashion,South,Hyderabad,4,819.96,3279.84,15.0,663.74,229.92,No,Credit Card,Failed,Delivered
ORD104194,2026-06-29,CUST1659,Laptop,Electronics,East,Bhubaneswar,5,49662.73,248313.65,5.0,39885.67,378.04,,Credit Card,Paid,Delivered
ORD103140,2025-12-13,CUST1117,Jacket,Fashion,East,Patna,2,3900.04,7800.08,0.0,2524.39,91.33,No,Net Banking,Paid,Delivered
ORD102344,2025-07-04,CUST1192,Office Chair,Furniture,East,Patna,1,9443.78,9443.78,30.0,6946.68,42.79,No,UPI,Paid,Delivered
ORD104443,2025-04-09,CUST1434,Backpack,Accessories,West,Ahmedabad,4,1865.87,7463.48,0.0,1121.63,462.96,No,UPI,Failed,Delivered
ORD102950,2026-02-27,CUST1191,Blender,Home Appliances,South,Hyderabad,2,3407.27,6814.54,30.0,2112.2,,No,UPI,Pending,Delivered
ORD100601,2025-04-03,CUST1626,Smartphone,Electronics,Central,Indore,2,29458.32,58916.64,15.0,24450.38,456.77,No,UPI,Pending,Delivered
ORD103942,2025-04-25,CUST1210,Tablet,Electronics,North,Lucknow,2,20381.26,40762.52,20.0,N/A,143.02,No,Credit Card,Failed,Cancelled
ORD103221,2025-04-03,CUST1629,Headphones,Electronics,West,Pune,2,3339.84,6679.68,25.0,1932.5,319.23,No,UPI,Failed,Cancelled
ORD100395,2026-03-15,CUST1779,Shoes,Fashion,East,Bhubaneswar,2,3239.72,6479.44,15.0,2478.8,422.91,No,Credit Card,Paid,Delivered
ORD100426,2025-01-21,CUST1634,Laptop,Electronics,South,Chennai,1,49466.24,49466.24,15.0,40113.56,216.98,No,UPI,Paid,Delivered
ORD100021,2026-04-26,CUST1453,Headphones,Electronics,Central,Nagpur,1,3911.65,3911.65,10.0,2712.14,201.04,No,Debit Card,Pending,Delivered
ORD105679,2025-01-26,CUST1443,Office Chair,Furniture,East,Patna,1,8259.61,8259.61,0.0,4645.88,231.6,No,Cash,Paid,Delivered
ORD101038,2025-06-09,CUST1264,Smartwatch,Electronics,Central,Nagpur,5,7929.05,39645.25,30.0,6226.68,58.53,No,Credit Card,Failed,Delivered
ORD102300,2026-04-04,CUST1259,Backpack,Accessories,South,Bengaluru,4,2068.68,8274.72,10.0,1417.76,155.15,No,Debit Card,Paid,Delivered
ORD105240,2026-06-03,CUST1486,Mixer,Home Appliances,Central,Nagpur,2,3879.44,7758.88,30.0,2364.36,330.24,No,Debit Card,Paid,Delivered
ORD100844,2025-09-20,CUST1166,Office Chair,Furniture,Central,Nagpur,4,10315.12,41260.48,5.0,7637.28,unknown,No,Net Banking,Pending,Cancelled
ORD103357,2025-07-20,CUST1581,Headphones,Electronics,North,Delhi,5,3507.12,17535.6,25.0,2706.16,186.89,Yes,Cash,Paid,Returned
ORD102893,2026-03-07,CUST1382,Backpack,Accessories,West,Pune,1,2005.85,2005.85,10.0,1504.76,493.18,No,UPI,Paid,Delivered
ORD102602,2025-09-11,CUST1404,Microwave,Home Appliances,North,Bhubaneswar,2,11064.88,22129.76,10.0,6952.16,361.96,No,UPI,Pending,Delivered
ORD105316,2025-06-02,CUST1791,Coffee Maker,Home Appliances,North,Delhi,1,4843.63,4843.63,0.0,3070.76,324.47,No,Cash,Paid,Cancelled
ORD103417,2026-04-27,CUST1603,Shoes,Fashion,North,Delhi,4,3457.02,13828.08,15.0,2143.36,214.0,No,Credit Card,Failed,Delivered
ORD104346,2025-11-26,CUST1006,Laptop,Electronics,East,Kolkata,4,53144.31,212577.24,5.0,30160.09,76.6,No,Credit Card,Pending,Cancelled
ORD104835,2025-05-06,CUST1512,Shoes,Fashion,South,Chennai,2,3160.61,6321.22,25.0,2111.41,330.73,Yes,Cash,Pending,Returned
ORD105060,2025-10-01,CUST1047,Smartwatch,Electronics,South,Hyderabad,5,7514.96,37574.8,5.0,5862.03,229.32,No,UPI,Paid,Cancelled
ORD101669,2026-07-26,CUST1517,Backpack,Accessories,West,Mumbai,3,2062.86,6188.58,15.0,1627.57,164.27,No,UPI,Paid,Cancelled
ORD103484,2025-02-07,CUST1731,Office Chair,Furniture,Central,Nagpur,2,10086.5,20173.0,30.0,8646.69,41.99,No,Debit Card,Paid,Delivered
ORD105605,2026-05-05,CUST1737,Smartphone,Electronics,East,Bhubaneswar,3,24734.29,74202.87,25.0,17810.62,247.59,No,Credit Card,Pending,Delivered
ORD103502,2025-10-04,CUST1265,Office Chair,Furniture,West,Mumbai,4,9879.69,39518.76,30.0,5863.68,161.39,No,Credit Card,Failed,Cancelled
ORD105866,2025-06-17,CUST1008,Headphones,Electronics,North,Jaipur,1,3741.77,3741.77,20.0,2940.61,unknown,No,UPI,Paid,Cancelled
ORD101314,2026-07-26,CUST1545,Microwave,Home Appliances,Central,Nagpur,5,12514.59,62572.95,5.0,9081.73,453.4,No,Net Banking,Paid,Delivered
ORD101846,2026-05-29,CUST1524,Blender,Home Appliances,East,Kolkata,1,2597.68,2597.68,20.0,1916.87,475.53,No,Credit Card,Pending,Cancelled
ORD103088,2026-04-26,CUST1024, LAPTOP ,Electronics,South,Chennai,1,6855.77,6855.77,20.0,5354.53,173.27,No,Cash,Pending,Delivered
ORD105278,2025-02-13,CUST1011,T-Shirt,Fashion,West,Ahmedabad,2,790.38,1580.76,10.0,615.93,298.8,No,Net Banking,Pending,Delivered
ORD100243,2025-02-22,CUST1408,Shoes,Fashion,West,Ahmedabad,5,3252.47,16262.35,15.0,2521.52,151.29,yes,Cash,Failed,Cancelled
ORD104162,2026-07-28,CUST1568,Blender,Home Appliances,South,Bengaluru,1,2907.45,2907.45,25.0,2267.19,467.27,No,Net Banking,Paid,Delivered
ORD104754,2025-06-02,CUST1169,Microwave,Home Appliances,West,Pune,4,9932.48,39729.92,20.0,8682.77,401.41,No,UPI,Failed,Delivered
ORD100933,23/04/2025,CUST1680,Shoes,Fashion,South,Bengaluru,3,2837.62,8512.86,0.0,1904.48,457.53,No,Net Banking,Paid,Delivered
ORD102407,2026-03-16,CUST1237,Backpack,Accessories,Central,Bhopal,1,1607.22,1607.22,5.0,1177.2,155.95,Yes,UPI,Paid,Returned
ORD102143,2026-05-23,CUST1457,T-Shirt,Fashion,Central,Indore,4,973.22,3892.88,15.0,808.19,406.94,No,Debit Card,Pending,Delivered
ORD105751,2025-02-07,CUST1036,Office Chair,Furniture,West,Ahmedabad,2,10342.63,20685.26,,8095.85,346.31,Yes,Credit Card,Pending,Returned
ORD101528,2025-09-03,CUST1552,Mixer,Home Appliances,Central,Indore,4,4323.73,17294.92,10.0,2965.57,84.57,No,UPI,Paid,Delivered
ORD101496,2025-09-19,CUST1685,Laptop,Electronics,South,Hyderabad,2,54369.26,108738.52,20.0,44071.77,88.19,No,Net Banking,Pending,Delivered
ORD101745,2026-07-05,CUST1643,Smartphone,Electronics,West,Mumbai,1,31682.67,31682.67,25.0,22001.25,433.52,Yes,Credit Card,Paid,Returned
ORD102569,2025-02-24,CUST1486,Mixer,Home Appliances,West,Ahmedabad,2,3868.02,7736.04,25.0,3195.56,218.15,No,UPI,Paid,Delivered
ORD105440,2025-02-19,CUST1201,Blender,Home Appliances,East,Patna,2,2864.21,5728.42,15.0,2342.0,403.45,No,Debit Card, PAID ,Cancelled
ORD101554,2026-06-14,CUST1595,Tablet,Electronics,North,Lucknow,5,24033.45,120167.25,5.0,16464.91,344.33,No,Cash,Failed,Delivered
ORD105528,2025-08-20,CUST1207,Coffee Maker,Home Appliances,West,Pune,2,5643.41,11286.82,5.0,3229.22,50.44,No,UPI,Pending,Delivered
ORD103022,2026-03-11,CUST1522,Office Chair,Furniture,West,Pune,1,8872.59,8872.59,30.0,6734.84,422.37,No,Net Banking,Failed,Delivered
ORD104457,2025-05-03,CUST1606,Coffee Maker,Home Appliances,Central,Indore,2,6295.48,12590.96,25.0,4032.43,125.15,No,Credit Card,Pending,Cancelled
ORD105552,2025-11-26,CUST1471,Blender,Home Appliances,Central,Nagpur,5,3273.87,unknown,30.0,1923.55,416.14,No,Debit Card,Paid,Delivered
ORD104580,2025-10-01,CUST1792,Smartphone,Electronics,South,Chennai,5,26962.96,134814.8,5.0,17441.52,105.14,No,UPI,Paid,Returned
ORD103223,2026-04-27,CUST1315,Shoes,Fashion,South,Bengaluru,1,3483.08,3483.08,15.0,2309.57,245.49,No,UPI,Paid,Delivered
ORD103399,2026-07-29,CUST1118,Headphones,Electronics,South,Bengaluru,1,3710.29,3710.29,,2587.38,60.32,Yes,Debit Card,Paid,Returned
ORD103328,2026-03-24,CUST1362,Mixer,Home Appliances,South,Chennai,1,4384.88,4384.88,20.0,3508.27,297.98,Yes,Credit Card,Pending,Returned
ORD102359,2025-01-12,CUST1477,Desk,Furniture,South,Chennai,2,11823.15,23646.3,30.0,8263.64,157.96,No,Credit Card,Pending,Delivered
ORD101808,2025-01-27,CUST1227,Desk,Furniture,East,Kolkata,4,12183.14,48732.56,10.0,6843.13,383.12,No,UPI,Paid,Delivered
ORD102890,2025-01-06,CUST1414,Headphones,Electronics,South,Chennai,3,3060.77,9182.31,0.0,2035.89,58.29,No,Credit Card,Paid,Delivered
ORD102461,2025-12-07,CUST1620,Desk,Furniture,Central,Nagpur,5,13458.24,67291.2,30.0,9877.44,229.71,Yes,Cash,Failed,Returned
ORD105253,2025-01-31,CUST1630,Mixer,Home Appliances,Central,Nagpur,3,4824.38,14473.14,30.0,2768.49,421.03,No,Credit Card,Failed,Delivered
ORD104861,2026-07-20,CUST1527,Bookshelf,Furniture,Central,Indore,1,7127.67,7127.67,15.0,5235.42,141.59,No,Net Banking,Failed,Delivered
ORD102506,2026-02-12,CUST1053,Coffee Maker,Home Appliances,East,Bhubaneswar,1,5268.57,5268.57,25.0,3555.41,173.97,No,Net Banking,Pending,Delivered
ORD101185,2025-03-23,CUST1057,Bookshelf,Furniture,East,Patna,5,6825.62,34128.1,20.0,5739.55,333.8,No,Cash,Paid,Delivered
ORD102387,2025-02-18,CUST1363, LAPTOP ,Electronics,Central,Indore,3,6875.43,20626.29,10.0,5399.56,319.36,No,Debit Card,Failed,Delivered
ORD104382,2025-03-31,CUST1798,Coffee Maker,Home Appliances,West,Mumbai,1,6218.19,6218.19,10.0,4335.12,93.74,No,Net Banking,Pending,Delivered
ORD103320,2025-04-24,CUST1202,Headphones,Electronics,East,Patna,1,3918.17,3918.17,25.0,3157.13,181.12,No,Cash,Paid,Delivered
ORD102553,2025-12-21,CUST1021,Jacket,Fashion,East,Bhubaneswar,2,4414.91,8829.82,25.0,"3,686.91",51.46,No,Net Banking,Failed,Cancelled
ORD105045,2026-02-09,CUST1018,Office Chair,Furniture,Central,Nagpur,5,8785.4,43927.0,10.0,7096.81,224.61,No,Net Banking,Paid,Cancelled
ORD105699,2025-10-21,CUST1345,Laptop,Electronics,East,Patna,1,61089.93,61089.93,0.0,41285.76,418.12,Yes,Cash,Pending,Returned
ORD104235,2026-06-16,CUST1273,Blender,Home Appliances,West,Mumbai,5,2895.73,14478.65,10.0,1653.85,54.93,No,Credit Card,Paid,Delivered
ORD103925,2026-07-24,CUST1549,Office Chair,Furniture,West,Pune,3,9998.61,29995.83,20.0,6996.1,492.41,No,Debit Card,Paid,Delivered
ORD104944,2026-02-04,CUST1583,Desk,Furniture,South,Hyderabad,2,11286.41,22572.82,30.0,9542.85,361.76,No,Debit Card,Pending,Delivered
ORD105783,2025-10-13,CUST1045,Coffee Maker,Home Appliances,North,Jaipur,2,6314.79,12629.58,5.0,5294.71,336.7,No,Cash,Paid,Delivered
ORD101760,2025-01-21,CUST1696,Desk,Furniture,West,Mumbai,1,13409.47,13409.47,30.0,9414.67,419.42,No,UPI,Paid,Delivered
ORD103279,2026-07-03,CUST1510,Laptop,electronics,East,Kolkata,5,55734.37,278671.85,15.0,32704.08,264.83,No,Credit Card,Pending,Delivered
ORD101965,2026-03-05,CUST1524,Smartphone,Electronics,West,Mumbai,2,24851.09,49702.18,10.0,16333.28,468.85,No,UPI,Pending,Cancelled
ORD105234,2026-01-26,CUST1145,Headphones,Electronics,East,Bhubaneswar,3,3388.57,10165.71,25.0,1875.41,237.67,Yes,Net Banking,Failed,Returned
ORD102948,2026-05-17,CUST1184,Mixer,Home Appliances,South,Bengaluru,1,3786.23,3786.23,15.0,2948.9,55.65,No,Debit Card,Pending,Delivered
ORD103142,11/06/2025,CUST1417,Smartphone,Fashion,East,Bhubaneswar,1,928.87,928.87,30.0,792.72,245.23,No,Cash,Paid,Delivered
ORD105760,2025-07-08,CUST1527,Coffee Maker,Home Appliances,South,Chennai,5,5047.74,25238.7,5.0,,105.92,No,UPI,Failed,Delivered
ORD100444,2025-09-22,CUST1612,Tablet,Electronics,West,Pune,5,20977.11,104885.55,0.0,15488.48,260.2,No,Credit Card,Failed,Delivered
ORD102087,2026-01-24,CUST1792,Office Chair,Furniture,Central,Indore,3,8395.54,25186.62,15.0,6363.18,369.61,No,Cash,Failed,Delivered
ORD105218,2026-06-25,CUST1660,Bookshelf,Furniture,South,Hyderabad,1,5551.97,5551.97,10.0,3531.7,279.79,No,Credit Card,Paid,Delivered
ORD101264,2025-09-23,CUST1653,Headphones,Electronics,Central,Bhopal,4,3274.27,13097.08,20.0,2704.55,357.4,No,Credit Card,Paid,Delivered
ORD102753,2026-02-01,CUST1125,Bookshelf,Furniture,North,Lucknow,3,5969.19,17907.57,20.0,4861.74,192.95,Yes,Debit Card,Pending,Returned
ORD105534,2026-07-01,CUST1696,Coffee Maker,Home Appliances,South,Hyderabad,2,5069.29,10138.58,20.0,4306.75,394.98,No,Credit Card,Paid,Delivered
ORD102565,2026-01-03,CUST1742,T-Shirt,Electronics,Central,Nagpur,3,771.11,2313.33,25.0,625.44,113.93,No,UPI,Pending,Delivered
ORD105269,2025-06-05,CUST1203,Headphones,Electronics,West,Pune,1,3416.48,3416.48,25.0,2675.34,86.71,No,Credit Card,Failed,Delivered
ORD105767,2025-05-03,CUST1080,Coffee Maker,Home Appliances,South,Chennai,1,5218.4,5218.4,10.0,4346.77,299.77,No,Net Banking,Paid,Delivered
ORD104450,2026-06-12,CUST1794,Headphones,Electronics,South,Chennai,1,3322.05,3322.05,0.0,2002.07,410.95,No,Credit Card,Pending,Delivered
ORD103929,2025-06-10,CUST1726,Microwave,Home Appliances,South,Hyderabad,5,10659.85,53299.25,10.0,8282.51,422.5,No,Net Banking,Paid,Delivered
ORD101076,2025-03-20,CUST1477,Office Chair,Furniture,East,Bhubaneswar,2,8254.52,16509.04,10.0,6264.46,294.93,No,Net Banking,Paid,Delivered
ORD102887,2025-07-29,CUST1291,Bookshelf,Furniture,North,Lucknow,5,7136.48,35682.4,5.0,4215.57,458.96,No,Debit Card,Paid,Delivered
ORD103270,2025-03-17,CUST1592,Tablet,Electronics,West,Ahmedabad,1,21133.23,21133.23,15.0,17492.34,498.55,No,Cash,Paid,Delivered
ORD101227,2026-04-30,CUST1146,Desk,Furniture,South,Hyderabad,2,11496.24,22992.48,25.0,7458.83,188.69,No,UPI,Pending,Delivered
ORD105187,2025-04-01,CUST1568,Mixer,Home Appliances,Central,Bhopal,1,4068.27,4068.27,5.0,3361.29,116.89,No,UPI,Pending,Cancelled
ORD101151,2026-04-18,CUST1115,Laptop,Electronics,East,Kolkata,1,54760.68,54760.68,15.0,31606.58,293.14,No,UPI,Failed,Cancelled
ORD103727,2025-09-13,CUST1608,Smartwatch,Electronics,East,Bhubaneswar,3,6504.4,19513.2,15.0,5366.77,285.51,No,Net Banking,Failed,Delivered
ORD104030,2025-02-17,CUST1800,Desk,Furniture,East,Kolkata,1,10663.46,10663.46,25.0,8097.94,315.89,No,Credit Card,Paid,Delivered
ORD103934,2026-02-11,CUST1438,Blender,Home Appliances,Central,Indore,1,2722.2,2722.2,5.0,2213.15,363.38,No,UPI,Failed,Cancelled
ORD100417,2026-03-04,CUST1728,Blender,Home Appliances,North,Delhi,4,3254.18,13016.72,10.0,2138.73,356.16,No,UPI,Paid,Delivered
ORD105062,2025-08-14,,Headphones,Electronics,Central,Indore,2,3880.7,7761.4,0.0,2266.95,60.76,Yes,Net Banking,Pending,Returned
ORD101242,2026-06-11,CUST1226,T-Shirt,Fashion,East,Kolkata,1,863.23,863.23,30.0,636.81,296.99,No,Debit Card,Paid,Cancelled
ORD105666,2026-05-31,CUST1327,Smartwatch,Electronics,Central,Nagpur,2,7590.14,15180.28,10.0,5663.74,348.26,No,UPI,Paid,Delivered
ORD101866,2025-05-17,CUST1372,T-Shirt,Fashion,West,Ahmedabad,3,835.53,2506.59,20.0,511.32,284.63,No,,Failed,Delivered
ORD104253,2025-12-12,CUST1116,Office Chair,Furniture,South,Bengaluru,2,10272.93,20545.86,20.0,8618.75,285.3,No,Cash,Paid,Delivered
ORD103166,2026-07-23,CUST1298,Jacket,Fashion,West,Ahmedabad,2,4476.94,8953.88,30.0,3625.52,432.26,No,UPI,Paid,Delivered
ORD103663,2026-04-08,CUST1417,T-Shirt,Fashion,South,Hyderabad,1,1009.03,1009.03,0.0,760.04,182.85,No,Credit Card,Paid,Delivered
ORD103715,2026-01-28,CUST1598,Mixer,Home Appliances,North,Jaipur,1,3964.2,3964.2,20.0,3031.85,276.33,No,Net Banking,Paid,Delivered
ORD105858,2025-06-09,CUST1616,Backpack,Accessories,North,Lucknow,5,1783.22,8916.1,5.0,1234.0,288.69,No,Net Banking,Paid,Delivered
ORD105250,2026-01-02,CUST1751,Smartwatch,Electronics,West,,1,7476.12,7476.12,10.0,6138.89,94.42,No,Credit Card,Paid,Cancelled
ORD101278,2025-09-29,CUST1691,Shoes,Fashion,West,Ahmedabad,1,3501.49,3501.49,0.0,2187.85,249.71,No,Debit Card,Paid,Delivered
ORD102637,2026-07-15,CUST1336,Office Chair,Furniture,West,Pune,1,10058.65,10058.65,30.0,8538.0,220.67,No,Credit Card,Paid,Cancelled
ORD105522,2026-05-24,CUST1338,Backpack,Accessories,West,Pune,2,1555.92,3111.84,15.0,870.79,267.9,No,Credit Card,Paid,Delivered
ORD104856,2026-01-04,CUST1041,Shoes,Fashion,East,Bhubaneswar,1,3408.21,3408.21,5.0,1913.82,288.76,No,UPI,Paid,Delivered
ORD103110,2025-09-21,CUST1382,Smartwatch,Electronics,South,Chennai,5,7972.82,39864.1,0.0,6364.66,324.69,Yes,UPI,Failed,Returned
ORD104338,18/09/2025,CUST1069,Mixer,Home Appliances,South,Chennai,1,4016.88,4016.88,15.0,2231.92,398.15,No,Credit Card,paid,Delivered
ORD100884,2026-05-31,CUST1088,Smartphone,Electronics,Central,Indore,2,28672.32,57344.64,30.0,17997.17,374.41,No,Debit Card,Paid,Delivered
ORD100620,2025-09-27,CUST1056,Smartwatch,Electronics,West,Mumbai,2,7126.24,14252.48,20.0,4721.7,383.86,No,Net Banking,Pending,Delivered
ORD102551,2025-12-18,CUST1219,Tablet,Electronics,Central,Nagpur,2,21451.93,42903.86,25.0,14676.1,253.16,No,Debit Card,Paid,Delivered
ORD102970,2025-11-08,CUST1569,Bookshelf,Furniture,West,Ahmedabad,2,5764.22,11528.44,5.0,3639.56,242.33,No,Net Banking,Paid,Delivered
ORD102207,2026-07-28,CUST1318,Desk,Furniture,East,Patna,4,10385.28,41541.12,10.0,6802.71,363.14,No,Debit Card,Paid,Delivered
ORD103466,2025-10-15,CUST1685,Coffee Maker,Home Appliances,Central,Indore,1,5063.03,5063.03,25.0,3471.3,185.51,No,Debit Card,Failed,Cancelled
ORD100537,2026-03-25,CUST1536,Mixer,Furniture,North,Lucknow,4,4564.05,18256.2,30.0,2775.14,,No,Credit Card,Paid,Delivered
ORD103767,2025-03-30,CUST1177,Smartphone,Electronics,North,Delhi,3,24358.08,73074.24,5.0,14025.86,138.65,No,Debit Card,Paid,Delivered
ORD102288,2025-11-13,CUST1793,Smartwatch,Electronics,North,Lucknow,3,6294.42,18883.26,,5019.63,251.05,Yes,Credit Card,Paid,Returned
ORD100013,2025-04-23,CUST1002,Smartwatch,Electronics,West,Pune,3,7412.24,22236.72,10.0,4812.69,171.03,Yes,Cash,Failed,Returned
ORD101681,2025-09-07,CUST1336,Tablet,Electronics,East,Bhubaneswar,2,23857.53,47715.06,25.0,19479.17,261.47,No,Cash,Paid,Delivered
ORD100740,2025-03-27,CUST1574,Coffee Maker,Home Appliances,West,Mumbai,1,6017.47,6017.47,25.0,5050.25,112.81,No,UPI,Paid,Delivered
ORD105496,2026-06-08,CUST1604,Shoes,Fashion,Central,Nagpur,2,3069.12,6138.24,5.0,2506.79,440.06,No,Net Banking,Pending,Cancelled
ORD102976,2025-03-20,CUST1059,T-Shirt,Fashion,Central,Indore,4,1007.23,4028.92,5.0,825.23,399.39,No,Debit Card,Paid,Cancelled
ORD103386,2025-10-16,CUST1418,Jacket,Fashion,South,Chennai,1,4501.73,4501.73,5.0,2893.61,70.81,No,Net Banking,Failed,Delivered
ORD101385,2025-01-23,CUST1606,Bookshelf,Furniture,Central,Bhopal,4,7440.67,29762.68,5.0,5006.08,320.48,No,Net Banking,Paid,Cancelled
ORD102843,2026-01-12,CUST1780,Desk,Furniture,Central,Bhopal,2,11707.95,23415.9,,9648.1,432.93,No,Cash,Paid,Delivered
ORD105864,2026-03-31,CUST1649,Smartphone,Electronics,West,Pune,1,31929.67,31929.67,30.0,21482.61,160.57,No,Debit Card,Failed,Cancelled
ORD105792,2025-06-24,CUST1132,Jacket,Fashion,Central,Bhopal,1,4762.81,4762.81,25.0,3516.11,72.81,No,Credit Card,Pending,Delivered
ORD102403,2025-10-24,CUST1374,Headphones,Electronics,West,Ahmedabad,1,3315.63,3315.63,15.0,2284.05,482.48,No,Debit Card,Pending,Delivered
ORD100334,2025-12-21,CUST1112,Blender,Home Appliances,East,Bhubaneswar,2,3105.5,6211.0,25.0,1848.58,307.12,No,UPI,Paid,Delivered
ORD102736,2026-04-03,CUST1530,Desk,Furniture,South,Chennai,5,12939.85,64699.25,30.0,9828.54,127.67,No,UPI,Failed,Cancelled
ORD104280,2025-07-26,CUST1238,Jacket,Fashion,West,Ahmedabad,5,4149.22,20746.1,10.0,,159.48,No,Cash,Failed,Cancelled
ORD104919,2025-12-31,CUST1657,Desk,Furniture,North,Lucknow,5,10457.03,52285.15,0.0,6761.96,494.46,No,Credit Card,Paid,Delivered
ORD103495,2025-09-06,CUST1784,Smartphone,Electronics,East,Patna,1,25251.32,25251.32,5.0,19524.19,60.23,No,Cash,Paid,Delivered
 ORD102989 ,2025-07-15,CUST1262,Coffee Maker,Home Appliances,Central,Bhopal,2,6316.87,12633.74,10.0,3582.11,129.27,No,Cash,Paid,Delivered
ORD103397,2025-01-06,CUST1570,Smartwatch,Electronics,East,Bhubaneswar,2,5962.62,11925.24,25.0,4730.14,429.13,No,Net Banking,Failed,Delivered
ORD103049,2026-04-08,CUST1698,Mixer,Home Appliances,Central,Bhopal,1,4391.93,4391.93,30.0,3448.25,-50,No,UPI,Pending,Cancelled
ORD102235,2026-04-30,CUST1665,Shoes,Fashion,East,Patna,3,3025.64,9076.92,15.0,2307.56,123.14,No,Cash,Failed,Delivered
ORD100941,2026-07-23,CUST1587,Tablet,Electronics,East,Bhubaneswar,1,24860.28,24860.28,25.0,13936.58,336.18,No,Cash,Paid,Cancelled
ORD104380,2026-02-25,CUST1008,Headphones,Electronics,West,Mumbai,1,3669.04,3669.04,15.0,2910.73,235.2,No,UPI,Pending,Delivered
ORD102947,2026-06-14,CUST1131,Mixer,Home Appliances,South,Bengaluru,2,3731.41,7462.82,15.0,2815.69,199.51,No,Net Banking,Paid,Cancelled
ORD101184,2025-06-29,CUST1182,Jacket,Fashion,Central,Indore,2,4556.22,9112.44,10.0,2649.91,113.76,Yes,Debit Card,Failed,Returned
ORD104261,2025-11-16,CUST1634,Office Chair,Furniture,Central,Bhopal,2,10253.38,20506.76,0.0,8281.92,281.13,No,UPI,Pending,Delivered
ORD102277,2025-10-24,CUST1686,Headphones,Electronics,East,Kolkata,1,3078.03,3078.03,15.0,2052.49,299.82,No,Net Banking,Failed,Delivered
ORD103931,2026-05-03,CUST1073,Shoes,Fashion,West,Mumbai,4,3044.62,12178.48,0.0,2073.94,496.3,Yes,UPI,Paid,Returned
ORD101851,2025-11-22,CUST1338,Coffee Maker,Home Appliances,West,Pune,3,5713.18,17139.54,0.0,3377.7,118.43,No,Net Banking,Paid,Delivered
ORD105814,2026-07-21,CUST1020,Shoes,Fashion,West,Ahmedabad,4,3160.7,12642.8,0.0,1826.08,262.04,No,Net Banking,Pending,Cancelled
ORD104137,2025-05-06,CUST1562,Mixer,Home Appliances,Central,Bhopal,1,3942.18,3942.18,10.0,2585.42,409.68,Yes,Debit Card,Paid,Returned
ORD102796,2025-12-17,CUST1061,Tablet,Electronics,Central,Indore,2,20766.91,41533.82,20.0,13188.3,265.54,No,Cash,Pending,Cancelled
ORD104875,2025-06-29,CUST1666,Jacket,Fashion,South,Bengaluru,1,4048.44,4048.44,20.0,2647.99,306.28,Yes,Cash,Paid,Returned
ORD101886,2025-04-26,CUST1065,Backpack,Accessories,North,Delhi,1,1938.08,1938.08,15.0,1436.66,148.45,No,Credit Card,Paid,Delivered
ORD103659,2026-07-06,CUST1337,Mixer,Home Appliances,North,Lucknow,2,4219.65,8439.3,30.0,3679.71,286.22,No,UPI,Paid,Cancelled
ORD103615,2025-11-25,CUST1675,Microwave,Home Appliances,West,Mumbai,1,9555.38,9555.38,25.0,6892.64,153.19,Yes,Net Banking,Paid,Returned
ORD103519,2026-05-19,CUST1060,Jacket,Fashion,East,Patna,1,5077.21,5077.21,30.0,3887.48,112.88,Yes,Debit Card,Failed,Returned
ORD102397,2026-07-14,CUST1263,Desk,Furniture,West,Ahmedabad,2,10202.7,20405.4,5.0,6871.76,210.62,No,Cash,Pending,Delivered
ORD102093,2025-01-05,CUST1157,Backpack,Accessories,Central,,1,1773.65,1773.65,20.0,1313.84,280.49,No,Cash,Paid,Cancelled
ORD102156,2026-05-29,CUST1630,Mixer,Home Appliances,South,Bengaluru,5,3942.61,19713.05,5.0,3408.69,491.02,Yes,Debit Card,Paid,Returned
ORD103689,2025-06-16,CUST1638,Headphones,Electronics,North,Delhi,1,3405.79,3405.79,20.0,2443.62,83.07,No,UPI,Paid,Delivered
ORD105781,2026-04-08,CUST1558,Smartphone,Electronics,West,Ahmedabad,1,31959.82,31959.82,20.0,23921.8,200.66,No,UPI,Failed,Cancelled
ORD100029,2025-04-06,CUST1638,Shoes,Fashion,Central,Bhopal,3,3522.54,10567.62,0.0,2737.74,,No,UPI,Failed,Delivered
ORD104277,2025-02-15,CUST1772,Shoes,Fashion,North,Jaipur,1,3056.46,3056.46,30.0,2461.35,164.52,No,Net Banking,Pending,Delivered
ORD102669,2025-07-26,CUST1222,Bookshelf,Furniture,North,Jaipur,2,6173.54,12347.08,5.0,4914.91,86.09,No,Credit Card,Paid,Delivered
ORD103491,2025-08-14,CUST1104,Blender,Home Appliances, WEST ,Lucknow,2,2957.41,5914.82,5.0,1784.6,156.55,No,Net Banking,Paid,Cancelled
ORD104730,2025-06-28,CUST1221,Shoes,Fashion,Central,Bhopal,2,3361.64,6723.28,25.0,2234.0,318.23,No,Net Banking,Pending,Delivered
ORD104200,2025-11-01,CUST1557,Bookshelf,Furniture,South,Hyderabad,4,5933.51,23734.04,15.0,N/A,466.93,Yes,Credit Card,Pending,Returned
ORD104156,2025-07-06,CUST1120,Bookshelf,Furniture,South,Bengaluru,1,6419.05,6419.05,25.0,N/A,206.74,No,Debit Card,Paid,Cancelled
ORD101107,2025-05-25,CUST1274,Smartwatch,Electronics,Central,Indore,4,6184.78,24739.12,20.0,5174.23,334.14,No,Cash,Paid,Delivered
ORD100490,2026-06-06,CUST1396,Coffee Maker,Home Appliances,East,Bhubaneswar,1,4728.54,4728.54,30.0,3753.14,69.35,No,Cash,Paid,Delivered
ORD100315,2026-05-05,CUST1485,Backpack,Accessories,West,Mumbai,3,1934.99,5804.97,0.0,1229.14,318.49,No,Credit Card,Pending,Delivered
ORD101474,2026-02-19,CUST1646,Backpack,Accessories,Central,Bhopal,5,2064.48,10322.4,0.0,1324.54,437.64,Yes,Net Banking,Paid,Returned
ORD100381,30/06/2025,CUST1618,Smartwatch,Electronics,South,Hyderabad,4,7668.6,30674.4,30.0,5409.53,266.43,No,Credit Card,Paid,Delivered
ORD104518,2025-11-05,CUST1362,Headphones,Electronics,East,Bhubaneswar,2,3043.23,6086.46,30.0,2299.98,435.2,No,Net Banking,Paid,Delivered
ORD100125,2026-07-21,CUST1750,Microwave,Home Appliances,East,Kolkata,1,9549.16,9549.16,30.0,7301.26,260.47,No,Net Banking,Failed,Delivered
ORD103811,2025-04-30,CUST1554,T-Shirt,Fashion,South,Hyderabad,1,953.17,953.17,15.0,643.71,411.35,Yes,Net Banking,Failed,Returned
ORD103595,2026-01-21,CUST1763,Smartphone,Electronics,West,Ahmedabad,5,32163.35,160816.75,25.0,20761.74,352.19,No,UPI,Pending,Delivered
ORD100445,2025-09-17,CUST1125,Office Chair,Furniture,East,Bhubaneswar,3,10015.72,30047.16,30.0,8578.53,238.05,Yes,Debit Card,Paid,Returned
ORD104759,2026-04-02,,Headphones,Electronics,East,Patna,3,3236.31,9708.93,0.0,2034.09,372.94,No,UPI,Failed,Delivered
ORD105120,2025-08-25,CUST1266,Mixer,Home Appliances,East,Bhubaneswar,1,4441.26,4441.26,20.0,3522.95,107.43,Yes,Net Banking,Pending,Returned
ORD102827,2026-07-23,CUST1777,Office Chair,Furniture,West,Pune,2,9924.14,19848.28,25.0,5702.62,365.11,No,Debit Card,Paid,Delivered
ORD104072,2026-01-15,CUST1437,Jacket,Fashion,West,Pune,4,5041.92,20167.68,25.0,4300.36,297.0,Yes,UPI,Failed,Returned
ORD100626,2025-11-10,CUST1184,T-Shirt,Fashion,South,Bengaluru,1,953.87,953.87,10.0,782.05,292.69,No,Net Banking,Paid,Delivered
ORD105577,2026-06-13,CUST1669,Desk,Furniture,East,Patna,4,11313.76,45255.04,30.0,9706.65,293.0,No,Debit Card,Paid,Cancelled
ORD105608,2025-04-12,CUST1324,Backpack,Accessories,South,Hyderabad,2,1904.59,3809.18,0.0,1428.21,99.78,No,Credit Card,Pending,Cancelled
ORD101112,2025-04-10,CUST1112,Desk,Furniture,West,Pune,5,12210.5,61052.5,30.0,8793.15,302.06,No,Debit Card,Pending,Cancelled
ORD105603,2026-07-14,CUST1080,Blender,Home Appliances,Central,,1,3320.82,3320.82,15.0,N/A,327.31,No,Cash,Paid,Cancelled
ORD101484,2025-03-22,CUST1087,Shoes,Fashion,North,Jaipur,1,3340.1,3340.1,15.0,2195.09,402.98,No,UPI,Pending,Delivered
ORD104364,2025-06-19,CUST1139,Smartphone,Electronics,West,Ahmedabad,1,27511.46,27511.46,25.0,23232.79,365.88,Yes,UPI,Paid,Returned
ORD102977,2025-02-08,CUST1176,Mixer,Home Appliances,East,Bhubaneswar,3,4822.05,14466.15,30.0,2878.28,262.71,No,Cash,Failed,Delivered
ORD103195,2026-05-25,CUST1662,Office Chair,Furniture,Central,Indore,5,7750.0,38750.0,20.0,5912.1,314.22,No,Credit Card,Paid,Delivered
ORD105417,2025-01-18,CUST1664,Office Chair,Furniture,South,Chennai,1,10225.11,10225.11,30.0,8012.54,128.15,No,Cash,Paid,Cancelled
ORD102185,2025-02-15,CUST1243,Headphones,Electronics,west,Patna,1,3124.41,3124.41,10.0,2471.98,141.89,No,Credit Card,Paid,Delivered
ORD105215,2025-12-04,CUST1258,Blender,Home Appliances,North,Jaipur,1,3184.71,3184.71,20.0,2546.26,91.72,Yes,Net Banking,Pending,Returned
ORD103805,2025-10-08,CUST1637,Office Chair,Furniture,East,Patna,1,9117.3,9117.3,5.0,7683.68,285.31,No,Debit Card,Paid,Delivered
ORD100011,2025-09-16,CUST1359,Desk,Furniture,West,Pune,1,11344.81,11344.81,0.0,7258.45,337.94,Yes,Debit Card,Paid,Returned
ORD104210,2025-05-21,CUST1268,smartphone,Furniture,South,Hyderabad,1,6804.73,6804.73,10.0,5276.5,364.05,No,Cash,Paid,Cancelled
ORD100843,2026-03-06,CUST1022,Microwave,Home Appliances,West,Ahmedabad,5,9557.55,47787.75,0.0,6245.02,252.69,No,Net Banking,Paid,Delivered
ORD101452,2025-02-26,CUST1366,Headphones,Electronics,Central,Bhopal,1,3885.89,3885.89,0.0,2605.8,289.69,No,Cash,Pending,Cancelled
ORD105851,2026-04-11,CUST1791,Laptop,Electronics,West,Ahmedabad,5,58285.61,291428.05,30.0,40553.24,460.27,No,Credit Card,Paid,Delivered
ORD101973,2025-02-24,CUST1056,Tablet,Electronics,West,Ahmedabad,2,24943.12,49886.24,30.0,21136.61,486.74,No,Cash,Paid,Delivered
ORD101788,2025-11-23,CUST1295,Smartphone,Furn,East,Patna,2,24467.73,48935.46,10.0,14723.56,437.69,No,Net Banking,Pending,Delivered
ORD102400,2025-04-22,CUST1212,Laptop,Electronics,North,Delhi,1,49191.89,49191.89,5.0,32997.17,129.53,No,Cash,Pending,Delivered
ORD102700,2026-01-20,CUST1373,Mixer,Home Appliances,North,Lucknow,5,4459.74,22298.7,10.0,3090.49,216.07,Yes,Net Banking,Paid,Returned
ORD100773,2025-09-10,CUST1122,Blender,Home Appliances,North,Jaipur,1,2612.09,2612.09,20.0,1730.11,495.85,No,Cash,Paid,Delivered
ORD104786,2025-01-14,CUST1148,Smartphone,Electronics,Central,Indore,1,27141.6,27141.6,0.0,16929.03,52.74,No,UPI,Pending,Delivered
ORD100790,2025-08-09,CUST1308,Smartwatch,Electronics,South,Hyderabad,2,6889.4,13778.8,15.0,5751.14,246.46,Yes,UPI,Paid,Returned
ORD102915,2025-07-02,CUST1351,Smartphone,Electronics,North,Lucknow,1,31309.08,31309.08,25.0,22905.21,325.04,No,Cash,Paid,Delivered
ORD104265,2025-12-06,CUST1678,Smartphone,Electronics,North,Jaipur,4,24064.74,96258.96,15.0,15668.92,177.05,No,Net Banking,Paid,Cancelled
ORD103349,2025-11-29,CUST1208,Coffee Maker,Home Appliances,West,Mumbai,5,6239.01,31195.05,25.0,4912.18,310.22,No,Cash,Paid,Cancelled
ORD105280,2025-02-07,CUST1448,Tablet,Electronics,Central,Indore,3,20233.19,60699.57,25.0,15346.97,55.97,No,Net Banking,Paid,Cancelled
ORD102121,2025-08-08,CUST1459,Mixer,Home Appliances,North,Lucknow,1,4353.52,4353.52,10.0,3657.65,199.92,No,Credit Card,Paid,Delivered
ORD101553,2025-01-14,CUST1371,Mixer,Home Appliances,Central,Indore,2,4623.17,9246.34,30.0,3163.58,482.51,No,Credit Card,Pending,Cancelled
ORD103134,2025-08-03,CUST1511,Smartphone,Electronics,North,Jaipur,1,32053.35,32053.35,0.0,27084.74,365.29,No,Net Banking,Paid,Delivered
ORD104846,2025-05-26,CUST1350,Headphones,Electronics,South,Hyderabad,4,2980.65,11922.6,0.0,1951.41,319.25,No,Debit Card,Pending,Delivered
ORD102878,2025-11-08,CUST1106,Laptop,Electronics,North,Lucknow,2,56338.71,112677.42,0.0,41079.44,475.39,Yes,UPI,Pending,Returned
ORD101819,2025-11-29,CUST1465,Headphones,Electronics,Central,Nagpur,1,3644.91,3644.91,20.0,2021.26,291.16,Yes,UPI,Pending,Returned
ORD102810,2025-01-25,CUST1025,Mixer,Furniture,East,Bhubaneswar,3,4167.25,12501.75,10.0,2693.19,unknown,No,UPI,Paid,Delivered
ORD100591,2026-01-29,CUST1339,Headphones,Electronics,East,Bhubaneswar,5,3096.39,15481.95,15.0,2264.88,325.01,No,Debit Card,Failed,Delivered
ORD104903,2025-05-13,CUST1512,Backpack,Accessories,North,Jaipur,3,1603.67,4811.01,20.0,1030.7,435.69,Yes,Cash,Paid,Returned
ORD105179,2025-05-18,CUST1660,Jacket,Fashion,North,Lucknow,2,4991.47,9982.94,0.0,2977.63,117.51,No,Debit Card,Pending,Delivered
ORD101044,2025-10-16,CUST1140,Blender,Home Appliances,Central,Nagpur,1,3120.67,3120.67,15.0,2017.38,341.66,No,Cash,Failed,Delivered
ORD104040,2025-07-16,CUST1481,Smartwatch,Electronics,North,Lucknow,4,6939.67,27758.68,5.0,3841.66,495.26,No,,Paid,Delivered
 ORD105544 ,2025-04-14,CUST1051,Tablet,Electronics,Central,Nagpur,5,20297.55,101487.75,30.0,15024.96,65.55,Yes,Net Banking,Failed,Returned
ORD104748,2025-10-17,CUST1564,Backpack,Accessories,West,Pune,3,2049.88,6149.64,0.0,1623.58,401.05,No,Net Banking, PAID ,Delivered
ORD105762,2026-01-12,CUST1745,Desk,Furniture,Central,Nagpur,1,10465.07,10465.07,0.0,5799.55,158.33,Yes,Net Banking,Failed,Returned
ORD105335,2025-01-30,CUST1435,Smartphone,Electronics,West,Pune,3,31897.68,95693.04,5.0,17623.74,437.81,No,Debit Card,Paid,Delivered
ORD100244,2026-07-15,,Jacket,Fashion,South,Bengaluru,2,4495.54,8991.08,25.0,3781.01,418.94,No,UPI,Paid,Delivered
ORD101387,2026-03-15,CUST1787,Backpack,Accessories,Central,Indore,5,1965.19,9825.95,,1241.51,433.41,No,Debit Card,Paid,Delivered
ORD102022,2025-11-03,CUST1480,Backpack,Accessories,Central,Nagpur,1,1644.98,1644.98,15.0,1136.62,51.42,Yes,Credit Card,Paid,Returned
ORD100059,2025-01-03,CUST1623,Smartwatch,Electronics,South,Hyderabad,2,6724.72,13449.44,5.0,5357.35,56.87,No,Debit Card,Pending,Delivered
ORD105341,2026-04-13,CUST1722,Smartwatch,Electronics,South,Chennai,1,6384.23,6384.23,25.0,5595.75,408.72,No,UPI,Paid,Delivered
ORD100176,2025-10-10,CUST1562,Coffee Maker,Home Appliances,East,Patna,1,6221.69,6221.69,20.0,4916.52,89.65,No,Debit Card,Pending,Cancelled
ORD100449,2026-06-16,CUST1411,Tablet,Electronics,South,Chennai,3,24367.83,73103.49,30.0,16646.85,147.99,No,UPI,Paid,Cancelled
ORD104081,2025-10-13,CUST1446,Laptop,Electronics,North,Jaipur,2,58070.17,116140.34,30.0,47421.92,425.05,Yes,UPI,Pending,Returned
ORD100055,2025-04-21,CUST1761,T-Shirt,Fashion,West,Ahmedabad,5,777.38,3886.9,25.0,553.93,191.23,No,Debit Card,Pending,Cancelled
ORD103457,2026-04-23,CUST1514,Smartphone,Electronics,West,Mumbai,2,31773.57,63547.14,15.0,22134.76,181.96,No,Cash,Paid,Cancelled
ORD102550,12/03/2025,CUST1092,Desk,Furniture,West,Ahmedabad,2,11379.68,22759.36,30.0,9165.26,456.23,No,UPI,Paid,Delivered
ORD105188,2025-08-19,CUST1779,Bookshelf,Furniture,West,Ahmedabad,2,5676.21,11352.42,30.0,4178.15,260.13,No,Cash,Paid,Delivered
ORD101768,2025-05-26,CUST1761,T-Shirt,Fashion,East,Bhubaneswar,1,882.01,882.01,5.0,742.19,82.06,No,Credit Card,Failed,Delivered
ORD101737,2025-10-08,CUST1290,Smartwatch,Electronics,West,Mumbai,2,7245.81,14491.62,10.0,4879.47,412.79,No,UPI,Paid,Cancelled
ORD103240,2025-09-04,CUST1424,Microwave,Home Appliances,South,Hyderabad,1,10973.69,10973.69,30.0,6320.75,234.93,Yes,Cash,Paid,Returned
ORD105305,2025-04-13,CUST1112,Tablet,Electronics,East,Patna,1,24665.61,24665.61,0.0,15926.25,471.27,No,Net Banking,Paid,Delivered
ORD104737,2025-05-11,CUST1627,Desk,Furniture,South,Hyderabad,1,13615.08,13615.08,5.0,11405.46,,No,Cash,Paid,Delivered
